"id_atividade","tipo","titulo","ano","veiculo","doi","peso"
"A32e009f5","PROJETO_PESQUISA","T3SH-City - Rumo a cidades verdadeiramente inteligentes, seguras, sustentáveis e saudáveis",2026,"Programa Regional do Centro (Centro 2030)",,1
"Aa2af2a93","PROJETO_PESQUISA","AquaClean Monitorização e remoção de disruptores endócrinos em águas superficiais",2024,"Fundação ?la Caixa?",,1
"A047d46d0","PROJETO_PESQUISA","Desenvolvimento de um sistema de baixo custo para desfluretação de água utilizando carvão ativado produzido a partir da borra de café",2019,,,1
"Aa7d3526a","PROJETO_PESQUISA","HYDROREUSE - Tratamento e reutilização de águas residuais agroindustriais utilizando um sistema hidropónico inovador com plantas de tomate",2016,,,1
"Aa89c7d86","PROJETO_PESQUISA","Avaliação de sistemas de tratamento de água em função de valores de turbidez na saída de Filtros Rápidos no Estado de Goiás",2014,"Fundação Nacional de Saúde - Presidência",,1
"A39e0919b","PROJETO_PESQUISA","Desenvolvimento de materiais eletródicos e membranas poliméricas para monitoramento e remediação de micropoluentes prioritários",2013,"Financiadora de Estudos e Projetos",,1
"A37e795cf","PROJETO_PESQUISA","GEOGREEN - Waste geopolymeric binder-based natural vegetated panels for energy-efficient building green roofs and facades",2011,"Fundação para a Ciência e a Tecnologia",,1
"A364879ea","PROJETO_PESQUISA","Treatment of cork processing wastewaters for potential reuse",2010,"Fundação para a Ciência e a Tecnologia",,1
"A6b5b5cbf","PROJETO_PESQUISA","Integrated characterization, valorization and treatment of wastewaters from agro-industries",2010,"CCDR Centro",,1
"A3fae5708","PROJETO_PESQUISA","EVAWET - Evaluation of the hydrodynamic and environmental behaviour of constructed wetlands for wastewater treatment and reuse",2007,"Fundação para a Ciência e a Tecnologia",,1
"Ab6348ab4","ARTIGO","Sustainable Use of Industrial Wastes for Soil Stabilization",2026,"Eng","10.3390/eng7010004",1
"A22d89ba8","ARTIGO","Valorization of industrial wastes as alternative liner materials: toxicity assessment",2026,"Journal of Material Cycles and Waste Management","10.1007/s10163-026-02518-2",1
"A47efd609","ARTIGO","Geomechanical and structural analysis of contaminated residual granitic soils with gasoline",2026,"Soils And Rocks","10.28927/sr.2026.009225",1
"A3c3b47ac","ARTIGO","An Exploratory GIS-Based Contribution to Geothermal Favourability Mapping in Hercynian Granite-Hosted Fractured Systems: Guarda District, Central Portugal",2026,"Geosciences","10.3390/geosciences16070264",1
"Ab0d014a9","ARTIGO","Optimising particle size in the accelerated carbonation of EAF slag for improved mechanical performance and CO- uptake",2026,"CONSTRUCTION AND BUILDING MATERIALS","10.1016/j.conbuildmat.2026.147112",1
"A8fba3c7b","ARTIGO","Machine Learning-Enabled Microalgae Bioprocess Optimization for Alternative Foods and Water Sustainability",2026,"CURRENT POLLUTION REPORTS (ONLINE)","10.1007/s40726-026-00413-w",1
"A36b3f9cc","ARTIGO","Wastewater treatment with geotextile filters: The role in permeability and pollutant control",2025,"Applied Sciences-Basel","10.3390/app15020626",1
"A0b2c4c48","ARTIGO","Impact of inoculum on domestic wastewater treatment in high-rate ponds in pilot-scale: Assessment of organic matter and nutrients removal, biomass growth, and content",2025,"Algal Research-Biomass Biofuels and Bioproducts","10.1016/j.algal.2025.103923",1
"Aa63a1a39","ARTIGO","Integrated Characterization Using SCPTu, CPTu, and Dynamic Penetration Tests for Geotechnical Sustainability",2025,"Inzynieria Mineralna-Journal Of The Polish Mineral Engineering Society","10.29227/im-2025-02-02-026",1
"A3d43ee32","ARTIGO","Waste Foundry Sand as an Alternative Material in Road Construction",2025,"Sustainability","10.3390/su17062370",1
"A016d9d64","ARTIGO","Integrating photobioreactors and constructed wetlands for paper pulp industry wastewater treatment: A nature-based system approach",2025,"JOURNAL OF WATER PROCESS ENGINEERING","10.1016/j.jwpe.2025.107237",1
"A0f8f6fd4","ARTIGO","Geoenvironmental Engineered Structures for Water Protection: Challenges and Perspectives for Sustainable Liners",2025,"Sustainability","10.3390/su17051850",1
"A25adf5f5","ARTIGO","Agro-Industrial Waste Upcycling into Activated Carbons: A Sustainable Approach for Dye Removal and Wastewater Treatment",2025,"Sustainability","10.3390/su17052036",1
"A6a522faf","ARTIGO","Assessment of per Capita Contribution to Fecal Sewage in Rural Residences of Quilombola Communities",2025,"Water","10.3390/w17091350",1
"A86efffa4","ARTIGO","Valorization of industrial wastes as alternative liner materials: A review",2025,"JOURNAL OF ENVIRONMENTAL MANAGEMENT","10.1016/j.jenvman.2025.126290",1
"A3fa4227f","ARTIGO","Effect of slow feeding and hydraulic retention time on algal-bacterial aerobic granular sludge for low-nitrogen pulp mill wastewater treatment",2025,"JOURNAL OF ENVIRONMENTAL CHEMICAL ENGINEERING","10.1016/j.jece.2025.118216",1
"A60f404db","ARTIGO","Assessment of the potential for using PET waste as geomaterials in soil micro-reinforcement",2025,"Geosystems and Geoenvironment","10.1016/j.geogeo.2025.100438",1
"A4f3e12a2","ARTIGO","Robust Ensemble-Based Model and Web Application for Nitrogen Content Prediction in Hydrochar from Sewage Sludge",2025,"Water","10.3390/w17243468",1
"A1cd9aee5","ARTIGO","Energy harvesting opportunities in geoenvironmental engineering",2024,"Energies","10.3390/en17010215",1
"A8d8bb4e6","ARTIGO","Delineation of potential groundwater zones and assessment of their vulnerability to pollution from cemeteries using GIS and AHP approaches based on the DRASTIC index and specific DRASTIC",2024,"Water","10.3390/w16040585",1
"Abfe55c06","ARTIGO","Effect of microalgae and bacteria inoculation on the startup of bioreactors for paper pulp wastewater and biofuel production",2024,"JOURNAL OF ENVIRONMENTAL MANAGEMENT","10.1016/j.jenvman.2024.121305",1
"A7b6293de","ARTIGO","Beneficial use of water treatment sludge with stabilizers for application in road pavements",2024,"Sustainability","10.3390/su16135333",1
"A3cfe0de2","ARTIGO","Water, sanitation, and hygiene (WASH) in schools: A catalyst for upholding human rights to water and sanitation in Anápolis, Brazil",2024,"Sustainability","10.3390/su16135361",1
"Aab27a30f","ARTIGO","The role of the microalgae-bacteria consortium in biomass formation and Its application in wastewater treatment systems: A comprehensive review",2024,"Applied Sciences-Basel","10.3390/app14146083",1
"A7a742b9c","ARTIGO","Towards sustainable water use in two university student residences: A case study",2024,"Applied Sciences-Basel","10.3390/app14177559",1
"A02b3177c","ARTIGO","Application of electrocoagulation for the removal of transition metals in water",2023,"Sustainability","10.3390/su15021492",1
"A89a85caf","ARTIGO","Groundwater vulnerability assessment to cemeteries pollution through GIS-based DRASTIC index",2023,"Water","10.3390/w15040812",1
"A3123fa8f","ARTIGO","Identification of homogeneous regions of specific minimum flows in the State of Goiás, Brazil",2023,"Journal Of Ecological Engineering","10.12911/22998993/161078",1
"A2d492020","ARTIGO","Promoting water efficiency in a municipal market building: A case study",2023,"Hydrology","10.3390/hydrology10030069",1
"Ab45fb3f1","ARTIGO","Influence of green roofs on the design of a public stormwater drainage system: A case study",2023,"Sustainability","10.3390/su15075762",1
"Ae4008dc7","ARTIGO","Technical and financial feasibility analysis of rainwater harvesting using conventional or green roofs in an industrial building",2023,"Sustainability","10.3390/su151612430",1
"A838c13b2","ARTIGO","Assessment of heavy metals bioaccumulation in Silver Birch (Betula pendula Roth) from an AMD active, abandoned gold mine waste",2023,"ENVIRONMENTAL GEOCHEMISTRY AND HEALTH","10.1007/s10653-023-01774-7",1
"Ab6ed13bc","ARTIGO","Comparison between regionalized minimum reference flow and on-site measurements in hydrographic basins of rural communities in the State of Goiás, Brazil",2022,"Water","10.3390/w14071016",1
"A2c3c6c01","ARTIGO","Optimization of Microalgae-Bacteria Consortium in the Treatment of Paper Pulp Wastewater",2022,"Applied Sciences-Basel","10.3390/app12125799",1
"A910fe2fc","ARTIGO","Economic Assessment of Energy Consumption in Wastewater Treatment Plants: Applicability of Alternative Nature-Based Technologies in Portugal",2022,"Water","10.3390/w14132042",1
"A9a99bb14","ARTIGO","DRASTIC index GIS-based vulnerability map for the Entre-os-Rios thermal aquifer",2022,"Water","10.3390/w14162448",1
"Ac857267c","ARTIGO","Mechanical and Chemical Behaviour of Water Treatment Sludge and Soft Soil Mixtures for Liner Production",2022,"The Open Civil Engineering Journal","10.2174/18741495-v16-e221115-2022-27",1
"A875b9c3b","ARTIGO","Application of Electrocoagulation with a New Steel-Swarf-Based Electrode for the Removal of Heavy Metals and Total Coliforms from Sanitary Landfill Leachate",2021,"Applied Sciences-Basel","10.3390/app11115009",1
"Aa613435f","ARTIGO","Geotechnical Characterization of Water Treatment Sludge for Liner Material Production and Soft Soil Reinforcement",2021,"MATERIALS SCIENCE FORUM (ONLINE)","10.4028/www.scientific.net/msf.1046.83",1
"A0309bf38","ARTIGO","Impact of Alum Water Treatment Residues on the Methanogenic Activity in the Digestion of Primary Domestic Wastewater Sludge",2021,"Sustainability","10.3390/su13168783",1
"Af2e33e9c","ARTIGO","Improving Water Efficiency in a Municipal Indoor Swimming-Pool Complex: A Case Study",2021,"Applied Sciences-Basel","10.3390/app112210530",1
"Aa98eb5c7","ARTIGO","Treatment of cork boiling wastewater using a horizontal subsurface flow constructed wetland combined with ozonation",2020,"CHEMOSPHERE","10.1016/j.chemosphere.2020.127598",1
"A8c32e255","ARTIGO","Oxygen Transfer Capacity as a Measure of Water Aeration by Floating Reed Plants: Initial Laboratory Studies",2020,"PROCESSES","10.3390/pr8101270",1
"Ad8a8cbd0","ARTIGO","Application of a voltammetric enzymatic biosensor based on crude extract of Marasmiellus colocasiae for the detection of phenolic compounds in drinking water",2020,"Revista Ambiente e Agua","10.4136/ambi-agua.2610",1
"A9cf9e56f","ARTIGO","Reuse of alum sludge for reducing flocculant addition in water treatment plants",2019,"Environment Protection Engineering","10.5277/epe190105",1
"A7c378ff8","ARTIGO","Treatment of slaughterhouse wastewater by acid precipitation (H2SO4, HCl and HNO3) and oxidation (Ca(ClO)-, H2O2 and CaO-)",2019,"JOURNAL OF ENVIRONMENTAL MANAGEMENT","10.1016/j.jenvman.2019.109558",1
"Ad832d699","ARTIGO","Heterocontrole da fluoretação da água de abastecimento público em cidades do estado de Goiás, Brasil",2018,"Ciência & Saúde Coletiva","10.1590/1413-812320182311.24712016",1
"A07e83ceb","ARTIGO","Removal of Cr, Cu and Zn from liquid effluents using the fine component of granitic residual soils",2018,"OPEN ENGINEERING","10.1515/eng-2018-0051",1
"A707ed59a","ARTIGO","Use of condensed water from air conditioning systems",2018,"OPEN ENGINEERING","10.1515/eng-2018-0031",1
"Aeca0be93","ARTIGO","Effectiveness and Temporal Variation of a Full-Scale Horizontal Constructed Wetland in Reducing Nitrogen and Phosphorus from Domestic Wastewater",2018,"ChemEngineering","10.3390/chemengineering2010003",1
"Ad713f27a","ARTIGO","Water treatment sludge as potential soil amendment for native plants of the Brazilian Cerrado",2018,"Environmental Engineering and Management Journal","10.30638/eemj.2018.116",1
"A6d640f07","ARTIGO","Investigation of lab-scale horizontal subsurface flow constructed wetlands treating industrial cork boiling wastewater",2018,"CHEMOSPHERE","10.1016/j.chemosphere.2018.05.123",1
"A8056994e","ARTIGO","Heavy Metals Removal from Reclaimed Water in a Laboratory Column Using a Granitic Residual Soil",2018,"Proceedings","10.3390/proceedings2201308",1
"Af89384b8","ARTIGO","Recycling of rainwater in a social and cultural center",2018,"Proceedings",,1
"A781f8743","ARTIGO","Modeling and mitigation of noise on the A23 motorway using GIS",2018,"Proceedings",,1
"A6381bede","ARTIGO","Seasonal variation of nutrient removal in a full-scale horizontal constructed wetland",2017,"ENERGY PROCEDIA","10.1016/j.egypro.2017.10.246",1
"A393a1cc4","ARTIGO","Heavy Metal Removal in a Detention Basin for Road Runoff",2016,"OPEN ENGINEERING","10.1515/eng-2016-0060",1
"Ab2f03acd","ARTIGO","Caracterização de solos residuais para infiltração de efluente de estação de tratamento de esgoto",2016,"ENGENHARIA SANITÁRIA E AMBIENTAL (ONLINE)","10.1590/s1413-41522016141677",1
"A005de816","ARTIGO","Multi-criteria analysis for site selection for the reuse of reclaimed water and biosolids",2015,"Revista Ambiente e Agua","10.4136/ambi-agua.1550",1
"A60c2cf3f","ARTIGO","Caracterização física do resíduo de uma estação de tratamento de água para sua utilização em materiais de construção",2015,"CERÂMICA","10.1590/0366-69132015613601931",1
"Afe354ebf","ARTIGO","Sugar and volatile fatty acids dynamic during anaerobic treatment of olive mill wastewater",2015,"ENVIRONMENTAL TECHNOLOGY","10.1080/09593330.2015.1096310",1
"A3fc2f179","ARTIGO","Soil-cement floor produced with alum water treatment residues.",2015,"WORD ACADEMY OF SCIENCE, ENGINEERING AND TECHONOLOGY","10.5281/zenodo.1126157",1
"Ad9f4b2f9","ARTIGO","A poly-ε-caprolactone based biofilm carrier for nitrate removal from water",2014,"INT J ENVIRON SCI TE","10.1007/s13762-013-0250-z",1
"A42b341c6","ARTIGO","The influence of evapotranspiration on vertical flow subsurface constructed wetland performance",2014,"Ecological Engineering","10.1016/j.ecoleng.2014.03.032",1
"Adfcd3d41","ARTIGO","Remoção de metais pesados por filtração reativa com resíduo de ETA",2014,"HYDRO (SÃO PAULO)",,1
"A9b6bf13d","ARTIGO","Caracterização de resíduo de ETA visando sua disposição na saída de Lagoas de Estabilização",2014,"Revista Monografias Ambientais (REMOA/UFSM)","10.5902/2236130812399",1
"Acf91ee83","ARTIGO","Biological and technical study of a partial-SHARON reactor at laboratory scale: effect of hydraulic retention time",2013,"Bioprocess and Biosystems Engineering (Print)","10.1007/s00449-012-0772-7",1
"Ab8d5e00c","ARTIGO","Effect of vegetation on the performance of horizontal subsurface flow constructed wetlands with lightweight expanded clay aggregates",2013,"INT J ENVIRON SCI TE","10.1007/s13762-012-0119-6",1
"Aee35e243","ARTIGO","Biodegradability enhancement and detoxification of cork processing wastewater molecular size fractions by ozone",2013,"Bioresource Technology","10.1016/j.biortech.2013.07.154",1
"Abcbe451a","ARTIGO","Toxicity reduction and biodegradability enhancement of cork processing wastewaters by ozonation",2013,"Water Science and Technology","10.2166/wst.2013.478",1
"A3a3a79bc","ARTIGO","Filtração em cerâmica microporosa aplicada à remoção de cor e turbidez de água para abastecimento público",2013,"ENGENHARIA AMBIENTAL (ONLINE)",,1
"A68666eee","ARTIGO","Influence of stormwater infiltration on the treatment capacity of a LECA-based horizontal subsurface flow constructed wetland",2012,"Ecological Engineering","10.1016/j.ecoleng.2011.11.009",1
"A85aed79f","ARTIGO","Nitrogen removal from landfill leachate in constructed wetlands with reed and willow: Redox potential in the root zone",2012,"Journal of Environmental Management","10.1016/j.jenvman.2011.11.014",1
"A18c55f9c","ARTIGO","Potential for reuse of tungsten mining waste-rock in technical-artistic value added products",2012,"Journal of Cleaner Production","10.1016/j.jclepro.2011.11.064",1
"A22f8d702","ARTIGO","The influence of plants on nitrogen removal from landfill leachate in discontinuous batch shallow constructed wetland with recirculating subsurface horizontal flow",2012,"Ecological Engineering","10.1016/j.ecoleng.2011.12.011",1
"A289af661","ARTIGO","Spatial Variation of Longitudinal Dispersion in LECA-Based Vegetated Beds",2012,"Defect and Diffusion Forum","10.4028/www.scientific.net/ddf.326-328.279",1
"A937d2995","ARTIGO","Effect of immersion in water partially alkali-activated materials obtained of tungsten mine waste mud",2012,"Construction & Building Materials","10.1016/j.conbuildmat.2012.02.069",1
"Af002e544","ARTIGO","Effect of aeration on steady-state conditions in non- and partially aerated low-loaded biofilter",2012,"INT J ENVIRON SCI TE","10.1007/s13762-012-0073-3",1
"A80b23962","ARTIGO","Mineral Waste Geopolymeric Artificial Aggregates as Alternative Materials for Wastewater-Treatment Processes: Study of Structural Stability and pH Variation in Water",2012,"Journal of Materials in Civil Engineering","10.1061/(asce)mt.1943-5533.0000429",1
"A3db4a3d4","ARTIGO","Impact of aeration conditions on the removal of low concentrations of nitrogen in a tertiary partially aerated biological filter",2012,"Ecological Engineering","10.1016/j.ecoleng.2012.03.006",1
"A5d9c07ef","ARTIGO","Estudo da influência da temperatura da água bruta na eficiência do coagulante químico",2012,"SODEBRÁS",,1
"Abe75135a","ARTIGO","Application of GIS-based multi-criteria analysis for site selection of aquifer recharge with reclaimed water",2011,"Resources, Conservation and Recycling","10.1016/j.resconrec.2011.08.003",1
"Aab7a2e6c","ARTIGO","Analysis of the reclamation treatment capability of a constructed wetland for reuse",2011,"WATER PRACTICE AND TECHNOLOGY","10.2166/wpt.2011.050",1
"A6690d3c1","ARTIGO","Water reuse projects - technical and economic sustainability",2011,"E-WATER",,1
"A134e2f47","ARTIGO","Evaluation of the effectiveness of horizontal subsurface flow constructed wetlands for different media",2010,"Journal of Environmental Sciences (China)","10.1016/s1001-0742(09)60183-2",1
"A52525c45","ARTIGO","Analysis of constructed wetland performance for irrigation reuse",2010,"Water Science and Technology","10.2166/wst.2010.063",1
"Af343416e","ARTIGO","Recycling pulp mill sludge to improve soil fertility using GIS tools",2010,"Resources, Conservation and Recycling","10.1016/j.resconrec.2010.05.009",1
"A75146427","ARTIGO","Evaluation of the Stability of Waste-Based Geopolymeric Artificial Aggregates for Wastewater Treatment Processes under Different Curing Conditions",2010,"Advances in Science and Technology (Online)","10.4028/www.scientific.net/ast.69.86",1
"A7db2b507","ARTIGO","Study of the structural stability, pH variation in water and influence of the curing conditions on mechanical resistance of mineral wastes geopolymeric artificial aggregates (WGA) as alternative materials for wastewater treatment processes",2010,"Journal of Architecture, Civil Engineering and Environment",,1
"A219f8e2f","ARTIGO","Evaluation of the stability of waste-based geopolymeric artificial aggregates for wastewater treatment processes under different curing conditions.",2010,"Advances In Science And Technology-Research Journal","10.4028/www.scientific.net/ast.69.860",1
"A2823546a","ARTIGO","Influence of bed media characteristics on ammonia and nitrate removal in shallow horizontal subsurface flow constructed wetlands",2009,"BIORESOURCE TECHNOLOGY","10.1016/j.biortech.2009.07.016",1
"A0deece37","ARTIGO","Removal of organic matter and nitrogen in an horizontal subsurface flow (HSSF) constructed wetland under transient loads",2009,"WATER SCIENCE AND TECHNOLOGY","10.2166/wst.2009.548",1
"Ade21b618","ARTIGO","Simultaneous removal of organic and solid matter and nitrogen in a SSHF constructed wetland in temperate Mediterranean climate",2008,"KKU Research Journal",,1
"Ad0451eba","ARTIGO","Longitudinal dispersion in a horizontal subsurface flow constructed wetland: a numerical solution",2008,"ANZIAM Journal","10.21914/anziamj.v50i0.1367",1
"A5f52a695","LIVRO","Tratamento de águas residuais ? Operações e processos de tratamento físico e químico",2017,"ERSAR",,1
"A3c25ef7e","LIVRO","Reutilização de águas residuais",2010,"ERSAR",,1
"A7443cb1d","LIVRO","Normalização técnica",1995,"LNEC-DGA",,1
"A997dce66","LIVRO","Chemical Characterization of Industrial By-Products: Sustainable Liners for Waste Containment Systems",2026,"Springer Nature Switzerland",,1
"A09858c2e","LIVRO","Almond and Walnut Shells as Sustainable Soil Amendments: Physical and Mechanical Insights for Geotechnical Applications",2026,"Springer Nature Switzerland",,1
"A173fd22a","LIVRO","Geotechnical Characterization of Vegetal Biomass Ashes Based Materials for Liner Production",2023,"Springer Nature Switzerland",,1
"A24704df8","LIVRO","Physical Methods and Scanning Electron Microscopy for Evaluation of Bioclogging in Geotextiles",2023,,,1
"A815978eb","LIVRO","Water Treatment Sludge as Geotechnical Liner Material: State-of-Art",2023,,,1
"A7cba82e4","LIVRO","Geotechnical Characterization Methodology of Water Treatment Sludge for Production of Liner Material",2023,"Springer Nature Singapore",,1
"A9929c3ba","LIVRO","Avaliação do potencial de utilização de resíduo de ETA como impermeabilizante de obras de terra para a contenção de resíduo",2021,"Editora Atena",,1
"Ad12ed5dd","LIVRO","Ambiente e recursos naturais",2019,"Ordem dos Engenheiros de Portugal",,1
"Af1b5cf55","LIVRO","Cork boiling wastewater treatment in pilot constructed wetlands.",2018,"John Wiley & Sons Ltd",,1
"Af613eb16","LIVRO","Hydroponic system: a promising biotechnology for food production and wastewater treatment",2017,"Academic Press",,1
"A85e01050","LIVRO","Technological concept of constructed wetlands for landfill leachate treatment (Koncepcja technologiczna hydrofitowej oczyszczalni odcieków skladowiskowych)",2015,"Poznań-Kołobrzeg",,1
"Ae41634b9","LIVRO","Urban water reuse in tourism area",2015,"CRC Press",,1
"A677ec223","LIVRO","The influence of evapotranspiration on wastewater constructed wetland treatment efficiency",2013,"Nova Science Publishers",,1
"A4319146d","LIVRO","Evaluation of the simultaneous removal of organic matter, nitrogen and suspended solids in a SSHF constructed wetland in Capinha, Portugal",2008,"Society of Environmental Science",,1
"A8e87338f","LIVRO","Analysis of hydrodynamic characteristics of a horizontal subsurface flow constructed wetland",2007,"Instituto Geologico Y Minero de Espana",,1
"Ad8bc82a7","TEXTO_JORNAL","Engenharia e sustentabilidade na gestão eficiente de recursos",2017,"Ingenium",,1
"A01aec4f0","TEXTO_JORNAL","A Internet das coisas e a Engenharia do Ambiente ? desafios e tendências para a profissão",2016,"Ingenium",,1
"Ad3483f2e","CONGRESSO_COMPLETO","Granitic Mining Waste Feasibility for Liner Material Production",2022,"The 7th World Congress on Civil, Structural, and Environmental Engineering",,1
"Afc69838b","CONGRESSO_COMPLETO","Diagnosis and assessment of the management of sanitary landfill leachates in Portugal",2017,"The 4th Edition of the International Conference Wastes: Solutions, Treatments and Opportunities",,1
"Aa210b5b7","CONGRESSO_COMPLETO","Chlorella vulgaris: biomass production and characterization.",2016,"1st Symposium of the FibEnTech, 28 a 29 de janeiro de 2016",,1
"A6c5470e9","CONGRESSO_COMPLETO","Phosphorus removal from domestic wastewater in horizontal subsurface flow constructed wetland with Phragmites australis.",2016,"1st Symposium of the FibEnTech, 28 a 29 de janeiro de 2016",,1
"A3ac3d614","CONGRESSO_COMPLETO","Use of atmospheric CO2 for treatment of paper industry effluents.",2016,"1st Symposium of the FibEnTech, 28 a 29 de janeiro de 2016",,1
"A6a1ecd73","CONGRESSO_COMPLETO","Characterization of residual soil used for infiltration of reclaimed water.",2016,"1st Symposium of the FibEnTech, 28 a 29 de janeiro de 2016",,1
"A2710b5ef","CONGRESSO_COMPLETO","La fluoración del agua en ciudades del Centro-Oeste de Brasil.",2015,"International Conference on Engineering (ICEUBI 2015), 2 a 4 de dezembro de 2015",,1
"A870a3f71","CONGRESSO_COMPLETO","Heavy metal removal in a detention basin for road runoff",2015,"International Conference on Engineering (ICEUBI 2015), 2 a 4 de dezembro de 2015",,1
"A4b651437","CONGRESSO_COMPLETO","Identificação e caracterização das bacias de captação superficial de água para abastecimento quanto a presença de disposição final de resíduos sólidos",2015,"International Conference on Engineering (ICEUBI 2015), 2 a 4 de dezembro de 2015",,1
"A54ffddf4","CONGRESSO_COMPLETO","Soil-cement floor produced with porcelain residues and water treatment residues",2015,"IX Jornadas Técnicas Internacionais de Resíduos, 16 a 18 de setembro de 2015",,1
"A13366990","CONGRESSO_COMPLETO","Avaliação da vunerabilidade das bacias de captação devido a presença de lixões no Estado de Goiás (Brasil)",2015,"IX Jornadas Técnicas Internacionais de Resíduos, 16 a 18 de setembro de 2015",,1
"A5f5bb20c","CONGRESSO_COMPLETO","Reuse of porcelain tile polishing residues for heavy metal removal",2015,"IX Jornadas Técnicas Internacionais de Resíduos, 16 a 18 de setembro de 2015",,1
"A9dfac975","CONGRESSO_COMPLETO","A lab-scale Constructed Wetland for wastewater treatment of the cork processing industry",2015,"6th International Symposium on Wetland Pollutant Dynamics and Control (WETPOL), U. Cranfield, 13 a 18 de setembro de 2015",,1
"A9832e834","CONGRESSO_COMPLETO","An experimental setup for energy efficiency evaluation of microbial fuel cells",2015,"2015 IEEE International Conference on Industrial Technology (ICIT)",,1
"A47ee378b","CONGRESSO_COMPLETO","Use of alum water treatment residues for the production of soil?cement bricks",2015,"Annual Conference & Exposition 2015, AWWA, 7 a 10 de junho de 2015",,1
"A30c9994c","CONGRESSO_COMPLETO","Produção de reboco com utilização de resíduo de estação de tratamento de água",2014,"XXXIV Congreso Interamericano de Ingeníeria Sanitaria y Ambiental, 2 a 6 de setembro de 2014",,1
"A1a68823b","CONGRESSO_COMPLETO","GIS-based site selection for agriculture irrigation with reclaimed water",2014,"11th International Conference on Hydroinformatics (HIC2014), 17 a 21 de agosto de 2014",,1
"A3e7d1c3a","CONGRESSO_COMPLETO","Classification and physico-chemical analysis of mortar residue and soil for manufacture of building materials",2014,"International Congress on Water, Waste and Energy Management, 16 a 18 de julho de 2014",,1
"Aed4845a6","CONGRESSO_COMPLETO","Application of water treatment sludge for producing concrete floor",2014,"International Congress on Water, Waste and Energy Management, 16 a 18 de julho de 2014",,1
"A22535f10","CONGRESSO_COMPLETO","Production of soil-cement bricks using water treatment residues.",2014,"International Congress on Water, Waste and Energy Management, 16 a 18 de julho de 2014",,1
"A952ec9cc","CONGRESSO_COMPLETO","A distributed sensor network powered by energy harvesting technologies for water quality monitoring",2014,"International Congress on Water, Waste and Energy Management, 16 a 18 de julho de 2014",,1
"A08c13716","CONGRESSO_COMPLETO","Caracterização do resíduo gerado em uma estação de tratamento de água na cidade de Goiânia, Brasil.",2013,"International Conference on Engineering (ICEUBI 2013), 27 a 29 de novembro 2013",,1
"A32a62aac","CONGRESSO_COMPLETO","Water treatment sludge for post-treatment of effluents from stabilization pond",2013,"10th IWA Specialist Ponds Conference, 19 a 22 de agosto de 2013",,1
"A4a640752","CONGRESSO_COMPLETO","Variação do volume de lodo de ETA acumulado no fundo da lagoa facultativa da ETE de Piracanjuba (Goiânia, Brasil)",2013,"3rd Latin American Ponds Conference, 19 a 22 de agosto de 2013",,1
"A908579c2","CONGRESSO_COMPLETO","Reutilização de lamas de ETA para a remoção de metais pesados em sistemas de filtração",2013,"8ª Jornadas Internacionais de Residuos, 16 a 18 de julho de 2013",,1
"Ad457413c","CONGRESSO_COMPLETO","Caracterização de resíduos esgotados de fossas no Município de Itumbiara no interior de Goiás-Brasil",2013,"8ª Jornadas Internacionais de Residuos, 16 a 18 de julho de 2013",,1
"A9e237757","CONGRESSO_COMPLETO","Treatment of cork processing industrial effluent with an innovative system of constructed wetland and ozonation",2012,"Symposium on Sustainable Processes and Materials, 6 a 7 de dezembro de 2012",,1
"A932ebceb","CONGRESSO_COMPLETO","The influence of evapotranspiration on wastewater constructed wetland treatment efficiency",2012,"Eco-Tech conference, 26 a 28 de novembro de 2012",,1
"A25b65b3d","CONGRESSO_COMPLETO","Use of water treatment sludge for the production of tree seedlings with occurrence in the Cerrado biome",2012,"4th Internatíonal Conterence on Engineering for Waste and Biomass Valorisatíon, 10 a 13 de setembro de 2012",,1
"Aea0563f4","CONGRESSO_COMPLETO","Use of water treatment plant sludge for the removal of total phosphorous, nitrate, turbidity and color of effluents from stabilization ponds",2012,"International AFRICA Sustainable Waste Management Conference (Beacon Conference)",,1
"A392a81ff","CONGRESSO_COMPLETO","Use of GIS tools for site selection for integrated reclaimed water and biosolids reuse",2012,"International AFRICA Sustainable Waste Management Conference (Beacon Conference),",,1
"Ad6319eba","CONGRESSO_COMPLETO","Certificação ambiental de laboratórios de pesquisa e ensino no quesito de geração de resíduos",2012,"International AFRICA Sustainable Waste Management Conference (Beacon Conference)",,1
"Abb42518e","CONGRESSO_COMPLETO","Performance of a microporous ceramic filtre for slow filtration",2012,"9th International Symposium of Sanitary and Environmental Engineering (SIDISA 2012), 26 a 29 de junho de 2012,",,1
"A6a93ef49","CONGRESSO_COMPLETO","Heavy metals removal using water treatment sludge",2012,"9th International Symposium of Sanitary and Environmental Engineering (SIDISA 2012), 26 a 29 de junho de 2012,",,1
"A4f092f4e","PATENTE","Conjunto acoplável de peças modulares para execução de superfícies ajardinadas",2011,"INPI - Instituto Nacional da Propriedade Industrial",,1
"Aeb9dbc64","PATENTE","Tratamento para afinação de águas residuais pré-tratadas da indústria do queijo em zonas húmidas artificiais plantadas com Vetiveria zizanioides",2015,"INPI - Instituto Nacional da Propriedade Industrial",,1
"Ac12cbf0b","ORIENTACAO_DOUTORADO","Evaluation of wastewater induced bioclogging in geotextiles",2020,"Universidade da Beira Interior",,1
"A86766b30","ORIENTACAO_DOUTORADO","Valorisation of industrial wastes for reinforcing soft soils",2020,"Universidade da Beira Interior",,1
"A6d1214bd","ORIENTACAO_DOUTORADO","Valorisation of industrial wastes for producing liner materials for waterproofing earthworks",2019,"Universidade da Beira Interior",,1
"A4ffbd9dc","ORIENTACAO_DOUTORADO","Estudo da influência das características hidráulicas do escoamento na eficiência de leitos de macrófitas de escoamento subsuperficial e horizontal,",2017,"Universidade da Beira Interior",,1
"A7f576f9b","ORIENTACAO_DOUTORADO","Desenvolvimento de um modelo para a caraterização da permeabilidade em solos residuais",2017,"Universidade da Beira Interior",,1
"Ad2a3b3ab","ORIENTACAO_POS_DOC","Orientacao de Sanderson Alberto Medeiros Leitão",2021,,,1
"A29bab555","ORIENTACAO_POS_DOC","Orientacao de Flora Cristina Meireles Silva",2021,,,1
"A4f903c6a","ORIENTACAO_MESTRADO","Avaliação do potencial de reutilização de ?Água+? na Piscina Municipal Carlos Manafaia (Sines)",2023,"Universidade da Beira Interior",,1
"Af32f5271","ORIENTACAO_MESTRADO","Avaliação do potencial de aproveitamento de águas pluviais na residência sénior Senhora do Carmo (Covilhã)",2022,"Universidade da Beira Interior",,1
"A6a5953ed","ORIENTACAO_MESTRADO","Estudo de viabilidade de eficiência hídrica no Centro Escolar de Santa Maria da Cidade de Bragança",2019,"Instituto Politécnico de Bragança",,1
"A87232c94","ORIENTACAO_MESTRADO","Avaliação do potencial de sementes de moringa para a remoção de cobre e zinco em águas",2017,"Universidade da Beira Interior",,1
"A38b6d4bd","ORIENTACAO_MESTRADO","Utilização de resíduo de polimento de porcelanato para a remoção de chumbo, crómio e níquel de efluentes líquidos",2017,"Universidade da Beira Interior",,1
"Ab58a7fe1","ORIENTACAO_MESTRADO","Avaliação do potencial de eficiência hídrica num edifício público da cidade de Bragança: o caso do Centro Escolar da Sé",2017,"Instituto Politécnico de Bragança",,1
"Ad9420d19","ORIENTACAO_MESTRADO","Avaliação do uso de resíduo de estação de tratamento de água na produção de espécies vegetais com ocorrência no Cerrado",2015,"Universidade Federal de Goiás",,1
"A700ce2e7","ORIENTACAO_MESTRADO","Estudo da reutilização de lamas celulósicas em actividades agrícolas no perímetro de regadio da Cova da Beira (bloco Covilhã) com recurso a Sistemas de Informação Geográfica",2008,"Universidade da Beira Interior",,1
"A523bf12f","ORIENTACAO_MESTRADO","Estudo da influência do material de enchimento na remoção de matéria orgânica, azoto e sólidos em leito de macrófitas do tipo ESSH",2008,"Universidade Nova de Lisboa",,1
"Afddc8638","ORIENTACAO_MESTRADO","Determinação da aptidão do uso do solo para os baldios da Serra da Gardunha com recurso à utilização de um Sistema de Informação Geográfica",2007,"Universidade da Beira Interior",,1
"Abf2d52b4","ORIENTACAO_MESTRADO","Estudo do funcionamento hidráulico-sanitário de uma bacia de tratamento da auto-estrada A23",2006,"Universidade da Beira Interior",,1
"Ab627e348","ORIENTACAO_DOUTORADO","Use of the microalgae-bacteria consortium in photobioreactors for the treatment of wastewater from the paper pulp industry",2026,"Universidade da Beira Interior",,1
"A357a5812","ORIENTACAO_DOUTORADO","Effects of vegetation, seasonality, organic and nitrogen loading rates in the performance of horizontal subsurface constructed wetlands",2016,"Universidade Nova de Lisboa",,1
"A89aa66c8","ORIENTACAO_DOUTORADO","Avaliação da capacidade reativa de solos residuais destinados à infiltração de águas residuais tratadas",2015,"Universidade da Beira Interior",,1
"A1aacb4d3","ORIENTACAO_DOUTORADO","Desenvolvimento de agregados artificiais por ativação alcalina de lamas residuais para utilização no tratamento de águas residuais",2013,"Universidade da Beira Interior",,1
"A40c35489","ORIENTACAO_POS_DOC","Orientacao de Luiz Roberto Santos Moraes",2019,,,1
"A08191d2d","ORIENTACAO_POS_DOC","Orientacao de Luís Quinta-Nova",2015,,,1
"A71dc1297","ORIENTACAO_POS_DOC","Orientacao de Andrzej Bialowiec",2010,,,1
"Ab4fe26ac","PROJETO_PESQUISA","ESTUDO DO MICROPLÁSTICO COMO AGENTE DE MOBILIDADE DE POLUENTES EM MEIO LÍQUIDO",2023,"Fundação de Amparo a Pesquisa do Estado de Goiás",,1
"A73d4ef1a","PROJETO_PESQUISA","FOTOCATÁLISE COM TIO2 E H2O2 VISANDO A REMOÇÃO DE COMPOSTOS FARMACOLÓGICOS A PARTIR DE ESGOTOS SANITÁRIOS",2013,"Fundação de Amparo a Pesquisa do Estado de Goiás",,1
"Afa1f143a","PROJETO_PESQUISA","AVALIAÇÃO DA FOTÓLISE DO PERÓXIDO DE HIDROGÊNIO COMO PÓS-TRATAMENTO DE EFLUENTE DE UM REATOR ANAERÓBIO DE LEITO FLUIDIFICADO VISANDO A REMOÇÃO DE COMPOSTOS FARMACOLÓGICOS",2013,"Conselho Nacional de Desenvolvimento Científico e Tecnológico",,1
"A1e927422","PROJETO_PESQUISA","Desenvolvimento de processos físico-químicos e biológicos visando o tratamento de águas residuárias de origem industrial",2009,"Fundação de Amparo à Pesquisa do Estado de São Paulo",,1
"A2bb61e05","PROJETO_PESQUISA","Aquisição de material permanente para o laboratório de tratamento de efluentes",2008,"Fundação para o Desenvolvimento da UNESP",,1
"A97c3b58e","PROJETO_PESQUISA","Análise de poluentes atmosfericos",2006,"Fundação de Apoio ao Ensino, Pesquisa e",,1
"Ab5a85779","PROJETO_PESQUISA","Apoio à aquisição de reagentes e equipamentos para atividades de trabalho de graduação e aprimoramento de ensino",2005,"Fundação de Apoio ao Ensino, Pesquisa e",,1
"A07acf1ec","PROJETO_EXTENSAO","Aprimoramento da abordagem sobre aspectos ambientais por meio do treinamento de professores do ensino fundamental da rede pública",2008,"Fundação para o Desenvolvimento da UNESP",,1
"Ab1f73da5","ARTIGO","Microplastic as a Vector of Metformin: Influence of Aging on Adsorption and Desorption Properties",2026,"Environmental Quality Management","10.1002/tqem.70374",1
"A0cf9b534","ARTIGO","UTILIZATION OF THERMALLY MODIFIED WATER TREATMENT PLANT SLUDGE AS ADSORBENT FOR FLUORIDE REMOVA",2026,"Environmental Quality Management","10.1002//tqem.70381",1
"Abea0f77c","ARTIGO","Interaction of Microplastics with Emerging Organic Pollutants: A Study on Atrazine Adsorption and Phytotoxicity",2025,"Toxics","10.3390/toxics13040257",1
"Ab741ea14","ARTIGO","Advanced Oxidation Process UV/H₂O₂ Applied to the Treatment of Synthetic Industrial Effluent Containing Different Organic Dyes",2025,"RGSA (ANPAD)","10.24857/rgsa.v19n4-092",1
"Ab15ac222","ARTIGO","Tratamento de efluente de abatedouro de bovinos por coagulação com sulfato de alumínio em reator de bateladas",2025,"CADERNO PEDAGÓGICO (LAJEADO. ONLINE)","10.54033/cadpedv22n7-199",1
"A0be799d3","ARTIGO","REMOÇÃO DE MICROPLÁSTICOS DE POLIETILENO POR COAGULAÇÃO QUÍMICA: CONTRIBUIÇÕES PARA O CONTROLE DA POLUIÇÃO AMBIENTAL",2025,"ARACÊ - DIREITOS HUMANOS EM REVISTA","10.56238/arev7n7-055",1
"A636e8914","ARTIGO","Acumulo de lodo em lagoa anaeróbia primaria tratando esgoto sanitário",2025,"CADERNO PEDAGÓGICO (LAJEADO. ONLINE)","10.54033/cadpedv22n9-077",1
"A64c1ec29","ARTIGO","Removal of ibuprofen in aqueous medium by adsorption in biochar produced from coffee grounds and activated with hydrogen peroxide",2025,"CONTRIBUCIONES A LAS CIENCIAS SOCIALES","10.55905/revconv.18n.7-141",1
"A7a97e98d","ARTIGO","Removal of anionic surfactant in a sequential batch fluidized bed biological reactor filled with polymeric hydrochar",2025,"ENGENHARIA SANITÁRIA E AMBIENTAL (ONLINE)","10.1590/s1413-415220240097",1
"A3ce7406f","ARTIGO","Remoção do microplástico por meio de flotação por ar dissolvido",2025,"CADERNO PEDAGÓGICO (LAJEADO. ONLINE)","10.54033/cadpedv22n11-089",1
"A200a1aa4","ARTIGO","Study of the Effect of the Surfactant Linear Alkylbenzene Sulfonate (LAS) on the Coagulation of Aged Microplastic",2024,"RGSA (ANPAD)","10.24857/rgsa.v18n8-033",1
"A707ba2d2","ARTIGO","Effects of Linear Alkylbenzene Sulfonate and Polyoxyethylene Sorbitan Monolaurate Surfactants on Pristine and Aged Microplastic Removal by Electrocoagulation",2024,"Journal Of Ecological Engineering","10.12911/22998993/186868",1
"A73c69453","ARTIGO","REMOVAL OF LINEAR ALKYLBENZENE SULFONATE BY ELECTROCOAGULATION/FLOTATION USING A CYLINDRICAL VERTICAL REACTOR",2024,"DESALINATION AND WATER TREATMENT (ONLINE)","10.1016/j.dwt.2024.100592",1
"A5fb6a68b","ARTIGO","OPTIMIZATION OF ACTIVATION BY PEROXIDATION AND PHOTO-ASSISTED PEROXIDATION OF BIOCHAR PRODUCED FROM SEWAGE SLUDGE",2024,"DESALINATION AND WATER TREATMENT (ONLINE)","10.1016/j.dwt.2024.100650",1
"Aff1795ad","ARTIGO","Removal of Microplastic From Liquid Medium By Dissolved Air Flotation",2024,"RGSA (ANPAD)","10.24857/rgsa.v18n10-151",1
"A5e6f8851","ARTIGO","Remoção de dureza total de água subterrânea por meio de um reator de resina de troca catiônica fluidizada",2024,"OBSERVATORIO DE LA ECONOMÍA LATINOAMERICANA","10.55905/oelv22n10-061",1
"Aee4cdec7","ARTIGO","Construction and evaluation of electrophotocataltic tubular reactor in phenol degradation",2024,"CUADERNOS DE EDUCACIÓN Y DESARROLLO","10.55905/cuadv16n10-120",1
"A51ab5cee","ARTIGO","Fluoride Adsorption by Coffee-Ground Biochar Functionalized with Hydrogen Peroxide",2024,"Journal Of Ecological Engineering","10.12911/22998993/194494",1
"Adab82a2c","ARTIGO","Action of Low-Density Polyethylene Microspheres in the Transport of Metformin Hydrochloride in Aqueous Medium Through Adsorption and Desorption",2024,"Water","10.3390/w16223332",1
"Aedf77cb3","ARTIGO","Effect of Tween 20 and linear alkylbenzene sulfonate on microplastic coagulation",2023,"Desalination and Water Treatment","10.5004/dwt.2023.29444",1
"Ab16a41df","ARTIGO","Treatment of Synthetic Industrial Effluent Aiming at the Removal of Glyphosate by Means of Advanced Oxidation",2023,"RGSA (ANPAD)","10.24857/rgsa.v17n3-026",1
"A1246819a","ARTIGO","TRATAMENTO DE EFLUENTE FARMACÊUTICO POR MEIO DE PROCESSO ANAERÓBIO E PROCESSOS OXIDATIVOS AVANÇADOS EM REATOR DE LEITO FLUIDIZADO",2023,"CUADERNOS DE EDUCACIÓN Y DESARROLLO","10.55905/cuadv15n5-020",1
"A4a202674","ARTIGO","Desempenho de um reator Aeróbio Anóxico operado em batelada sequencial para o tratamento de efluentes de indústria farmacêutica",2023,"CUADERNOS DE EDUCACIÓN Y DESARROLLO","10.55905/cuadv15n4-004",1
"A86d03ac5","ARTIGO","Analysis of the Efficiency of the Electrocoagulation Process in the Removal of Microplastics",2023,"RGSA (ANPAD)","10.24857/rgsa.v17n3-027",1
"A7322b4ed","ARTIGO","Fluoride Removal from Aqueous Medium Using Biochar Produced from Coffee Ground",2023,"RESOURCES","10.3390/ resources12070084",1
"Af5d8e16f","ARTIGO","Aplicação de biocarvões para remoção de ibuprofeno por adsorção: Tendências na produção, condições operacionais e mecanismos",2023,"FÓRUM AMBIENTAL DA ALTA PAULISTA","10.17271/1980082719420233650",1
"A56fd6976","ARTIGO","Chemical Coagulation Applied for the Removal of Polyethylene and Expanded Polystyrene Microplastics",2023,"Journal Of Ecological Engineering","10.12911/22998993/171525",1
"A2b017bcf","ARTIGO","Seleção de Tecnologias de Tratamento de Esgoto Utilizando Análise Multicritério",2023,"FÓRUM AMBIENTAL DA ALTA PAULISTA","10.17271/1980082719620233784",1
"Ae55f0bf7","ARTIGO","Anaerobic Fluidized Bed Reactor for the Treatment of Tannery Wastewater Using Crushed Tire Scraps as Support Material",2023,"RGSA (ANPAD)","10.24857/rgsa.v17n8-022",1
"A1ea97203","ARTIGO","Effect of H3PO4 oxidation of corn cob biochar on the absorption of a commercial glyphosate formulation",2022,"Desalination and Water Treatment","10.5004/dwt.2022.28801",1
"Aa9fde58e","ARTIGO","Avaliação da recuperação de áreas degradadas por exploração de cascalho laterítico por meio da incorporação de lodo de esgoto. Estudo de caso no Distrito Federal",2022,"Brazilian Journal of Animal and Environmental Research","10.34188/bjaerv5n3-030",1
"A37f23d15","ARTIGO","Linear Alkylbenzene Sulfonate Removal By Oxidative Ozonation Coupled With Uv/H2O2 Oxida- tive Process",2022,"European Journal of Engineering and Technology Research","10.24018/ejeng.2022.7.5.2876",1
"A9628523e","ARTIGO","Effect of linear alkylbenzene sulfonate (LAS) on the coagulation of ZnO nanoparticles in aqueous matrix",2022,"Desalination and Water Treatment","10.5004/dwt.2022.28123",1
"A134fb206","ARTIGO","Influência do encapsulamento do biocarvão ativado produzido a partir de casca de banana com alginato de sódio para remoção de fósforo em meio aquoso",2022,"Boletin do Observatório Ambiental Alberto Ribeiro Lamego","10.19180/2177-4560.v16n22022p120-139",1
"Adfd5bbd0","ARTIGO","Reaproveitamento de sabugo de milho para potencial remoção de formulação comercial de glifosato em fase aquosa pela técnica de adsorção",2021,"ENGENHARIA SANITÁRIA E AMBIENTAL (ONLINE)","10.1590/s1413-415220200088",1
"Afaaa8b71","ARTIGO","Biocarvão ativado produzido a partir de lodo anaeróbio de estação de tratamento de efluentes para remoção do corante tartrazina",2021,"Materia-Rio de Janeiro","10.1590/s1517-707620210004.1309",1
"Adcd0e4fe","ARTIGO","Influência da pré-cloração na clarificação de águas para abastecimento utilizando coagulante à base de tanino",2021,"ENGENHARIA SANITÁRIA E AMBIENTAL (ONLINE)","10.1590/s1413-415220190391",1
"A21ab43b3","ARTIGO","Avaliação da recuperação de áreas degradadas por exploração de cascalho laterítico por meio da incorporação de lodo de esgoto. Estudo de caso no Distrito Federal",2020,"Brazilian Journal of Development","10.34117/bjdv6n1-234",1
"A96e3866b","ARTIGO","Remoção de formulação comercial de glifosato em efluente sintético por meio de processo combinado de H2O2/UV",2020,"Brazilian Journal of Development","10.34117/bjdv6n2-030",1
"A316741de","ARTIGO","INFLUÊNCIA DO FÓSFORO INORGÂNICO E VALOR DE PH NA REMOÇÃO DE FORMULAÇÃO À BASE DE GLIFOSATO EM AMBIENTE AQUOSO POR ADSORÇÃO",2020,"Revista Brasileira de Ciências Ambientais (Online)","10.5327/z2176-947820200557",1
"Acbc079cf","ARTIGO","Influência do etanol como cosubstrato na biorremediação de água contaminada com formulação comercial à base de glifosato",2019,"ENGENHARIA SANITÁRIA E AMBIENTAL (ONLINE)","10.1590/s1413-41522019183574",1
"Ac68dc9d4","ARTIGO","REMOÇÃO DE CAFEÍNA POR CARVÃO ATIVADO DE BORRA DE CAFÉ COM ATIVAÇAO ALTERNATIVA EM CAPSULAS DE ALUMÍNIO",2019,"PERIÓDICO TCHÊ QUÍMICA (MEIO ELETRÔNICO)",,1
"A493d7d12","ARTIGO","Use of Adsorbent Biochar from Pequi (Caryocar Brasiliense) Husks for the Removal of Commercial Formulation of Glyphosate from Aqueous Media",2019,"BRAZILIAN ARCHIVES OF BIOLOGY AND TECHNOLOGY (ONLINE)","10.1590/1678-4324-2019180450",1
"Ad21f4411","ARTIGO","Ampliação da capacidade de tratamento da estação de tratamento de esgotos de Quirinópolis Go por meio da implantação da tecnologia de reator biológico de leito móvel(MBBR)",2019,"Brazilian Journal of Development","10.34117/bjdv5n-11258",1
"Ac474b5f9","ARTIGO","AVALIAÇÃO DA INFLUÊNCIA DO COEFICIENTE DE DESOXIGENAÇÃO (K1) TEÓRICO E EXPERIMENTAL NO MODELO DE AUTODEPURAÇÃO EM UM CORPO HÍDRICO RECEPTOR DE EFLUENTES DE INDÚSTRIA LÁCTEA",2019,"REVISTA INTERNACIONAL DE CIÊNCIAS","10.12957/ric.2019.42731",1
"Af58eaeae","ARTIGO","17 alpha-ETHYNILESTRADIOLREMOVAL BY PHOTOCATALYTIC OZONATION",2018,"Global Journal of Advanced Engineering",,1
"A90e404f2","ARTIGO","Study of Ethinylestradiol Degradation by Photolysis and Photocatalysis Heterogeneous",2018,"REVISTA VIRTUAL DE QUÍMICA","10.21577/1984-6835.20180068",1
"Ae1c94069","ARTIGO","Photocatalytic oxidation of 17 -Ethinylestradiol by UV-activated TiO2 in batch and continuous-flow reactor",2017,"JOURNAL OF CHEMICAL ENGINEERING AND MATERIALS SCIENCE","10.5897/jcems2017.0293",1
"Af421d54c","ARTIGO","APLICAÇÃO DE FOTOCATÁLISE HETEROGÊNEA E HOMOGÊNEA PARA A REMOÇÃO DE COR EM EFLUENTES PROVENIENTES DE INDÚSTRIA DE PROCESAMENTO DE COURO",2014,"Revista Monografias Ambientais","10.5902/2236130813232",1
"A53a00aba","ARTIGO","Eletrocoagulation/flotation followed by fluidized bed anaerobic reactor applied to tannery effluent treatment",2012,"DESALIN WATER TREAT","10.5004/dwt.2012.2744",1
"Aada495a7","ARTIGO","Balanço de DQO particulada em um reator de eletrocoagulação/flotação tratando efuente de curtume",2012,"Semina. Ciências Exatas e Tecnológicas (Impresso)","10.5433/1679-0375.2012v33n1p41",1
"A43f155f4","ARTIGO","Water quality monitoring by nanostructured films in a sensing unit system",2012,"DESALIN WATER TREAT","10.1080/19443994.2012.671172",1
"Ae1af85dc","ARTIGO","A most-probable number technique for methanotrophic bacteria determination in biological reactors using methane as an electron donor for denitrification",2012,"Environmental Technology","10.1080/09593330.2012.707231",1
"A61ce08f8","ARTIGO","MICROFILTRAÇÃO COMO PROCESSO DE TRATAMENTO AVANÇADO PARA EFLUENTE INDUSTIAL DE ABATEDOURO DE BOVINOS",2011,"Engenharia Ambiental (Online)",,1
"A8a43918b","ARTIGO","CRESCIMENTO ESTIMULADO DE BIOFILME EM REATOR ANAERÓBIO DE LEITO FLUDIFICADO TRATANDO ESGOTO SINTÉTICO",2010,"HOLOS Environment (Online)",,1
"A27c7ef09","ARTIGO","Fotodescoloração do corante vermelho R-SF em água utilizando fotocatálise",2010,"Revista Omnia",,1
"Af640549f","ARTIGO","REMOÇÃO ANAERÓBIA DE NITROGÊNIO AMONIACAL POR MEIO DE REATOR COM CULTURA FIXA EM MEIO SUPORTE OPERANDO EM BATELADAS SEQUENCIAIS",2010,"Engenharia Ambiental (Online)",,1
"A62a982a0","ARTIGO","MONITORAMENTO DO CRESCIMENTO DO BIOLFILME ADERIDO AO CARVÃO ATIVADO GRANULAR POR MEIO DE TERMOGRAVIMETRIA",2010,"Engenharia Ambiental (Online)",,1
"A506d6f39","ARTIGO","EMPREGO DE PNEU TRITURADO COMO MEIO SUPORTE DE UM REATOR ANAERÓBIO DE LEITO EXPANDIDO TRATANDO EFLUENTE DE INDÚSTRIA DE REFRIGERANTES",2010,"Engenharia Ambiental (Online)",,1
"Ad722e8ff","ARTIGO","OTIMIZAÇÃO DE UM REATOR UASB EM ESCALA REAL EM UMA INDÚSTRIA DE REFRIGERANTES",2010,"Boletim Técnico da Faculdade de Tecnologia de São Paulo",,1
"A293adb6e","ARTIGO","TRATAMENTO DE VINHAÇA EM REATOR ANAERÓBIO DE LEITO FLUIDIZADO",2009,"Engenharia Ambiental (Online)",,1
"Aafa8b260","ARTIGO","VIABILIDADE DA APLICAÇÃO DO MÉTODO RESPIROMÉTRICO DE BARTHA PARA A ANÁLISE DA ATIVIDADE MICROBIANA DE SOLOS SOB APLICAÇÃO DE VINHAÇA",2009,"Engenharia Ambiental (Online)",,1
"A0e02739c","ARTIGO","ESTUDO DO DESEMPENHO DE UM REATOR AERÓBIO OPERANDO EM BATELADAS SEQUENCIAIS NO TRATAMENTO DE EFLUENTES DE UMA INDÚSTRIA DE REFRIGERANTES",2009,"Engenharia Ambiental (Online)",,1
"Aa6081f3f","ARTIGO","ESTUDO DO DESEMPENHO DE UM SISTEMA HÍBRIDO NO TRATAMENTO DE ESGOTO SANITÁRIO",2009,"HOLOS Environment (Online)",,1
"A85563de4","ARTIGO","ELETROCOAGULAÇÃO-FLOTAÇÃO APLICADA AO TRATAMENTO DE EFLUENTES GERADOS EM UMA INDÚSTRIA DE PLÁSTICOS",2009,"HOLOS Environment (Online)",,1
"A21f0405d","ARTIGO","DESEMPENHO DE REATOR DE LEITO FLUIDIFICADO NO TRATAMENTO DOS EFLUENTES",2009,"Boletim Técnico da Faculdade de Tecnologia de São Paulo",,1
"Aafbe9e42","ARTIGO","REMOÇÃO ANAERÓBIA DE NITROGÊNIO AMONIACAL POR MEIO DE REATOR BIOLÓGICO",2009,"Boletim Técnico da Faculdade de Tecnologia de São Paulo",,1
"Adb49676f","ARTIGO","ESTUDO DE UM REATOR DE LODOS ATIVADOS POR BATELADA PARA O TRATAMENTO DOS EFLUENTES DE UMA INDÚSTRIA DE REFRIGERANTE",2009,"HOLOS Environment (Online)",,1
"A09182f26","ARTIGO","Avaliação do efeito da condutividade na eletro-coagulação aplicada ao tratamento físico-químico de águas residuárias",2007,"Semina. Ciências Exatas e Tecnológicas",,1
"A88905778","ARTIGO","Comparison of hexamethyldisilazane and critical point drying treatments for SEM analysis of anaerobic biofilms and granular sludge",2003,"Journal of Electron Microscopy","10.1093/jmicro/52.4.429",1
"A8c5efe8e","LIVRO","Potabilización",2004,"Anesapa La Paz/ Eschborn Alemanha",,1
"Adfe31687","LIVRO","Tratamiento de Aguas Residuales",2004,"Anesapa La Paz GTZ Eschborn Alemanha",,1
"Acc039e8a","LIVRO","Interaction of Microplastics with Emerging Organic Pollutants: A Study on Atrazine Adsorption and Phytotoxicity",2026,"Molecular Diversity Preservation International MDPI",,1
"A4886994d","LIVRO","ESTUDO CIENCIOMÉTRICO SOBRE A REMOÇÃO DE MICROPLÁSTICO A PARTIR DO MEIO LÍQUIDO",2022,"EECA/UFG",,1
"A1dd5eba8","LIVRO","DIAGNOSTICO E FUNCIONAMENTO DO SISTEMA DE TRATAMENTO DE LÍQUIDOS PERCOLADOS DO ATERRO SANITÁRIO DE GOIÂNIA",2022,"EECA/UFG",,1
"A4edbff45","LIVRO","OTIMIZAÇÃO DA REMOÇÃO DE NUTRIENTES NO SISTEMA DE TRATAMENTO DE LIXIVIADOS DO ATERRO SANITÁRIO DE GOIÂNIA",2022,"EECA/UFG",,1
"A7112ac34","LIVRO","AVALIAÇÃO DA INFLUÊNCIA DO COEFICIENTE DE DESOXIGENAÇÃO NO MODELO DE AUTODEPURAÇÃO UTILIZANDO EFLUENTES DE LATICÍNIO",2020,"Atena Editora",,1
"Adbca8245","TEXTO_JORNAL","TÉCNICA INOVA LIMPEZA DE ÁGUA DE RECICLAGEM",2009,"JORNAL UNESP",,1
"A537e6f57","CONGRESSO_COMPLETO","Interação entre microplásticos virgens e glifosato: avaliação da adsorção, dessorção e fitotoxicidade",2026,"5o Congresso INternacional de Engenharia Ambiental",,1
"A7676cbcb","CONGRESSO_COMPLETO","INFLUÊNCIA DE MICROPLÁSTICO NA REMOÇÃO DE TURBIDEZ UTILIZANDO FLOTAÇÃO POR AR DISSOLVIDO E QUITOSANA COMO COAGULANTE AUXILIAR",2025,"Congresso Sulamericano de Resíduos Sólidos e Sustentabilidade",,1
"A814fe73c","CONGRESSO_COMPLETO","Influência dos parâmetros ambientais na adsorção de glifosato em microplásticos de politereftalato de etileno",2025,"Congresso Sulamericano de Resíduos Sólidos e Sustentabilidade",,1
"A03d63c97","CONGRESSO_COMPLETO","ESTUDO DE ALTERNATIVAS TÉCNICAS OPERACIONAIS APLICADAS EM AMPLIAÇÃO ETE DE GRANDE PORTE EM GOIÂNIA - GO",2025,"AESABESP 36o Congresso Nacional de Saneamento e Meio Ambiente",,1
"Add0847c9","CONGRESSO_COMPLETO","REMOÇÃO DO MICROPLÁSTICO POR MEIO DE FLOTAÇÃO POR AR DISSOLVIDO",2025,"22 Congresso de Pesquisa, Ensino e Extensão da UFG",,1
"Acfc901c8","CONGRESSO_COMPLETO","Uso do Biocarvão Produzido a Partir de Casca de Coco Verde para Remoção do Corante Verde de Malaquita em Solução Aquosa",2025,"II HIDRÁULICA E SANEAMENTO Uberlândia, MG SIMPÓSIO DE RECURSOS HÍDRICOS",,1
"A66bec2f5","CONGRESSO_COMPLETO","Funcionalização de magnetita com ácido oléico com vista à remoção de microplástico",2025,"II Simpósio de Recursos Hídricos",,1
"A514ff98b","CONGRESSO_COMPLETO","Influência do Microplástico na Eficiência de Clarificação por Processos de Flotação por Ar Dissolvido com Adição de Coagulante",2024,"XV Congea",,1
"Affee662f","CONGRESSO_COMPLETO","REMOÇÃO DE MICROPLÁSTICO DO MEIO LÍQUIDO POR FLOTAÇÃO COM AR DISSOLVIDO",2024,"XV Congea",,1
"Ab071d753","CONGRESSO_COMPLETO","Microplástico de garrafas PET (politereftalato de etileno) como vetor para transporte de metformina em meio aquoso",2024,"XV Congea",,1
"Aecc7414d","CONGRESSO_COMPLETO","REMOÇÃO DE FÓSFORO EM MEIO AQUOSO POR BIOCARVÃO PRODUZIDO A PARTIR DA COPIROLISE DE LODO DE ESTAÇÃO DE TRATAMENTO DE ÁGUA (ETA) E MICROPLÁSTICO DE POLIETILENO",2024,"XV Congea",,1
"A65ee7a2b","CONGRESSO_COMPLETO","Remoção de surfactante aniônico em reator biológico de leito fluidizado preenchido com hidrocarvão polimérico",2023,"62 Congresso Brasiçeiro de Química",,1
"Ada474334","CONGRESSO_COMPLETO","Avaliação da remoção dos microplásticos de polietileno e poliestireno expandido por coagulação química",2022,"XX Simpósio Luso-brasileiro de Engenharia Sanitária e Ambiental",,1
"Aaebbf2f2","CONGRESSO_COMPLETO","Biochar Produced from Banana Peel for Adsorption of Nitrate in Aqueous Medium",2022,"14º Encontro Brasileiro sobre Adsorção - Even3",,1
"Abd7c5fcf","CONGRESSO_COMPLETO","Removal of ibuprofen in aqueous medium by adsorption in biochar produced from coffee grounds and activated with hydrogen peroxide",2022,"14o Encontro Brasileiro Sobre Adsorção",,1
"A71715736","CONGRESSO_COMPLETO","Phosphorous removal with banana peel activated biochar beads",2022,"14o Encontro Brasileiro Sobre Adsorção",,1
"Ac0cc2b54","CONGRESSO_COMPLETO","AMPLIAÇÃO DA CAPACIDADE DE TRATAMENTO DA ESTAÇÃO DE TRATAMENTO DE ESGOTOS DE QUIRINÓPOLIS GO POR MEIO DA IMPLANTAÇÃO DA TECNOLOGIA DE REATOR BIOLÓGICO DE LEITO MÓVEL(MBBR)",2019,"49 Congresso Nacional de Saneamento da ASSEMAE",,1
"A51b732ab","CONGRESSO_COMPLETO","REMOÇÃO DE DUREZA TOTAL DE ÁGUA SUBTERRÂNEA POR MEIO DE UM REATOR DE RESINA DE TROCA CATIÔNICA FLUIDIZADA",2019,"30 Congresso ABES 2019",,1
"A7a798439","CONGRESSO_COMPLETO","Remoção de formulação comercial de glifosato em efluente sintético por meio de processo combinado de H2O2/UV",2019,"30 Congresso ABES 2019",,1
"Aacafdc5c","CONGRESSO_COMPLETO","Remoção do surfactante Alquilbenzeno Sulfonato Linear por meio de processos de oxidação avançada utilizando Dióxido de Titânio",2019,"30 Congresso ABES 2019",,1
"A93bf27c1","CONGRESSO_COMPLETO","Avaliação da recuperação de áreas degradadas por exploração de cascalho laterítico por meio da incorporação de lodo de esgoto. Estudo de caso no Distrito Federal",2019,"30 Congresso ABES 2019",,1
"A98e9a6d5","CONGRESSO_COMPLETO","AVALIAÇÃO DA INFLUÊNCIA DO COEFICIENTE DE DESOXIGENAÇÃO (K1) TEÓRICO E EXPERIMENTAL NO MODELO DE AUTODEPURAÇÃO EM UM CORPO HÍDRICO RECEPTOR DE EFLUENTES DE INDÚSTRIA LÁCTEA",2019,"30 congresso nacional de saneamento e ambiente AESABESP",,1
"A5b465e9c","CONGRESSO_COMPLETO","REMOÇÃO DE ALQUILBENZENO LINEAR SULFONATO (LAS) POR MEIO DE PROCESSO OXIDATIVO AVANÇADO COM UV/H2O2/O3",2018,"18 ENASB/SILUBESA",,1
"Aa785b203","CONGRESSO_COMPLETO","TRATAMENTO DE EFLUENTES DE INDÚSTRIA FARMACÊUTICA VISANDO A REMOÇÃO DE HORMÔNIO FEMININO",2017,"Resag 2017",,1
"Ae7b7d11e","CONGRESSO_COMPLETO","BIORREMEDIAÇÃO DE ÁGUA CONTAMINADA COM FORMULAÇÃO COMERCIAL À BASE DE GLIFOSATO UTILIZANDO ETANOL COMO CO-SUBSTRATO",2017,"28o Congresso de Engenharia Sanitária e Ambiental",,1
"A4fc0176c","CONGRESSO_COMPLETO","TRATAMENTO DE EFLUENTE FARMACÊUTICO POR MEIO DE PROCESSO ANAERÓBIO E PROCESSOS OXIDATIVOS AVANÇADOS EM REATOR DE LEITO FLUIDIZADO",2017,"28o congresso de engenharia sanitária e ambiental",,1
"A11ad4295","CONGRESSO_COMPLETO","Análise cienciométrica em processos oxidativos avançados (POA): Importância e tendência nos últimos 40 anos",2017,"3o Congresso Internacional RESAG",,1
"A2fb67fba","CONGRESSO_COMPLETO","Degradação de estrogênio sintético por meio de fotocatálise heterogênea em reator de leito fluidizado",2017,"3o Congresso Internacional RESAG",,1
"A87cd8433","CONGRESSO_COMPLETO","REMOÇÃO DE CAFEÍNA POR CARVÃO ATIVADO DE BORRA DE CAFÉ COM ATIVAÇÃO ALTERNATIVA EM CÁPSULAS DE AUMÍNIO",2017,"3o Congresso Internacional RESAG",,1
"A6b15ee29","CONGRESSO_COMPLETO","Tratamento de efluente industrial sintético visando a remoção de glifosato por meio de oxidação avançada",2017,"28o. Congresso Brasileiro de Engenharia Ambiental e Sanitária",,1
"Afe91cd84","CONGRESSO_COMPLETO","TRATAMENTO DE EFLUENTES DE INDÚSTRIA FARMACÊUTICA POR MEIO DE UM REATOR OPERADO EM BATELADAS SEQUENCIAIS",2016,"XVII Silubesa",,1
"Aa6c09546","CONGRESSO_COMPLETO","Degradação do corante tartrazina por fotocatálise",2016,"XVII Silubesa",,1
"A4c32857d","CONGRESSO_COMPLETO","AVALIAÇÃO DE REATOR TUBULAR ELETROFOTOCATALÍTICO NA DEGRADAÇÃO DE FENOL",2015,"28 Congresso da ABES",,1
"A976c2d72","CONGRESSO_COMPLETO","VALIDAÇÃO DE MÉTODO EM CLAE E ESTUDO DA DEGRADAÇÃO DE ETINILESTRADIOL POR MEIO DE FOTÓLISE E FOTOCATÁLISE HETEROGÊNEA",2015,"28 Congresso da ABES",,1
"A019fa4f5","CONGRESSO_COMPLETO","ESTUDO DA INFLUÊNCIA DA CONCENTRAÇÃO DE PERÓXIDO DE HIDROGÊNIO NA REMOÇÃO DE COR DE EFLUENTE INDUSTRIAL SINTÉTICO POR FOTÓLISE UV",2014,"XII Simpósio ítalobrasileira de engenharia sanitária e ambiental",,1
"A5b80ded8","CONGRESSO_COMPLETO","CARACTERIZAÇÃO DAS ALGAS PLANCTÔNICAS DAS LAGOAS FACULTATIVAS DO SISTEMA DE TRATAMENTO DE LIXIVIADOS NO ATERRO SANITÁRIO DE ANÁPOLIS (GO)",2013,"27o. Congresso Brasileiro de Engenharia Sanitária e Ambiental",,1
"A199d9ff6","CONGRESSO_COMPLETO","processo oxidativo avançado aplicado em efluente industrial sintético contendo diferentes corantes orgânicos",2013,"10 Congresso de ensino pesquisa e extensão da UFG",,1
"A35ca5e45","CONGRESSO_COMPLETO","processo xidativo aavançado aplicado na remoção de cor em efluente industrial sintético",2013,"10 Congreso de pesquisa e extensão da UFG",,1
"A295b0328","CONGRESSO_COMPLETO","TRATAMENTO DE ÁGUAS RESIDUÁRIAS DE UM CURTUME POR MEIO DE REATOR ANAERÓBIO DE LEITO FLUIDIZADO COM PNEU TRITURADO COMO MEIO SUPORTE",2011,"26 Congresso da Associação Brasileira de Engenharia Sanitária e Ambiental",,1
"A564ebea7","CONGRESSO_COMPLETO","APLICAÇÃO DE SULFATO DE ALUMÍNIO VISANDO OTIMIZAR O DESEMPENHO DE UM REATOR OPERANDO EM BATELADAS SEQUENCIAIS APLICADO NO TRATAMENTO DO EFLUENTE DE UM ABATEDOURO DE BOVINOS",2011,"26 Congresso Brasileiro de Engenharia Sanitária e Ambiental",,1
"A5059d7b3","CONGRESSO_COMPLETO","Aplicação de nanosensores na determinação da qualidade da água do córrego do Veado localizado na cidade de Presidente Prudente Brasil",2010,"XXXII Congreso Interamericano de Ingenieria Sanitaria y Ambiental",,1
"A4e931f93","CONGRESSO_COMPLETO","Aplicação de fotocatálise heterogênea con TiO2 para tratamento de residuo de corante de indústria de tingimento de couro",2010,"XXXII Congreso Interamericano de Ingenieria Sanitaria y Ambiental",,1
"Af975421c","CONGRESSO_COMPLETO","AVALIAÇÃO RESPIROMÉTRICA DA ATIVIDADE DA BIOMASSA E DA BIODEGRADABILIDADE DE ÁGUAS RESIDUÁRIAS EM UM REATOR SEQÜENCIAL OPERANDO EM BATELADAS SOB ADIÇÃO DE SULFATO DE ALUMÍNIO.",2010,"XXXII Congresso Interamericano de Engenharia Sanitária e Ambiental",,1
"Ad1a5eaab","CONGRESSO_COMPLETO","NANOSENSORS APPLICATION IN WATER QUALITY MONITORING OF VEADO RIVER IN PRESIDENTE PRUDENTE SP",2009,"8th Brazilian Conference on Dynamics, Control and Applications",,1
"Adb46d1ab","CONGRESSO_COMPLETO","TRATAMENTO DE EFLUENTE DE INDÚSTRIA DE RECICLAGEM DE PLÁSTICOS POR ELETRO-COAGULAÇÃO-FLOTAÇÃO (ECF)",2009,"25 Congresso Brasileiro de Engenharia Sanitária e Ambiental",,1
"Ace7ca70e","CONGRESSO_COMPLETO","OPERAÇÃO E MONITORAMENTO DE UM SISTEMA HÍBRIDO DE REATORES ANAERÓBIOS APLICADO AO TRATAMENTO DE ESGOTO SANITÁRIO",2008,"XIII Simpósio Luso-Brasileiro de Engenharia Sanitária e Ambiental",,1
"Aaa2eff1c","CONGRESSO_COMPLETO","ELETRO-COAGULAÇÃO-FLOTAÇÃO APLICADA À REMOÇÃO DE MATERIAL EM SUSPENSÃO A PARTIR DE LÍQUIDOS PERCOLADOS DE RESÍDUOS SÓLIDOS",2008,"VI Simpósio Brasileiro de Engenharia Ambiental",,1
"A2b54b982","CONGRESSO_COMPLETO","PROPOSTA DE METODOLOGIA PARA A ESTIMATIVA DE BACTÉRIAS METANOTRÓFICAS E SUA APLICAÇÃO EM REATORES BIOLÓGICOS",2007,"XVI Simpósio Nacional de Bioprocessos 2007",,1
"A8574b403","CONGRESSO_COMPLETO","PROPOSTA DE UM ÍNDICE DE QUALIDADE DAS ÁGUAS PARA O ESTUDO DA CONTAMINAÇÃO DE ÁGUAS SUPERFICIAIS",2006,"VIII Simpósio Ítalobrasieiro de Engenharia Sanitária e Ambiental",,1
"A3d225eba","CONGRESSO_COMPLETO","ELETRO-COAGULAÇÃO-FLOTAÇÃO APLICADA AO TRATAMENTO FÍSICO-QUÍMICO DE ÁGUAS RESIDUÁRIAS COM ELEVADO TEOR DE MATERIAL EM SUSPENSÃO",2006,"VIII Simpósio Ítalobrasieiro de Enenharia Sanitária e Ambiental",,1
"A83624041","CONGRESSO_COMPLETO","MONITORAMENTO DA PRESENÇA DE POLUENTES ATMOSFÉRICOS NO MUNICÍPIO DE LIMEIRA",2006,"VIII Simpósio Ítalobrasieiro de Enenharia Sanitária e Ambiental",,1
"A0a5e792b","CONGRESSO_COMPLETO","OPTIMIZACIÓN DE LA DETERMINACIÓN DE ÁCIDOS VOLÁTILES COMO MÉTODO DE MONITOREO DEL DESEMPEÑO DE REACTORES ANAERÓBIOS",2000,"VIII Congreso Nacional de Ingeniería Sanitaria y Ambiental",,1
"A576cce3f","CONGRESSO_COMPLETO","TRATAMENTO DE ESGOTO SINTÉTICO EM REATOR ANAERÓBIO DE LEITO FLUIDIFICADO",1995,"18o. Congresso de Engenharia Sanitária e Ambiental",,1
"Aed4098e8","CONGRESSO_COMPLETO","CONVERSÃO DE NITROGÊNIO AMONIACAL EM REATOR DE LEITO FLUIDIFICADO COMO PRÉ-TRATAMENTO DE ÁGUAS DESTINADAS AO ABASTECIMENTO PÚBLICO",1992,"XXIII Congresso Interamericano de Engenharia Sanitária e Ambiental",,1
"A471d6de8","CONGRESSO_RESUMO","Eficiência da remoção de microplástico de polietileno envelhecido pelo processo de coagulação",2023,"Congresso de ensino, pesquisa e extensão da UFG",,1
"A98fa0b2e","CONGRESSO_RESUMO","Fluoride Removal from Aqueous Medium Using Coffee Grounds Biochar",2022,"14o Encontro Brasileiro Sobre Adsorção",,1
"A6c82d666","CONGRESSO_RESUMO","Remoção de matéria orgânica e nitrogênio de efluentes provenientes de um abatedouro de bovinos por meio de um reator aeróbio operando em bateladas sequenciais com adição de coagulante quíímico",2011,"XXIII Congresso de Iniciação Científica da Unesp",,1
"Af404d32c","CONGRESSO_RESUMO","Aplicação de microfiltração em membrana como pós-tratamento de efluente em indústria de refrigerante localizada no município de Presidente Prudente - SP",2010,"XXII Congresso de Inicação Científica da Unesp",,1
"A70a3b547","CONGRESSO_RESUMO","ESTUDO DA APLICAÇÃO DE COAGULANTES EM UM REATOR SEQUENCIAL OPERANDO EM BATELADA VISANDO OTIMIZAR O TRATAMENTO DO EFLUENTE DE UM ABATEDOURO DE BOVINOS",2010,"XXII Congresso de Iniciação Científica da Unesp",,1
"A7aaef67a","CONGRESSO_RESUMO","Viabilidade da Aplicação do Método Respirométrico de Bartha para Análise da Atividade Microbiana de Solos Sob Aplicação de Vinhaça",2009,"XVII Jornadas de Jóvenes Investigadores",,1
"A4e5b2571","CONGRESSO_RESUMO","REMOÇÃO DE NITROGÊNIO AMONIACAL POR MEIO DE BACTÉRIAS ANAERÓBIAS OXIDADORAS DE AMÔNIA (ANAMMOX) EM REATOR BIOLÓGICO",2009,"XXI Congresso de Iniciação Científica da UNESP",,1
"A2e803cdc","CONGRESSO_RESUMO","ESTUDO DO COMPORTAMENTO DE UM REATOR SEQÜENCIAL EM BATELADA EM RELAÇÃO À REMOÇÃO DE MATÉRIA ORGÂNICA E NUTRIENTES, UTILIZANDO RESÍDUO INDUSTRIAL LÍQUIDO DE UM ABATEDOURO DE BOVINOS.",2009,"XXI Congresso de inicação Científica da Unesp",,1
"Aeb45be89","CONGRESSO_RESUMO","FOTODESCOLORAÇÃO DO CORANTE VERMELHO INCOANIL R-SF EM ÁGUA UTILIZANDO FOTOCATÁLISE HETEROGÊNEA (TIO2/UV) COM CATALISADOR IMOBILIZADO EM PLACA DE VIDRO",2009,"XXI Congresso de Iniciação Científica da Unesp",,1
"Ae5304fa5","CONGRESSO_RESUMO","ANÁLISE PRÁTICO-PEDAGÓGICA NA DISCIPLINA DE QUÍMICA AMBIENTAL DA FACULDADE DE CIÊNCIAS E TECNOLOGIA MINISTRADA PARA ALUNOS DO TERCEIRO ANO DO CURSO DE ENGENHARIA AMBIENTAL",2009,"XXI Congresso de Iniciação Científica da Unesp",,1
"A3927e478","CONGRESSO_RESUMO","AVALIAÇÃO DO TAMPONAMENTO EM UM REATOR ANAERÓBIO DE LEITO FLUIDIZADO NO TRATAMENTO DO EFLUENTE DE UMA INDÚSTRIA DE REFRIGERANTES",2008,"XVI Congresso de Iniciação Científica da UFSCar",,1
"A673aa1c1","CONGRESSO_RESUMO","AVALIAÇÃO DA POTENCIALIDADE DO REATOR SEQUENCIAL DE LEITO FLUIDIFICADO NO TRATAMENTO DAS ÁGUAS RESIDUÁRIAS PROVENIENTES DE UMA UNIDADE FRIGORÍFICA",2008,"XVI Congresso de Iniciação Científica da UFSCar",,1
"Af65e34e7","CONGRESSO_RESUMO","ELETRO-COAGULAÇÃO-FLOTAÇÃO APLICADA AO TRATAMENTO FÍSICO-QUÍMICO DE ÁGUAS RESIDUÁRIAS",2006,"XIV Congresso de Iniciação Científica da Unicamp",,1
"A9c1e1398","CONGRESSO_RESUMO","Estudo da Poluição Atmosférica por Material PArticulado Inalável em Pedágio de Rodovia",2006,"XIV Congresso de Iniciação Científica da Unicamp",,1
"A4dc9cdec","CONGRESSO_RESUMO","Determinação da Concentração de Partículas Totais em Suspensão no Municipio de Limeira",2006,"XIV Congresso de Iniciação Científica da Unicamp",,1
"A33677f5f","CONGRESSO_RESUMO","Determinação da Concentração de Dióxido de Enxofre no Municipio de Limeira",2006,"XIV Congresso de Iniciação Científica da Unicamp",,1
"Ab495b054","APRESENTACAO","INFLUÊNCIA DE MICROPLÁSTICO NA REMOÇÃO DE TURBIDEZ UTILIZANDO FLOTAÇÃO POR AR DISSOLVIDO E QUITOSANA COMO COAGULANTE AUXILIAR",2025,,,1
"Ab34d8511","APRESENTACAO","Funcionalização de magnetita com ácido oléico com vista à remoção de microplástico",2025,,,1
"Adc014fd2","APRESENTACAO","Uso do Biocarvão Produzido a Partir de Casca de Coco Verde para Remoção do Corante Verde de Malaquita em Solução Aquosa",2025,,,1
"A1a1f247e","APRESENTACAO","ESTUDO DE ALTERNATIVAS TÉCNICAS OPERACIONAIS APLICADAS EM AMPLIAÇÃO ETE DE GRANDE PORTE EM GOIÂNIA - GO",2025,,,1
"A15326230","APRESENTACAO","REMOÇÃO DO MICROPLÁSTICO POR MEIO DE FLOTAÇÃO POR AR DISSOLVIDO",2025,,,1
"Acaeea109","APRESENTACAO","Influência dos parâmetros ambientais na adsorção de glifosato em microplásticos de politereftalato de etileno",2025,,,1
"A2c106c1b","OUTRA_PRODUCAO","WATER QUALITY MAPPING OF RIVER CHOQUEYAPU IN LA PAZ BOLIVIA",2001,,,1
"A4808a9d9","BANCA_MESTRADO","Efeitos dos surfactantes na coagulação química de microplástico envelhecido por luz ultravioleta (UV)",2024,"Universidade Federal de Goiás",,1
"A03adae31","BANCA_MESTRADO","Análise da presença de surfactante na remoção de microplásticos por eletrocoagulação",2023,"Universidade Federal de Goiás",,1
"A8e433cc1","BANCA_MESTRADO","Desenvolvimento de reator fotocatalítico solar para tratamento de efluentes: aplicação em soluções aquosas de corante azul indigotina e amoxicilina",2023,"Universidade Federal de Goiás",,1
"Acb787d67","BANCA_MESTRADO","EFEITO DO ALQUIBENZENO SULFONADO LINEAR NA COAGULAÇÃO DE MICROPLÁSTICO",2022,"Universidade Federal de Goiás",,1
"Aeb7b2ca3","BANCA_MESTRADO","Avaliação dos impactos da codisposição de resíduo de fossa e tanque séptico em lagoas de tratamento de lixiviados no aterro sanitário do município de Anápolis - GO",2014,"Universidade Federal de Goiás",,1
"Aff9a3449","BANCA_MESTRADO","Interferências da codisposição de resíduos de fossa e tanque séptico em sistemas de lagoas anaeróbias seguidas de facultativas aeradas - estudo de caso ETE Anápolis",2013,"Universidade Federal de Goiás",,1
"Aca19ce2a","BANCA_MESTRADO","Utilização de resíduo de ETA no tratamento de efluente de lagoas de estabilização",2013,"Universidade Federal de Goiás",,1
"A642d5279","BANCA_MESTRADO","Estudo sobre a ocorrência de poluentes emergentes da água do rio Meia Ponte na cidade de Goiânia - GO",2013,"Universidade Federal de Goiás",,1
"A9ec77659","BANCA_MESTRADO","ESTUDO DA FOTOCATÁLISE APLICADA À DESCOLORAÇÃO DE MISTURA DE AZOCORANTES REATIVOS",2012,"Universidade Estadual de Londrina",,1
"A2b509ace","BANCA_MESTRADO","Calibração de um modelo hidrodinâmico unidimensional para canais urbanos",2012,"Universidade Federal de Goiás",,1
"A82188c41","BANCA_MESTRADO","Avaliação das interferências da co-disposição de lodos sépticos em reatores UASB",2012,"Universidade Federal de Goiás",,1
"Afc196d94","BANCA_MESTRADO","Remoção de nitrogênio de água residuária de produção intensiva de tilápias com recirculação utilizando reator de leito fluidizado com recirculação em tubos concentricos",2009,"Universidade Estadual Paulista Júlio de Mesquita Filho",,1
"Afd1386a5","BANCA_MESTRADO","A Logística Reversa dos Resíduos Sólidos em Ituiutaba: do Diagnóstico à Elaboração de um Modelo Pró-ativo",2007,"Universidade Federal de Uberlândia",,1
"Aee3bb523","BANCA_DOUTORADO","Modelo Híbrido Multiobjetivo para Obtenção de Roteiros Operacionais de Bombas de Rotação Variável em Instalações Hidráulicas",2007,"Universidade Estadual de Campinas",,1
"Ad5f70e98","BANCA_MESTRADO","Efeito do microplástico como vetor de hervicidas",2024,"Universidade Federal de Goiás",,1
"Ac4878ff1","BANCA_MESTRADO","Remoção de fluoreto de meio aquoso utilizando biocarvão produzido a partir de borra de café e funcionalizado com peróxido de hidrogênio (H2O2)",2022,"Universidade Federal de Goiás",,1
"Ab9423200","BANCA_MESTRADO","Análise da influência do surfactante na remoção de microplásticos por eletrocoagulação",2022,"Universidade Federal de Goiás",,1
"Af2ff8fdb","BANCA_MESTRADO","Calibração de modelo de adutora com booster durante transitórios hidráulicos",2013,"Universidade Federal de Goiás",,1
"Abbc3e2d0","BANCA_MESTRADO","Avaliação dos impactos da codisposição de resíduo de fossa e tanque séptico em lagoas de tratamento de lixiviados no aterro sanitário do município de Anápolis - GO",2013,"Universidade Federal de Goiás",,1
"Ac2eb4ade","BANCA_MESTRADO","Tratamento de resíduos esgotados de tanque/fossa séptica utilizando alagados construídos com vetiveria zizanioides",2013,"Universidade Federal de Goiás",,1
"A92888949","BANCA_MESTRADO","Tratabilidade da fração sólida de resíduos esgotados de tanques/fossas sépticas em sistema de alagados construídos",2013,"Universidade Federal de Goiás",,1
"Ae3cdcd10","BANCA_MESTRADO","Estudo dobre a ocorrência de hormônios sexuais sintéticos na água do rio Meia Ponte na cidade de Goiânia - GO",2012,"Universidade Federal de Goiás",,1
"Adb185a34","BANCA_MESTRADO","Interferencia da codisposição de lodo séptico na estação de tratamento de esgoto de Goiânia",2012,"Universidade Federal de Goiás",,1
"A31bd8140","BANCA_MESTRADO","Impactos na codisposição de lodo séptico em lagoas do tipo anaeróbia seguida de facultativa aerada e decantação. Estudo de caso da ETE Anápolis",2012,"Universidade Federal de Goiás",,1
"Af510e8fe","BANCA_MESTRADO","Interferencia da codisposição de lodo séptico em sistema de lagoas de estabilização. Estudo de caso ETE Trindade - GO",2012,"Universidade Federal de Goiás",,1
"Ad7727da2","BANCA_MESTRADO","Avaliação das interferências da codisposição do lodo de fossa séptica, previamente flotado, no desempenho de reatores anaeróbios de fluxo ascendente e manta de lodo (UASB)",2012,"Universidade Federal de Goiás",,1
"A9a01edf2","BANCA_TCC","Remoção de microplástico do meio líquido por flotação com ar dissolvido",2024,"Universidade Federal de Goiás",,1
"A0155cf4d","BANCA_TCC","Remoção de ibuprofeno em meio aquoso por adsorção em biocarvão produzido a partir de borra de café e ativado com água oxigenada",2022,"Universidade Federal de Goiás",,1
"A0f76eb01","BANCA_TCC","Remoção de fósforo associada à coagulação e floculação utilizando a polpa do baru (dipteryx alata)",2022,"Universidade Federal de Goiás",,1
"Af3430658","BANCA_TCC","Remoção de substancias húmicas presentes em águas com TiO2 através de exposição solar",2011,"Universidade Estadual Paulista Júlio de Mesquita Filho",,1
"A1a60cb8c","BANCA_TCC","Biodegradação de materiais poliméricos por fungos filamentosos",2011,"Universidade Estadual Paulista Júlio de Mesquita Filho",,1
"A9da95e41","BANCA_TCC","Remoção de nitrog~enio a partir de efluente tratado por meio de reator anaeróbio de leito fluidificado em sistema de batelada",2011,"Universidade Estadual Paulista Júlio de Mesquita Filho",,1
"Ab0b0c6b9","BANCA_TCC","Otimização do sistema físico-químico de tratametno de efluentes",2007,"Universidade Estadual de Campinas",,1
"Ae97a3727","BANCA_TCC","Avaliação do sistema de tratamento de efluentes de uma empresa de produção de charque e proposição de medidas de readequação do sistema",2007,"Universidade Estadual Paulista Júlio de Mesquita Filho",,1
"Aa567b554","BANCA_TCC","Investigação da contaminação da água subterrânea da área de um antigo lixão e proposição de medidas de recuperação do local",2007,"Universidade Estadual Paulista Júlio de Mesquita Filho",,1
"A14cd5148","BANCA_TCC","Avaliação de Risco à Saúde Humana em Posto de Combustível",2007,"Universidade Estadual Paulista Júlio de Mesquita Filho",,1
"A5b073548","BANCA_TCC","Plano de gerenciamento em laboratórios de ensino",2007,"Universidade Estadual Paulista Júlio de Mesquita Filho",,1
"A060e6643","BANCA_TCC","Gestão de Resíduos na Indústria de Metal Mecânica Hanna Soluções Integradas",2006,"Universidade Estadual de Campinas",,1
"A86f5458a","BANCA_TCC","Reuso de águas residuárias",2006,"Universidade Estadual de Campinas",,1
"Acd3adb19","BANCA_TCC","Eficiencia do tratamento de efluente de indústria de bijuterias do município de Limeira",2006,"Universidade Estadual de Campinas",,1
"Aa88d09c8","BANCA_TCC","Tratamento Alternativo de Esgoto para Pequenas Comunidades",2006,"Universidade Estadual de Campinas",,1
"A0e48f705","BANCA_TCC","Avaliação da Toxicidade Aguda da Água de Sistema de Aquecimento Solar Utilizando o Organismo Teste Daphnia Similis",2006,"Universidade Estadual de Campinas",,1
"A37811337","BANCA_TCC","Biorremediação de Solos Contaminados com Hidrocarbonetos",2006,"Universidade Estadual de Campinas",,1
"A8fe1561e","BANCA_TCC","Estudo da Técnica Biofotônica em Testes de Germinação de Triticum aestivum em Lodo de ETE",2006,"Universidade Estadual de Campinas",,1
"Af943aa77","BANCA_TCC","Sistemas de Captação de Água de Chuva",2006,"Universidade Estadual de Campinas",,1
"A904a4072","BANCA_TCC","Fitotratamento do Chorume de Lixo do Aterro Sanitário de Limeira pós-Filtração Lenta",2006,"Universidade Estadual de Campinas",,1
"A5cea0073","BANCA_TCC","Estudo de Viabilização e Implantação de Tratamento de Efluentes em Centro de Treinamento de Emergências",2005,"Universidade Estadual de Campinas",,1
"Ab3a8fe52","BANCA_TCC","Avaliação de desempenho de reator anaeróbico de fluxo ascendente",2005,"Universidade Estadual de Campinas",,1
"Aa0801786","BANCA_TCC","AVALIAÇÃO DA MICROBIOTA DO SISTEMA DE TRATAMENTO DO ESGOTO DOMÉSTICO POR LODO ATIVADO",2005,"Universidade Estadual de Campinas",,1
"Ab418b66e","BANCA_TCC","Estudo comparativo das tecnologias empregadas no Sistema de desinfecção de Estações de Tratamento de Esgotos - Estudo de casos",2005,"Universidade Estadual de Campinas",,1
"A58bca4de","BANCA_TCC","ESTUDO DA VIABILIDADE ECONÔMICA DO USO DO GÁS METANO ORIGINADO DE PROCESSOS ANAERÓBIOS PARA PRODUÇÃO DE ENERGIA",2005,"Universidade Estadual de Campinas",,1
"A8c74c928","BANCA_TCC","Desinfecção de efluentes sanitários por cloração para reuso na agricultura",2004,"Universidade Estadual de Campinas",,1
"A30550784","ORIENTACAO_MESTRADO","REMOÇÃO DE MICROPLÁSTICO DE PVC POR MEIO DE MAGNETITA FUNCIONALIZADA COM ÁCIDO OLÉICO",2025,"Universidade Federal de Goiás",,1
"Ac696a900","ORIENTACAO_MESTRADO","REMOÇÃO DE MICROPLÁSTICO SDE POLIESTIRENO POR MEIO DE MAGNETITA FUNCIONALIZADA COM ÁCIDO OLÉICO",2025,"Universidade Federal de Goiás",,1
"Aa2cf375c","ORIENTACAO_MESTRADO","Aplicação de um coagulante compósito quitosana-sulfato de alumínio para remoção de microplástico e metformina por flotação com ar dissolvido",2024,"Universidade Federal de Goiás",,1
"Af751a042","ORIENTACAO_MESTRADO","Efeito da plastisfera no tratamento de efluentes por flotação com ar dissolvido",2024,"Universidade Federal de Goiás",,1
"A263d0887","ORIENTACAO_ESPECIALIZACAO","Projeto de uma estação de tratamento de esgotos compacta",2024,"Universidade Federal de Goiás",,1
"A016ed83e","ORIENTACAO_IC","Comparação da marcação de microplásticos com Rodamina B e Vermelho do Nilo por citometria de fluxo",2025,"Universidade Federal de Goiás",,1
"A3d59bfc1","ORIENTACAO_MESTRADO","Estudo do efeito dos surfactantes sobre a remoção de microplástico envelhecido",2024,"Universidade Federal de Goiás",,1
"A4995fbda","ORIENTACAO_MESTRADO","Avaliação de microrganismos responsáveis pela produção de biogás em reator anaeróbio de circulação interna (IC) que trata resíduo agroindustrial",2024,"Universidade Federal de Goiás",,1
"Af4e51855","ORIENTACAO_MESTRADO","Efeito do microplástico como vetor de hervicidas",2024,"Universidade Federal de Goiás",,1
"A844fe0f3","ORIENTACAO_MESTRADO","Efeito do alquilbenzeno linear sulfonado na eletrocoagulação de microplástico",2023,"Universidade Federal de Goiás",,1
"A8bff5eb2","ORIENTACAO_MESTRADO","EFEITO DO ALQUIBENZENO SULFONADO LINEAR NA COAGULAÇÃO DE MICROPLÁSTICO",2022,"Universidade Federal de Goiás",,1
"A0977c7f6","ORIENTACAO_MESTRADO","ANÁLISE DA INFLUÊNCIA DO ALQUILBENZENO SULFONATO LINEAR (LAS) NA AGREGAÇÃO, SEDIMENTAÇÃO E COAGULAÇÃO QUÍMICA DAS NANOPARTÍCULAS DE ÓXIDO DE ZINCO EM MATRIZ AQUOSA",2021,"Universidade Federal de Goiás",,1
"A3553d58d","ORIENTACAO_MESTRADO","REMOÇÃO DE SURFACTANTE ANIÔNICO EM REATOR AERÓBIO DE LEITO FLUIDIZADO",2021,"Universidade Federal de Goiás",,1
"Aabf1e89b","ORIENTACAO_MESTRADO","Seleção de Tecnologias de Tratamento de Esgoto Utilizando Análise Multicritério",2020,"Universidade Federal de Goiás",,1
"A11e96e1a","ORIENTACAO_MESTRADO","Remoção de Glifosato por meio de processos oxidativos anaçados com H2O2/UV",2016,"Universidade Federal de Goiás",,1
"A59fe1e72","ORIENTACAO_MESTRADO","Degradação de etinilestradiol por meio de fotocatálise heterogênea e radiação UV",2015,"Universidade Federal de Goiás",,1
"A5c50083f","ORIENTACAO_MESTRADO","Tratamento de efluentes de indústria farmacêutica visando a remoção de 17-alfa-etinilestradiol",2015,"Universidade Federal de Goiás",,1
"Aff152267","ORIENTACAO_MESTRADO","Remoção de 17 alfa etinilestradiol por meio de fotocatálise com dióxido de titânio e ozônio",2015,"Universidade Federal de Goiás",,1
"Ae125accc","ORIENTACAO_MESTRADO","Impactos da codisposição de lodo séptico em lagoas anaeróbia, facultativa, aerada e de decantação. Estudo de caso ETE de Anápolis",2012,"Universidade Federal de Goiás",,1
"A8f6d5d56","ORIENTACAO_MESTRADO","Avaliação das interferencias da codisposição de lodo de fossa séptica, previamente flotado, no desempenho de reator UASB",2012,"Universidade Federal de Goiás",,1
"A7ff1dcab","ORIENTACAO_MESTRADO","Interferência da codisposição de lodo séptico em sistema de lagoas de estabilização. Estudo de caso para a ETE Trindade Goiás",2012,"Universidade Federal de Goiás",,1
"A180be89a","ORIENTACAO_MESTRADO","Interferencia da codisposição de lodo séptico na estação de tratamento de esgoto de Goiânia",2012,"Universidade Federal de Goiás",,1
"A4a3e6024","ORIENTACAO_ESPECIALIZACAO","EFICIÊNCIA NA REMOÇÃO DE MICROPLÁSTICO DE POLIETILENO ENVELHECIDO PELO PROCESSO DE COAGULAÇÃO",2023,"Universidade Federal de Goiás",,1
"Aaca4bc2b","ORIENTACAO_ESPECIALIZACAO","ANÁLISE DA EFICIÊNCIA DO PROCESSO DE ELETROCOAGULAÇÃO NA REMOÇÃO DE MICROPLÁSTICOS",2022,"Universidade Federal de Goiás",,1
"A03358377","ORIENTACAO_TCC","ESTUDO DO EFEITO DO SURFACTANTE ALQUILBENZENO SULFONATO LINEAR (LAS) SOBRE A COAGULAÇÃO DE MICROPLÁSTICO ENVELHECIDO",2024,"Universidade Federal de Goiás",,1
"Afb40e255","ORIENTACAO_TCC","REMOÇÃO DE MICROPLÁSTICO POR MEIO DE FLOTAÇÃO COM AR DISSOLVIDO",2023,"Universidade Federal de Goiás",,1
"A954c777e","ORIENTACAO_TCC","Efeito da implantação do tratamento biológico (secundário) sobre do tratamento físico-químico (primário) da ETE Dr. Hélio Seixo de Britto",2022,"Universidade Federal de Goiás",,1
"Aa62028d6","ORIENTACAO_TCC","Efeito da implantação do tratamento biológico (secundário) sobre do tratamento físico-químico (primário) da ETE Dr. Hélio Seixo de Britto",2022,"Universidade Federal de Goiás",,1
"A6fd900bb","ORIENTACAO_TCC","ESTUDO CIENCIOMETRICO SOBRE A REMOÇÃO DE MICROPLÁSTICO A PARTIR DO MEIO LÍQUIDO",2021,"Universidade Federal de Goiás",,1
"A2f4a7215","ORIENTACAO_TCC","DIAGNOSTICO E OTIMIZAÇÃO DO FUNCIONAMENTO DO SISTEMA DE TRATAMENTO DE LÍQUIDOS PERCOLADOS DO ATERRO SANITÁRIO DE GOIÂNIA",2021,"Universidade Federal de Goiás",,1
"Afc608455","ORIENTACAO_TCC","Otimização da remoção de nitrogênio e outros poluentes no sistema de tratamento de lixiviados do aterro sanitário de Goiânia",2021,"Universidade Federal de Goiás",,1
"A78e00883","ORIENTACAO_TCC","REMOÇÃO DE GLIFOSATO A PARTIR DE EFLUENTE INDUSTRIAL UTILIZANDO OZONIZAÇÃO FOTOCATALÍTICA COM TiO2",2016,"Universidade Federal de Goiás",,1
"A05f072b2","ORIENTACAO_TCC","Remoção de 17α-etinilestradiol em concentrações típicas do efluente farmacêutico utilizando ozonização fotocatalítica",2016,"Universidade Federal de Goiás",,1
"A5f783b8a","ORIENTACAO_TCC","Remoção de dureza de águas subterrâneas por troca iônica",2015,"Universidade Federal de Goiás",,1
"A1599d8b2","ORIENTACAO_TCC","Remoção de nitrogênio de efluente farmacêutico por meio de reator operando em bateladas sequenciais",2015,"Universidade Federal de Goiás",,1
"A0b8d8bd1","ORIENTACAO_TCC","Remoção de cor e fenol por meio de fotocatálise homogênea",2013,"Universidade Federal de Goiás",,1
"A9815d518","ORIENTACAO_TCC","Tratamento anaeróbio de efluente de indústria de fármacos",2013,"Universidade Federal de Goiás",,1
"A5729d689","ORIENTACAO_TCC","Tratamento anaeróbio de efluente de indústria de fármacos",2013,"Universidade Federal de Goiás",,1
"A81de6e23","ORIENTACAO_TCC","Tratamento anaeróbio de efluente de indústria de fármacos",2013,"Universidade Federal de Goiás",,1
"A1526ac37","ORIENTACAO_TCC","Pós-tratamento de efluentes de indústria de refrigerantes por meio de microfiltração em membrana de fibra oca",2011,"Universidade Estadual Paulista Júlio de Mesquita Filho",,1
"Abd689dfa","ORIENTACAO_TCC","Descoloração de efluente de curtume por meio de fotocatálise homogênea com peróxido de hidrogênio e radiação solar",2011,"Universidade Estadual Paulista Júlio de Mesquita Filho",,1
"Ac383e9cf","ORIENTACAO_TCC","Remoção de nitrogênio amoniacal em baixas concentrações de oxigênio dissolvido a partir do efluente de um frigorífico bovino",2011,"Universidade Estadual Paulista Júlio de Mesquita Filho",,1
"A1ff29dba","ORIENTACAO_TCC","Tratamento biológico de efluente de curtume por meio de reator anaeróbio de leito fludificado",2010,"Universidade Estadual Paulista Júlio de Mesquita Filho",,1
"A3e248573","ORIENTACAO_TCC","Otimização de desempenho de um reator UASB tratendo efluente de indústria de refrigerante",2010,"Universidade Estadual Paulista Júlio de Mesquita Filho",,1
"A0987aaeb","ORIENTACAO_TCC","Efeito da adição de coagulante químico em um reator aeróbio operando em bateladas sequenciais",2010,"Universidade Estadual Paulista Júlio de Mesquita Filho",,1
"A0af57763","ORIENTACAO_TCC","Degradação de corantes de curtume por meio de radiação UV e TiO2 fixado em placas de vidro",2010,"Universidade Estadual Paulista Júlio de Mesquita Filho",,1
"A373cb724","ORIENTACAO_TCC","Avaliação respirométrica da atividade da biomassa e da biodegradabilidade de águas residuárias de um frigorífico tratadas em um reator aeróbio operando em bateladas seqüenciais sob adição de coagulantes químicos",2010,"Universidade Estadual Paulista Júlio de Mesquita Filho",,1
"A6b390038","ORIENTACAO_TCC","DESENVOLVIMENTO DE CULTURAS ANNAMOX EM REATOR ANAEROBIO DE LEITO FIXO",2009,"Universidade Estadual Paulista Júlio de Mesquita Filho",,1
"Af347334c","ORIENTACAO_TCC","ESTUDO DO EFEITO DA COAGULAÇÃO QUÍMICA NO TRATAMENTO DE EFLUENTE DA INDÚSTRIA DE ABATE DE BOVINOS POR MEIO DE REATOR AERÓBIO OPERANDO EM BATELADA SEQUENCIAL",2009,"Universidade Estadual Paulista Júlio de Mesquita Filho",,1
"A865cdc54","ORIENTACAO_TCC","TRATAMENTO DE EFLUENTE DE ABATEDOURO DE BOVINOS EM REATORES AERÓBIO E ANAERÓBIO DE LEITO FLUIDIFICADO OPERANDO EM SÉRIE",2009,"Universidade Estadual Paulista Júlio de Mesquita Filho",,1
"A5737d5f4","ORIENTACAO_TCC","TRATAMENTO DE VINHAÇA POR MEIO DE ELETROCOAGULAÇÃO-FLOTAÇÃO",2009,"Universidade Estadual Paulista Júlio de Mesquita Filho",,1
"Aaf06c5e3","ORIENTACAO_TCC","APLICAÇÃO DE FOTOCATÁLISE COMO PÓS-TRATAMENTO DOS EFLUENTES DE UMA INDÚSTRIA DE ABATE DE BOVINOS",2009,"Universidade Estadual Paulista Júlio de Mesquita Filho",,1
"A4ac25c99","ORIENTACAO_TCC","EMPREGO DE PNEU TRITURADO COMO MEIO SUPORTE EM REATOR ANAERÓBIO DE LEITO EXPANDIDO EMPREGADO NO TRATAMENTO DE EFLUENTES DE INDÚSTRIA DE REFRIGERANTES",2009,"Universidade Estadual Paulista Júlio de Mesquita Filho",,1
"A3ac322be","ORIENTACAO_TCC","ELETROCOAGULAÇÃO-FLOTAÇÃO (ECF) APLICADA AO TRATAMENTO DE ÁGUA DE LAVAGEM DE RECICLAGEM DE PLÁSTICOS",2008,"Universidade Estadual Paulista Júlio de Mesquita Filho",,1
"Aea389057","ORIENTACAO_TCC","OTIMIZAÇÃO DO RENDIMENTO DE UM REATOR SEQUÊNCIAL POR BATELADA PARA O TRATAMENTO DE EFLUENTES DE INDÚSTRIA DE REFRIGERANTES",2008,"Universidade Estadual Paulista Júlio de Mesquita Filho",,1
"A9079a280","ORIENTACAO_TCC","TRATAMENTO DE ÁGUAS RESIDUÁRIAS PROVENIENTES DE ABATEDOURO DE BOVINOS POR MEIO DE REATOR ANAERÓBIO DE LEITO FLUIDIFICADO",2008,"Universidade Estadual Paulista Júlio de Mesquita Filho",,1
"A8368dc85","ORIENTACAO_TCC","DESEMPENHO DE REATOR SEQUENCIAL AERÓBIO DE LEITO FLUIDIFICADO NO PÓS-TRATAMENTO DAS ÁGUAS RESIDUÁRIAS DE UM FRIGORÍFICO",2008,"Universidade Estadual Paulista Júlio de Mesquita Filho",,1
"Ade242e53","ORIENTACAO_TCC","TRATAMENTO ANAERÓBIO DE VINHAÇA, EM REATOR ANAERÓBIO DE LEITO FLUIDIZADO",2008,"Universidade Estadual Paulista Júlio de Mesquita Filho",,1
"Abcd06513","ORIENTACAO_TCC","Implantação e partida de um reator anaeróbio de leito fluidificado para o tratametno de chorume",2007,"Universidade Estadual de Campinas",,1
"Af3ddd0a8","ORIENTACAO_TCC","Fossa séptica biodigestora para tratamento de excretas humanas",2007,"Universidade Estadual de Campinas",,1
"A3d75ab37","ORIENTACAO_TCC","Estudo de caso: Qualidade do ar de bairros de Limeira localizados próximos às rodovias",2007,"Universidade Estadual de Campinas",,1
"A4d475bbe","ORIENTACAO_TCC","Determinação da Concentração de Dióxido de Enxofre no Municipio de Limeira através do Método do Dioxido de nitrogênio",2007,"Universidade Estadual de Campinas",,1
"A75e5ad67","ORIENTACAO_TCC","Estudo do efeito toxicológico do material particulado presente na atmosfera, no Campus do CESET em Limeira - SP",2006,"Universidade Estadual de Campinas",,1
"A62d7a9cf","ORIENTACAO_TCC","Avaliação da qualidade da água do Córrego Água Limpa no município de Monte Aprazível - SP",2006,"Universidade Estadual de Campinas",,1
"A2a903f99","ORIENTACAO_TCC","Adequação microbiológica de sistemas de tratamento de efluentes líquidos",2006,"Universidade Estadual de Campinas",,1
"Aad7e3b1a","ORIENTACAO_TCC","Determinação da Concentrarão de Material Particulado nos campi da Unicamp em Limeira SP",2006,"Universidade Estadual de Campinas",,1
"A0d5f1784","ORIENTACAO_TCC","Monitoramento da Presença de Material Inalável na Atmosfera de Limeira SP",2006,"Universidade Estadual de Campinas",,1
"A68044b1a","ORIENTACAO_IC","REMOÇÃO DO MICROPLÁSTICO POR MEIO DE FLOTAÇÃO POR AR DISSOLVIDO",2024,"Universidade Federal de Goiás",,1
"Aa276fd36","ORIENTACAO_IC","Remoção de microplástico por coagulação com sulfato de alumínio",2022,"Universidade Federal de Goiás",,1
"Aa63fddcd","ORIENTACAO_IC","Influência de surfactantes na coagulação de microplásticos em águas e esgostos",2021,"Universidade Federal de Goiás",,1
"Ae5b83e3e","ORIENTACAO_IC","Uso de carvão ativado produzido a partir de casca de banana impregnado com alginato de cálcio para remoção de fósforo em meio aquoso",2019,"Universidade Federal de Goiás",,1
"Aff4ac4ef","ORIENTACAO_IC","REMOÇÃO DE FENOL POR OZONIZAÇÃO FOTOCATALÍTICA EM REATOR EM ESCALA PILOTO OPERANDO EM BATELADAS SEQUENCIAIS",2018,"Universidade Federal de Goiás",,1
"Af0ceb2ae","ORIENTACAO_IC","FOTÓLISE DO PERÓXIDO DE HIDROGÊNIO COMO PÓS-TRATAMENTO DO EFLUENTE DE UM REATOR ANAERÓBIO DE LEITO FLUIDIFICADO VISANDO A REMOÇÃO DE COMPOSTOS FARMACOLÓGICOS",2014,"Universidade Federal de Goiás",,1
"A92aba36d","ORIENTACAO_IC","Remoção de fenol por meio de fotocatálise homogênea",2013,"Universidade Federal de Goiás",,1
"Ab1b9895a","ORIENTACAO_IC","Remoção de fenol por meio de fotocatálise heterogênea",2013,"Universidade Federal de Goiás",,1
"A0623faad","ORIENTACAO_IC","Tratamento de efluentes provenientes de abatedouro de bovinos por meio de reator enzimático seguido de reator aeróbio operado em bateladas sequenciais",2011,"Universidade Estadual Paulista Júlio de Mesquita Filho",,1
"Aa9213d74","ORIENTACAO_IC","Tratamento de efluentes de laticínios por meio de reator de enzimas imobilizadas seguido de reator UASB",2011,"Universidade Estadual Paulista Júlio de Mesquita Filho",,1
"A18caf23b","ORIENTACAO_IC","Avaliação respirométrica de lodo proveniente de reator aeróbio operando em bateladas sequenciais sob aplicação de coagulantes químicos",2010,"Universidade Estadual Paulista Júlio de Mesquita Filho",,1
"Aebf6cfe6","ORIENTACAO_IC","REMOÇÃO ANAERÓBIA DE NITROGÊNIO AMONIACAL A PARTIR DE EFLUENTE DE FRIGORIFICO BOVINO",2010,"Universidade Estadual Paulista Júlio de Mesquita Filho",,1
"Ac584c641","ORIENTACAO_IC","Remoção de maté ria orgânica e nitrogênio de efluentes provenientes de abatedouros de bovinos por meio de reator aeróbio operando em bateladas sequenciais com a adição de coagulante químico",2010,"Universidade Estadual Paulista Júlio de Mesquita Filho",,1
"A0386502e","ORIENTACAO_IC","AVALIAÇÃO DA POTENCIALIDADE DE REATOR SEQUENCIAL ANAERÓBIO-AERÓBIO DE LEITO FLUIDIZADO NO TRATAMENTO DAS ÁGUAS RESIDUÁRIAS DE UMA UNIDADE FRIGORÍFICA",2009,"Universidade Estadual Paulista Júlio de Mesquita Filho",,1
"A10feaa6b","ORIENTACAO_IC","Avaliação respirométrica da atividade da biomassa e da biodegradabilidade de águas residuárias de um frigorífico tratadas em um reator aeróbio operando em bateladas seqüenciais sob adição de coagulantes químicos",2009,"Universidade Estadual Paulista Júlio de Mesquita Filho",,1
"A3d233646","ORIENTACAO_IC","TRATAMENTO DO EFLUENTE PROVENIENTE DE INDÚSTRIA DE REFRIGERANTES POR MEIO DE REATOR ANAERÓBIO DE LEITO FLUIDIFICADO",2008,"Universidade Estadual Paulista Júlio de Mesquita Filho",,1
"A3581ed04","ORIENTACAO_IC","OTIMIZAÇÃO DO RENDIMENTO DE UM REATOR SEQUÊNCIAL POR BATELADA PARA O TRATAMENTO DE EFLUENTES DE INDÚSTRIA DE REFRIGERANTES",2008,"Universidade Estadual Paulista Júlio de Mesquita Filho",,1
"Ac93fe3e8","ORIENTACAO_IC","Determinação da concentração de SO2 no município de Limeira SP, através do método de peróxido de hidrogênio",2007,"Universidade Estadual de Campinas",,1
"Ae16504d5","ORIENTACAO_IC","Estudo de caso: qualidade do ar de bairros de Limeira localizados próximos a rodovias",2007,"Universidade Estadual de Campinas",,1
"Ab946ee32","ORIENTACAO_IC","Eletro-coagulação-flotação de águas residuárias com elevado teor de material em suspensão",2007,"Universidade Estadual de Campinas",,1
"A8e54b4f7","ORIENTACAO_IC","ELETROCOAGULAÇÃO-FLOTAÇÃO APLICADA AO TRATAMENTO FÍSICO QUÍMICO DE PERCOLADO DE ATERRO SANITÁRIO",2007,"Universidade Estadual de Campinas",,1
"Aaca160e6","ORIENTACAO_IC","OPERAÇÃO E MONITORAMENTO DE UM SISTEMA HÍBRIDO DE REATORES ANAERÓBIOS APLICADO AO TRATAMENTO DE ESGOTO SANITÁRIO",2007,"Universidade Estadual de Campinas",,1
"A60dcc582","ORIENTACAO_IC","Water Quality Mapping in Choqueyapu River",2001,"Uppsala Universitet",,1
"Ad399770e","ORIENTACAO_OUTRA","Remoção de cor por meio de fotocatálise homogênea",2013,"Universidade Federal de Goiás",,1
"A349c084d","ORIENTACAO_OUTRA","Operação e monitoramento de um reator aeróbio, operado em bateladas sequenciais, destinado a realizar o tratamento de efluentes industriais provenientes de abatedouros bovinos",2011,"Universidade Estadual Paulista Júlio de Mesquita Filho",,1
"A8c49bf0a","ORIENTACAO_OUTRA","TREINAMENTO TÉCNICO EM REATOR DE TRATAMENTO ANAERÓBIO DE LEITO FLUIDIFICADO",2011,"Universidade Estadual Paulista Júlio de Mesquita Filho",,1
"Aa264633d","ORIENTACAO_OUTRA","Análises dos parâmetros de corpos de água: Córrego do Veado em Presidente Prudente",2008,"Universidade Estadual Paulista Júlio de Mesquita Filho",,1
"Accbc4d85","PROJETO_PESQUISA","Planejamento do Saneamento Básico para o Território Goiano",2017,,,1
"Ac85a383f","PROJETO_PESQUISA","Saneamento e Saúde Ambiental em Comunidades Rurais e Tradicionais de Goiás",2017,"Fundação Nacional de Saúde - Presidência",,1
"A561ad052","PROJETO_PESQUISA","TRATAMENTO DESCENTRALIZADO: PROPOSTA DE UM SISTEMA HÍBRIDO DE WETLANDS PARA REÚSO DOMÉSTICO E AGRÍCOLA.",2017,,,1
"A95a84527","ARTIGO","Contribuição per capita de esgoto fecal em residências de comunidades quilombolas rurais",2025,"Cadernos Técnicos Engenharia Sanitária e Ambiental","10.5327/276455760401007",1
"A5a118a53","ARTIGO","Cost-effectiveness study of septic tank management in rural communities",2023,"International Journal of Environmental Science and Technology","10.1007/s13762-023-05299-5",1
"Aa3418cdc","ARTIGO","Service and precariousness of sanitary sewage in rural communities in the state of Goiás, Brazil",2022,"ENGENHARIA SANITÁRIA E AMBIENTAL (ONLINE)","10.1590/s1413-415220220160",1
"Abebf3a95","ARTIGO","Treatment of cosmetic industry wastewater by flotation with Moringa oleifera Lam. and aluminum sulfate and toxicity assessment of the treated wastewater",2021,"Environmental Science and Pollution Research","10.1007/s11356-021-15722-4",1
"A60ef5ef9","ARTIGO","Reflexão acerca dos critérios que podem contribuir para a disseminação da COVID-19 em comunidades quilombolas rurais do estado de Goiás",2021,"Engenharia Sanitaria e Ambiental",,1
"A49babbd1","ARTIGO","Caracterização do efluente gerado em lavagem de veículos para reúso de água",2016,"Hydro (São Paulo)",,1
"A30a97829","ARTIGO","Perdas de Carga em Reatores Aeróbios de Leito Fluidizado com Circulação",2006,"Revista Brasileira de Recursos Hídricos",,1
"A501ca68e","LIVRO","Plano de Segurança do Saneamento Rural (PSSR): Comunidade Castelo/Retiro e Três Rios, Simolândia ? Goiás",2023,"Cegraf/UFG",,1
"Aa737a775","LIVRO","Plano de Segurança do Saneamento Rural (PSSR): Assentamento Itajá II, Goianésia ? Goiás",2023,"Cegraf/UFG",,1
"A3e13def4","LIVRO","Plano de Segurança do Saneamento Rural (PSSR): Assentamento Piracanjuba, Piracanjuba ? Goiás",2023,"Cegraf/UFG",,1
"A3716d3a1","LIVRO","Plano de Segurança do Saneamento Rural (PSSR): Comunidade Vazante, Divinópolis de Goiás ? Goiás",2023,"Cegraf/UFG",,1
"Aac006849","LIVRO","Plano de Segurança do Saneamento Rural (PSSR): Assentamento Céu Azul, Minaçu ? Goiás",2023,"Cegraf/UFG",,1
"A8b6268f9","LIVRO","Plano de Segurança do Saneamento Rural (PSSR): Assentamento São Sebastião da Garganta, Silvânia ? Goiás",2023,"Cegraf/UFG",,1
"A2c6b8e85","LIVRO","Plano de Segurança do Saneamento Rural (PSSR): Assentamento Fortaleza, Piranhas ? Goiás",2023,"Cegraf/UFG",,1
"Ae5322c69","LIVRO","Plano de Segurança do Saneamento Rural (PSSR): Comunidade Quilombola São Domingos, Cavalcante ? Goiás",2023,"Cegraf/UFG",,1
"A75de3ce2","LIVRO","Proposição de soluções de escotamento sanitário",2023,"Cegraf/UFG",,1
"A5d4b4492","LIVRO","Proposição de soluções de esgotamento sanitário",2023,"Cegraf/UFG",,1
"Ab9fd95c6","LIVRO","Aspectos do Saneamento",2020,"Cegraf UFG",,1
"A3da11eb3","CONGRESSO_COMPLETO","Dificuldades na construção e monitoramento de tanques de evapotranspiração para trata esgoto fecal em comunidades rurais",2025,"8º Simpósio sobre Sistemas Sustentáveis",,1
"Ac9cbb9d7","CONGRESSO_COMPLETO","Variação do volume útil em uma bacia de evapotranspiração para tratamento de esgoto fecal",2024,"ICEUBI2024 - International Congress on Engineering",,1
"Afffca128","CONGRESSO_COMPLETO","Monitoramento de uma bacia de avapotranspiração para tratamento de esgoto fecal",2024,"21° Encontro de Engenharia Sanitária e Ambiental (21° ENaSB)",,1
"Ae1292b44","CONGRESSO_COMPLETO","Avaliação da contribuição per capita (Cp) de esgoto fecal em residência de comunidades quilombolas",2024,"21º Simpósio Luso-Brasileiro de Engenharia Sanitária e Ambiental",,1
"Ac4c466b2","CONGRESSO_COMPLETO","Avaliação da qualidade da água e as condições intradomiciliares em comunidades rurais do estado de Goiás",2022,"XX Silubesa - Simpósio Luso-brasileiro de engenharia sanitária e ambiental",,1
"A2d80223e","CONGRESSO_COMPLETO","Utilização de águas residuais tratadas no aeroporto internacional da Praia (Cabo Verde)",2016,"XVII SILUBESA - Simpósio Luso-Brasileiro de Engenharia Sanitária e Ambiental",,1
"Ab76e2b12","CONGRESSO_COMPLETO","Estudos sobre o decaimento do cloro residual livre em águas distribuídas em redes de abastecimento",2016,"XXXV Congreso Interamericano de Ingeniería Sanitaria y Ambiental e 59º Congreso Internacional Agua, Saneamiento, Ambiente y Energías Renovables",,1
"Aceccb372","CONGRESSO_COMPLETO","PROPOSIÇÃO DE MODELO PARA CÁLCULO DO ÍNDICE DE CARÊNCIA EM SANEAMENTO BÁSICO ? ICSB DE UMA REGIÃO",2016,"XX Exposição de Experiências Municipais em Saneamento",,1
"A60f67d7b","CONGRESSO_COMPLETO","CARACTERIZAÇÃO DO EFLUENTE GERADO EM LAVAGEM DE VEÍCULOS PARA PROJETO DE REÚSO DE ÁGUA",2015,"XXVIII CONGRESSO BRASILEIRO DE ENGENHARIA SANITÁRIA E AMBIENTAL",,1
"A34bc7e3b","CONGRESSO_COMPLETO","Post-treatment of effluent from shallow pond aiming at multiple services",2011,"10th Specialezed Conference on Small Water and Wastewater Treatment System (SWWS)",,1
"A36503f2b","CONGRESSO_COMPLETO","Desempenho de um filtro biológico percolador na remoção de nitrogênio amoniacal de efluente de lagoa facultativa",2011,"26º Congresso Brasileiro de Engenharia Sanitária e Ambiental",,1
"A0a85f7e8","CONGRESSO_COMPLETO","TRICKLING FILTERS: ALTERNATIVE FOR AMMONIA REMOVAL FROM STABILIZATION POND SYSTEM EFFLUENT",2009,"8th SPECIALIST GROUP CONFERENCE ON WASTE STABILIZATION PONDS",,1
"Af84f77dc","CONGRESSO_COMPLETO","UTILIZATION OF A SHALLOW POND FOR AMMONIA REMOVAL FROM FACULTATIVE POND EFFLUENT",2009,"8th SPECIALIST GROUP CONFERENCE ON WASTE STABILIZATION PONDS",,1
"A05780c8a","CONGRESSO_COMPLETO","Nitrificação de efluentes de lagoas facultativas fotossintéticas em filtros biológicos percoladores",2008,"XXXI CONGRESO INTERAMERICANO DE INGENIERÍA SANITARIA Y AMBIENTAL AIDIS",,1
"Ab2a0b9eb","CONGRESSO_COMPLETO","Dinâmica da remoção de nitrogênio amoniacal em sistemas de lagoas de estabilização",2008,"XXXI CONGRESO INTERAMERICANO DE INGENIERÍA SANITARIA Y AMBIENTAL AIDIS",,1
"Ad90f92e6","CONGRESSO_COMPLETO","Efeito de parâmetros geométricos sobre a eficiência do consumo de ar por reatores aeróbios de leito fluidizado com circulação",2005,"XV Simpósio Nacional de Bioprocessos",,1
"A0d11989c","CONGRESSO_COMPLETO","Efeito do diâmetro do tubo interno sobre a circulação e eficiência de aeração em reator de leito fluidizado com circulação em tubos concêntricos",2005,"XXIII Congresso Brasileiro de Engenharia Sanitária e Ambiental",,1
"A8301a913","CONGRESSO_COMPLETO","Comparação do Desempenho de dois sistemas de injeção de ar em reatores aeróbios de leito fluidizado",2005,"XV Simpósio Nacional de Bioprocessos",,1
"A1cd3700c","CONGRESSO_COMPLETO","Velocidades induzidas em reatores aeróbios de leito fluidizado com circulação em tubos concêntricos",2003,"XV Simpósio Brasileiro de Recursos Hídricos",,1
"A06628f50","CONGRESSO_COMPLETO","Desempenho de reatores aeróbios de leito fluidizado operando com diferentes concentrações de meio suporte e tipos de injetores",2003,"XXII Congresso Brasileiro de Engenharia Sanitária e Ambiental",,1
"Abc9417f4","CONGRESSO_COMPLETO","Determinação das perdas de carga em reatores aeróbios retangulares de leito fluidizado com circulação",2002,"X Enasb/Silubesa",,1
"Afe7aae36","CONGRESSO_COMPLETO","Eficiência na remoção da matéria orgânica em reatores aeróbios de leito fluidizado",2002,"X Enasb/Silubesa",,1
"A6d13b209","CONGRESSO_COMPLETO","Transferência de oxigênio em reator aeróbio de leito fluidizado",2002,"VI Simpósio Ítalo Brasileiro de Engenharia Sanitária e Ambiental",,1
"A7b538ea8","CONGRESSO_COMPLETO","Acompanhamento do crescimento da biomassa comparado a remoção da DBO em reator aeróbio de leito fluidizado",2002,"VI Simpósio Ítalo Brasileiro de Engenharia Sanitária e Ambiental",,1
"Aeff0c625","CONGRESSO_COMPLETO","Funcionamento hidráulico de reatores aeróbios com circulação por jatos de ar para tratamento biológico de efluentes",2001,"XIV Simpósio Brasileiro de Recursos Hídricos",,1
"A9970af9e","CONGRESSO_COMPLETO","Efeito da concentração de areia na transferência de oxigênio em modelos reduzidos de reator aeróbio de leito fluidizado em tubos concêntricos",2001,"XXI Congresso Brasileiro de Engenharia Sanitária e Ambiental",,1
"A3591216d","CONGRESSO_COMPLETO","Desempenho de dois tipos de injetores de ar na transferência de oxigênio em reator aeróbio de leito fluidizado",2001,"XXI Congresso Brasileiro de Engenharia Sanitária e Ambiental",,1
"A5e65eaf7","CONGRESSO_RESUMO_EXP","Eficiencia na remoção da matéria orgânica em reator aeróbio de leito fluidizado com diferentes meio suporte",2002,"X Reunião Sociedade Brasileira de Pesquisadores Nikkeis",,1
"A629aa90d","CONGRESSO_RESUMO_EXP","Comparação de diferentes tipos de injetores na transferência de oxigênio e no comportamento da fluidização em reatores aeróbios",2001,"IX Reunião Sociedade Brasileira de Pesquisadores Nikkeis",,1
"A1f45d61e","CONGRESSO_RESUMO_EXP","Crescimento da Biomnassa comparado a remoção da DBO solúvel em reator aeróbio de leito fluidizado",2001,"IV Jornada Científica da AUGM sobre o Meio Ambiente",,1
"A74ef15d9","CONGRESSO_RESUMO_EXP","Desempenho de reatores de leito fluidizado operando com diferentes TDH's na remoção da matéria orgânica",2001,"IX Reunião Sociedade Brasileira de Pesquisadores Nikkeis",,1
"A31661d57","CONGRESSO_RESUMO_EXP","Previsão de ondas induzidas pelo vento no lago de Ilha Solteira",1999,"XI Congresso de Iniciação Científica da Unesp",,1
"A068379b4","CONGRESSO_RESUMO","Parâmetros de monitoramento para o sistema de Bacia de Evapotranspiração (BET)",2024,"XXI Conpeex Biomas do Brasil: Diversidades, Saberes e Tecnologias Sociais",,1
"A43773c66","CONGRESSO_RESUMO","Tecnologias sociais de tratamento de esgoto em territórios tradicionais",2024,"XXI Conpeex Biomas do Brasil: Diversidades, Saberes e Tecnologias Sociais",,1
"A08483527","APRESENTACAO","UTILIZATION OF A SHALLOW POND FOR AMMONIA NITROGEN REMOVAL FROM FACULTATIVE POND EFFLUENT",2009,,,1
"A82d5815b","BANCA_MESTRADO","AVALIAÇÃO DO RISCO QUÍMICO EM COMUNIDADES RURAIS",2025,"Universidade Federal de Goiás",,1
"A516e9bd2","BANCA_MESTRADO","Impacto das Nanopartículas de Dióxido de Titânio na Nucleação e Crescimento de Cristais de Estruvita para a Recuperação de Fósforo de Esgoto Sanitário",2024,"Universidade Federal do ABC",,1
"A8568afa1","BANCA_MESTRADO","Avaliação do uso de resíduo de estação de tratamento de água na produção de espécies vegetais com ocorrência no Cerrado",2015,"Universidade Federal de Goiás",,1
"A56f43163","BANCA_MESTRADO","Análise de impactos ambientais gerados pela implantação de loteamentos fechados de alto padrão",2015,"Universidade Estadual Paulista Júlio de Mesquita Filho",,1
"A1b9cd3e9","BANCA_MESTRADO","Avaliação dos impactos ambientais gerados pelos automóveis na cidade de Ilha Solteira-SP",2015,"Universidade Estadual Paulista Júlio de Mesquita Filho",,1
"Adff94cce","BANCA_MESTRADO","Determinação da Adsorção e Desassorção de Areia e PET (Politereftalato de Etileno) e seu Potencial na Utilização no Tratamento de Águas Residuárias",2014,"Universidade Estadual Paulista Júlio de Mesquita Filho",,1
"A5a957cfd","BANCA_MESTRADO","Análise de viabilidade técnica e ambiental de vias cicláveis na cidade de Presidente Epitácio-SP",2014,"Universidade Estadual Paulista Júlio de Mesquita Filho",,1
"A5811ed9d","BANCA_MESTRADO","Análise de viablidade da coleta seletiva na cidade de Valparaíso-SP",2013,"Universidade Estadual Paulista Júlio de Mesquita Filho",,1
"A9f9be8da","BANCA_MESTRADO","Remoção de Nitrogênio em Reatores Aeróbios de Leito Fluidizado Trifásico com Circulação",2012,"Universidade Estadual Paulista Júlio de Mesquita Filho",,1
"A909a91fa","BANCA_MESTRADO","Estudo Comparativo de Sistema de Eletrocoagulação Operando por Batelada e em Fluxo Contínuo no Tratamento de Águas",2025,"Universidade Federal de Goiás",,1
"A91f181d4","BANCA_MESTRADO","AVALIAÇÃO DO RISCO AMBIENTAL EM COMUNIDADES RURAIS",2024,"Universidade Federal de Goiás",,1
"A504b8dbf","BANCA_MESTRADO","MONITORAMENTO DE BACIA DE EVAPOTRANSPIRAÇÃO (BET), EM ÁREAS RURAIS, PARA DIMENSIONAMENTO FÍSICO NO TRATAMENTO DE ÁGUA FECAL",2024,"Universidade Federal de Goiás",,1
"Ace05fe70","BANCA_MESTRADO","Utilização de Resíduos de Estações de Tratamento de Água em Solo Degradado",2014,"Universidade Federal de Goiás",,1
"A9dee7a25","BANCA_ESPECIALIZACAO","PROCEDIMENTO OPERACIONAL DE SEGURANÇA EM ATIVIDADE DE ESCAVAÇÃO DE VALAS",2022,"Universidade Federal de Goiás",,1
"Aad381108","BANCA_ESPECIALIZACAO","Vigilância em águas de consumo humano nos municípios goianos com administração pública direta",2015,"Universidade Federal de Goiás",,1
"A1b2dd95a","BANCA_TCC","Remoção de flúor em meio aquoso utilizando biocarvão modificado por estrutura metal-orgânica de alumínio",2025,"Universidade Federal de Goiás",,1
"A66aace18","BANCA_TCC","HETEROCONTROLE DE FLÚOR NAS REDES DE ABASTECIMENTO DOS MUNICÍPIOS DE GOIÂNIA E APARECIDA DE GOIÂNIA ? GOIÁS",2025,"Universidade Federal de Goiás",,1
"A0e4e9641","BANCA_TCC","Impacto de Reservatórios de Regularização na Determinação das vazões Mínimas e Máximas",2025,"Universidade Federal de Goiás",,1
"A34956890","BANCA_TCC","Avaliação Da Microbiota De Um Sistema Piloto de Lodos Ativados",2025,"Universidade Federal de Goiás",,1
"A7a2b0bb4","BANCA_TCC","Desenvolvimento de um software em código livre para o dimensionamento de redes de distribuição de água pelo método de Hardy Cross",2025,"Universidade Federal de Goiás",,1
"A5a8ad262","BANCA_TCC","Análise Comparativa de Modelos Estruturais para a análise de escadas em Concreto Armado",2024,"Universidade Federal de Goiás",,1
"Add8dd52a","BANCA_TCC","Remoção de flúor em meio aquoso utilizando biocarvão e estrutura metal-orgânica",2024,"Universidade Federal de Goiás",,1
"A1eb710ef","BANCA_TCC","IMPACTO DA URBANIZAÇÃO DE GOIÂNIA NAS VAZÕES MÁXIMAS DO RIO MEIA PONTE",2024,"Universidade Federal de Goiás",,1
"Aa8b481bf","BANCA_TCC","Determinação de IDF?s através de aplicativos de otimização para a cidade de Goiânia/GO",2024,"Universidade Federal de Goiás",,1
"Af5573e64","BANCA_TCC","HETEROCONTROLE DE FLÚOR NAS REDES DE ABASTECIMENTO DO MUNICÍPIO DE GOIÂNIA ? GOIÁS",2024,"Universidade Federal de Goiás",,1
"Ae65ce8ab","BANCA_TCC","Benefícios da implementação de pavimentos permeáveis e poços de infiltração na vazão de projeto",2023,"Universidade Federal de Goiás",,1
"A20f92f24","BANCA_TCC","ESTUDO CIENCIOMÉTRICO ACERCA DO USO DE EFLUENTE TRATADO NA INDÚSTRIA DA CONSTRUÇÃO CIVIL",2023,"Universidade Federal de Goiás",,1
"Af3cd2fc7","BANCA_TCC","Diagnóstico do uso da água em uma escola de tempo integral e considerações sobre uso racional",2016,"Universidade Federal de Goiás",,1
"Ae350a683","BANCA_TCC","S. Mendes; Marcos T. Konaga; Rafael S. Pinto.Diagnóstico e potencial de aproveitamento de água em clínica veterinária",2016,"Universidade Federal de Goiás",,1
"A45a199e5","BANCA_TCC","Estudo de economicidade de sistema individual de esgoto frente ao convencional",2015,"Universidade Federal de Goiás",,1
"A6c9daeda","BANCA_TCC","O. MARINHO; GUILHERME MILHOME.RESINA DE TROCA CATIÔNICA PARA REMOÇÃO DE DUREZA DA ÁGUA",2015,"Universidade Federal de Goiás",,1
"A839a3a61","BANCA_TCC","Aproveitamento de Água de Chuva - Estudo da Viabilidade em Diferentes Capitais",2014,"Universidade Federal de Goiás",,1
"A5ed434a9","BANCA_TCC","Avaliação da ETA de Hidrolândia para Atendimento de Padrão de Turbidez da Portaria 2914",2014,"Universidade Federal de Goiás",,1
"A09eb1d80","ORIENTACAO_MESTRADO","Avaliação dos parâmetros físico-químicos e microbiológicos de efluentes em Bacias de Evapotranspiração (BETs) instaladas em comunidades rurais",2025,"Universidade Federal de Goiás",,1
"Aced3c315","ORIENTACAO_MESTRADO","DEFINIÇÃO DE PARÂMETROS OPERACIONAIS PARA DIMENSIONAMENTO DA BACIA DE EVAPOTRANSPIRAÇÃO EM ÁREAS RURAIS",2025,"Universidade Federal de Goiás",,1
"A752d792a","ORIENTACAO_MESTRADO","Análise de Modelos Hidráulicos para Redução de Perdas em Sistemas de Distribuição de Água",2025,"Universidade Federal de Goiás",,1
"A86e6e0c5","ORIENTACAO_TCC","Comparação entre um sistema convencional de tratamento de água e uma estação de Osmose reversa",2017,"Universidade Federal de Goiás",,1
"Ac479b0a6","ORIENTACAO_TCC","EFEITO DA ALTERAÇÃO NA OPERAÇÃO DE UM REATOR EM BATELADA PARA FLUXO CONTÍNUO SOBRE A FORMAÇÃO DO LODO GRANULAR",2016,"Universidade Federal de Goiás",,1
"A64b719b0","ORIENTACAO_IC","PROPOSIÇÃO DE MODELO TEÓRICO PARA DIMENSIONAMENTO DE UMA TEVAP",2024,"Universidade Federal de Goiás",,1
"A880696fc","ORIENTACAO_IC","POTENCIAL DE USO DE EFLUENTE TRATADO NA INDÚSTRIA DA CONSTRUÇÃO CIVIL",2024,"Universidade Federal de Goiás",,1
"A8dca37ef","ORIENTACAO_IC","Parâmetrros de Dimensionamento para um sistema de Tratamento Zero Descarga",2023,"Universidade Federal de Goiás",,1
"Ada6b3401","ORIENTACAO_IC","DIAGNÓSTICO DA SITUAÇÃO DE ESGOTAMENTO SANITÁRIO EM UMA COMUNIDADE RURAL E MONITORAMENTO DE UMA SOLUÇÃO ALTERNATIVA DE TRATAMENTO",2022,"Universidade Federal de Goiás",,1
"A1c7f99a7","ORIENTACAO_IC","Efeito da ventilação natural através de aberturas laterais em um sistema de Wetland de Fluxo Vertical no processo de nitrificação",2016,"Universidade Federal de Goiás",,1
"A1edc3adb","ORIENTACAO_IC","Efeito da inserção de chicanas verticais em um sistema de Wetland de Fluxo Horizontal no processo de remoção do nitrogênio",2016,"Universidade Federal de Goiás",,1
"A4434f867","ORIENTACAO_MESTRADO","Proposição de soluções de esgotamento sanitário em comunidades do estado de Goiás",2022,"Universidade Federal de Goiás",,1
"A977f210e","ORIENTACAO_MESTRADO","Tratamento por flotação com Moringa oleifera Lam. e sulfato de alumínio e avaliação físico-química e da toxicidade do efluente tratado de uma indústria de cosméticos",2020,"Universidade Federal de Goiás",,1
"Ab2cc44a0","ORIENTACAO_ESPECIALIZACAO","PROCEDIMENTO OPERACIONAL DE SEGURANÇA EM ATIVIDADE DE ESCAVAÇÃO DE VALAS",2022,"Universidade Federal de Goiás",,1
"A36b9271b","ORIENTACAO_ESPECIALIZACAO","o: Análise preliminar de riscos em uma empresa de prestação de serviços",2020,"Universidade Federal de Goiás",,1
"Aa1b8adfa","ORIENTACAO_ESPECIALIZACAO","AVALIAÇÃO DA VIABILIDADE DE IMPLANTAÇÃO DE SISTEMA DE BIODIGESTÃO ANAERÓBIA NO TRATAMENTO DE ÁGUAS RESIDUÁRIAS NO ASSENTAMENTO BOA ESPERANÇA NO MUNICÍPIO DE PIRACANJUBA-GO",2020,"Universidade Federal de Goiás",,1
"A5a83c83e","ORIENTACAO_ESPECIALIZACAO",": AVALIAÇÃO DA VIABILIDADE DE IMPLANTAÇÃO DE SISTEMA DE BIODIGESTÃO ANAERÓBIA NO TRATAMENTO DE ÁGUAS RESIDUÁRIAS NO ASSENTAMENTO BOA ESPERANÇA NO MUNICÍPIO DE PIRACANJUBA-GO",2020,"Universidade Federal de Goiás",,1
"A22a3a9af","ORIENTACAO_ESPECIALIZACAO","AVALIAÇÃO DA VIABILIDADE DE IMPLANTAÇÃO DE SISTEMA DE BIODIGESTÃO ANAERÓBIA NO TRATAMENTO DE ÁGUAS RESIDUÁRIAS NO ASSENTAMENTO BOA ESPERANÇA NO MUNICÍPIO DE PIRACANJUBA-GO",2020,"Universidade Federal de Goiás",,1
"A1da656af","ORIENTACAO_ESPECIALIZACAO","AVALIAÇÃO DA VIABILIDADE DE IMPLANTAÇÃO DE SISTEMA DE BIODIGESTÃO ANAERÓBIA NO TRATAMENTO DE ÁGUAS RESIDUÁRIAS NO ASSENTAMENTO BOA ESPERANÇA NO MUNICÍPIO DE PIRACANJUBA-GO",2020,"Universidade Federal de Goiás",,1
"Aed091ea0","ORIENTACAO_ESPECIALIZACAO","TECNOLOGIAS ADEQUADAS DE TRATAMENTO DE EFLUENTES DOMÉSTICOS PARA COMUNIDADES RURAIS",2020,"Universidade Federal de Goiás",,1
"A27df5673","ORIENTACAO_ESPECIALIZACAO",": TECNOLOGIAS ADEQUADAS DE TRATAMENTO DE EFLUENTES DOMÉSTICOS PARA COMUNIDADES RURAIS",2020,"Universidade Federal de Goiás",,1
"A1544b45a","ORIENTACAO_ESPECIALIZACAO","TECNOLOGIAS ADEQUADAS DE TRATAMENTO DE EFLUENTES DOMÉSTICOS PARA COMUNIDADES RURAIS",2020,"Universidade Federal de Goiás",,1
"Af98ae4e6","ORIENTACAO_ESPECIALIZACAO","TECNOLOGIAS ADEQUADAS DE TRATAMENTO DE EFLUENTES DOMÉSTICOS PARA COMUNIDADES RURAIS",2020,"Universidade Federal de Goiás",,1
"A62f18548","ORIENTACAO_ESPECIALIZACAO","ho: TECNOLOGIAS ADEQUADAS DE TRATAMENTO DE EFLUENTES DOMÉSTICOS PARA COMUNIDADES RURAIS",2020,"Universidade Federal de Goiás",,1
"A8c62269f","ORIENTACAO_ESPECIALIZACAO","IDENTIFICAÇÕES DAS SOLUÇÕES PARA MELHORIA DAS CONDIÇÕES SANITÁRIAS DA COMUNIDADE QUILOMBOLA DO GIBRIÉ DE SÃO LOURENÇO BARCARENA - PARÁ E COMUNIDADE QUILOMBOLA GOIANINHA DE PALMEIRAS DE GOIÁS - GOIÁS",2020,"Universidade Federal de Goiás",,1
"A1d5a769b","ORIENTACAO_ESPECIALIZACAO","IDENTIFICAÇÕES DAS SOLUÇÕES PARA MELHORIA DAS CONDIÇÕES SANITÁRIAS DA COMUNIDADE QUILOMBOLA DO GIBRIÉ DE SÃO LOURENÇO BARCARENA - PARÁ E COMUNIDADE QUILOMBOLA GOIANINHA DE PALMEIRAS DE GOIÁS - GOIÁS",2020,"Universidade Federal de Goiás",,1
"A8c1754b0","ORIENTACAO_ESPECIALIZACAO","IDENTIFICAÇÕES DAS SOLUÇÕES PARA MELHORIA DAS CONDIÇÕES SANITÁRIAS DA COMUNIDADE QUILOMBOLA DO GIBRIÉ DE SÃO LOURENÇO BARCARENA - PARÁ E COMUNIDADE QUILOMBOLA GOIANINHA DE PALMEIRAS DE GOIÁS - GOIÁS",2020,"Universidade Federal de Goiás",,1
"A58ee73de","ORIENTACAO_ESPECIALIZACAO","ho: IDENTIFICAÇÕES DAS SOLUÇÕES PARA MELHORIA DAS CONDIÇÕES SANITÁRIAS DA COMUNIDADE QUILOMBOLA DO GIBRIÉ DE SÃO LOURENÇO BARCARENA - PARÁ E COMUNIDADE QUILOMBOLA GOIANINHA DE PALMEIRAS DE GOIÁS - GOIÁS",2020,"Universidade Federal de Goiás",,1
"Add93a4b3","ORIENTACAO_ESPECIALIZACAO","ho: IDENTIFICAÇÕES DAS SOLUÇÕES PARA MELHORIA DAS CONDIÇÕES SANITÁRIAS DA COMUNIDADE QUILOMBOLA DO GIBRIÉ DE SÃO LOURENÇO BARCARENA - PARÁ E COMUNIDADE QUILOMBOLA GOIANINHA DE PALMEIRAS DE GOIÁS - GOIÁS",2020,"Universidade Federal de Goiás",,1
"Aa613a0a3","ORIENTACAO_ESPECIALIZACAO","o: TRATAMENTO DE ESGOTO DOMÉSTICO EM COMUNIDADES:REFERENCIAL DE SOLUÇÕES",2020,"Universidade Federal de Goiás",,1
"Ad7606feb","ORIENTACAO_ESPECIALIZACAO","o: TRATAMENTO DE ESGOTO DOMÉSTICO EM COMUNIDADES:REFERENCIAL DE SOLUÇÕES",2020,"Universidade Federal de Goiás",,1
"Ac5a81b75","ORIENTACAO_TCC","ESTUDO CIENCIOMÉTRICO SOBRE O USO DE EFLUENTE TRATADO NA INDÚSTRIA DA CONSTRUÇÃO CIVIL E CERÂMICA",2023,"Universidade Federal de Goiás",,1
"A195e9e34","ORIENTACAO_TCC","ANÁLISE DO IMPACTO DE BOCAS DE LOBO COM INFILTRAÇÃO NA VAZÃO DE PICO DO SISTEMA DE DRENAGEM URBANA EM GOIÂNIA- GO",2020,"Universidade Federal de Goiás",,1
"Ae25f1ce4","ORIENTACAO_TCC","ANÁLISE DO IMPACTO DE BOCAS DE LOBO COM INFILTRAÇÃO NA VAZÃO DE PICO DO SISTEMA DE DRENAGEM URBANA EM GOIÂNIA- GO",2020,"Universidade Federal de Goiás",,1
"A7b7417df","ORIENTACAO_TCC","Proposição de Indicadores para o Cálculo do Índice de Saneamento Básico - ICSB de uma Região",2015,"Universidade Federal de Goiás",,1
"Ac22b8837","ORIENTACAO_IC","PROPOSIÇÃO DE MODELO TEÓRICO PARA DIMENSIONAMENTO DE UMA TEVA",2025,"Universidade Federal de Goiás",,1
"Ab398f8da","PROJETO_PESQUISA","Ensaios físicos e numéricos em túnel de vento: aplicações dirigidas para o aproveitamento eólico",2017,,,1
"Add339052","PROJETO_PESQUISA","Estudo da geração das ondas de impacto em lagos de barragem através do método SPH",2016,"Conselho Nacional de Desenvolvimento Científico e Tecnológico",,1
"Aebdb44ea","ARTIGO","Corrective smoothed particle method with velocity pre-smoothing and unsteady friction for analysis of hydraulic transients in closed-conduit pipes",2026,"REVISTA BRASILEIRA DE RECURSOS HÍDRICOS","10.1590/2318-0331.312620250163",1
"A0042cef9","ARTIGO","Hydraulic transient analysis with the Smoothed Particle Hydrodynamics method coupled with unsteady friction model",2025,"Discover Applied Sciences","10.1007/s42452-025-07113-y",1
"A68ce66a2","ARTIGO","Main Methods of Regionalization of Minimum Flows, Advantages and Disadvantages and Their Limitations: A Review",2025,"Water","10.3390/w17071079",1
"A0eb26cbf","ARTIGO","Water Quality Simulation in the Bois River, Goiás, Central Brazil",2023,"Sustainability","10.3390/su15043828",1
"A1f1c29d3","ARTIGO","Experimental Study of Erosion by Waves on the Lakeshore of Lateritic Soils",2021,"JOURNAL OF HYDROLOGY","10.1016/j.jhydrol.2021.127004",1
"Acd4f467d","ARTIGO","Simulação de escoamentos viscosos utilizando um método SPH renormalizado",2015,"REVISTA BRASILEIRA DE RECURSOS HÍDRICOS","10.21168/rbrh.v20n1.p119-130",1
"Aa72dfba4","ARTIGO","Uma Introdução às Técnicas Lagrangeanas: Uma Aplicação do Método SPH a Problemas de Engenharia",2011,"REVISTA BRASILEIRA DE RECURSOS HÍDRICOS","10.21168/rbrh.v16n1.p67-82",1
"A77739541","ARTIGO","Interação Onda-Vegetação Submersa: Parte I: Modelos de Dissipação de Energia da Onda",2007,"REVISTA BRASILEIRA DE RECURSOS HÍDRICOS","10.21168/rbrh.v12n1.p153-162",1
"Aa8f74e20","ARTIGO","Interação Onda-Vegetação Submersa: Parte II: Modelo Físico e Numérico",2007,"REVISTA BRASILEIRA DE RECURSOS HÍDRICOS","10.21168/rbrh.v12n1.p163-175",1
"A51ed3904","LIVRO","Ensaios aplicados ao estudo de erosões nas bordas e áreas do entorno de reservatórios",2017,"Cir Gráfica e Editora LTDA.",,1
"A7f49db10","LIVRO","Monitoramento e modelagem de ondas em reservatório",2017,"Cir Gráfica e Editora LTDA.",,1
"A537b303d","CONGRESSO_COMPLETO","An analysis of water hammer pipe flow with unsteady friction model using the SPH method",2023,"XLIV Cilamce",,1
"A19ac521f","CONGRESSO_COMPLETO","Aplicação do método SPH na resolução do golpe de aríete clássico",2022,"I Simpósio Nacional de Mecânica dos Fluidos e Hidráulica",,1
"A4b93d0df","CONGRESSO_COMPLETO","Simulation of a Free Surface Laminar Flow Using The SPH Method",2021,"CILAMCE 2021",,1
"A71abb49a","CONGRESSO_COMPLETO","Classical transient pipe flow analysis with SPH method",2020,"CILAMCE 2020",,1
"A3bdcff51","CONGRESSO_COMPLETO","Numerical implementation of the SPH method using the Stokes-Couette flow",2020,"CILAMCE 2020",,1
"A56082d95","CONGRESSO_COMPLETO","Numerical solution using SPH method: an application to transient heat conduction",2019,"25th ABCM International Congress of Mechanical Engineering",,1
"Ab53785cf","CONGRESSO_COMPLETO","Desenvolvimento global e tendência da produção científica do método SPH: uma análise cienciométrica",2019,"XXIII Simpósio Brasileiro de Recursos Hídricos",,1
"Aa31b50de","CONGRESSO_COMPLETO","Cálculo das alturas conjugadas do ressalto hidráulico para canais de diferentes geometrias",2019,"XXIII Simpósio Brasileiro de Recursos Hídricos (SBRH)",,1
"Afc913784","CONGRESSO_COMPLETO","Estudo experimental da erosão em margens de reservatório pela simulação de diferentes escoamentos superficiais",2018,"Congresso Brasileiro de Mecânica dos Solos e Engenharia Geotécnica",,1
"A450d83d1","CONGRESSO_COMPLETO","Solução analítica e númerica do escoamento de Couette em regime transiente para fluidos newtonianos",2018,"XXV Congresso Nacional de Estudantes de Engenharia Mecânica",,1
"A63dc4bc0","CONGRESSO_COMPLETO","Dimensionamento de um canal de ondas para estudo da agitação em superfície livre",2016,"13º CONPEEX",,1
"A85e03c7a","CONGRESSO_COMPLETO","Influência da renormalização no método SPH: uma aplicação a problemas tipo ruptura de barragem",2014,"XXVI Congreso Latinoamericano de Hidráulica",,1
"A49d2c945","CONGRESSO_COMPLETO","Geração de ondas solitárias com o método SPH",2013,"XX Simpósio Brasileiro de Recursos Hídricos",,1
"Add741f7c","CONGRESSO_COMPLETO","Técnicas de correção em métodos numéricos particulados: um estudo de caso baseado no SPH",2013,"XXXIV CILAMCE - Congresso Ibero Latino Americano de Métodos Computacionais em Engenharia",,1
"A203f3da3","CONGRESSO_COMPLETO","Simulação de escoamentos viscosos utilizando o método lagrangiano SPH",2012,"XXV Congreso Latinoamericano de Hidráulica",,1
"A5b85c43b","CONGRESSO_COMPLETO","Desenvolvimento de um método numérico Lagrangeano na determinação de alturas de ondas de impacto em meios líquidos",2011,"Congresso de Métodos Numéricos em Engenharia",,1
"A5cad79a3","CONGRESSO_COMPLETO","Interaction between wave and coastal structure: validation of two lagrangian numerical models with experimental results",2011,"Marine 2011",,1
"A619a7492","CONGRESSO_COMPLETO","Condições de contorno em técnicas lagrangeanas: Tratamento de fronteiras",2010,"XXIV Congreso Latinoamericano de Hidráulica",,1
"Aae45e0fe","CONGRESSO_COMPLETO","Modelagem numérica da geração e quebra de ondas usando o método SPH",2010,"VII Escola de Primavera de Transição e Turbulência",,1
"A20e00c3c","CONGRESSO_COMPLETO","Métodos Numéricos Lagrangeanos: Estudos de caso aplicados a problemas de Engenharia Hidráulica e de Recursos Hídricos",2009,"XVIII Simpósio Brasileiro de Recursos Hídricos",,1
"A572568ac","CONGRESSO_COMPLETO","Criação de um sistema automatizado de previsão de ondas geradas por ventos em águas interiores e sua alteração devido a influência de vegetação aquática",2008,"V Congresso Nacional de Engenharia Mecanica",,1
"A3de698a2","CONGRESSO_COMPLETO","Uma alternativa de modelagem da dinâmica de fluxos gravitacionais: Estudo de casos",2007,"XVII Simpósio Brasileiro de Recursos Hídricos",,1
"A0580d3f2","CONGRESSO_COMPLETO","Coeficiente de arrasto em estruturas flexíveis: Estudo de caso de plantas aquáticas sob ação de ondas",2007,"XVII Simpósio Brasileiro de Recursos Hídricos",,1
"A92b96aa9","CONGRESSO_COMPLETO","Importância da fllexibilidade da vegetação na dissipação de energia da onda",2006,"XXII Congreso Latinoamericano de Hidráulica",,1
"A2c8b3985","CONGRESSO_COMPLETO","Estimativas de dissipação de energia de ondas propagando sobre fundos vegetados",2005,"Congresso Ibero Latino Americano em Métodos Computacionais na Engenharia - CILAMCE",,1
"A64e4ca9a","CONGRESSO_COMPLETO","Simulation of flexible vegetation motion induced by water waves",2005,"Waves 2005",,1
"A47ed141e","CONGRESSO_COMPLETO","Estado da arte em ondas de submersão",2005,"Omar",,1
"A719400a7","CONGRESSO_COMPLETO","Dissipação da energia da onda a partir de um modelo viscoelástico da vegetação",2005,"Métodos Computacionais em Engenharia (CMCE)",,1
"Aea3c73e3","CONGRESSO_COMPLETO","Proposta de um modelo viscoelástico para determinação de dissipação de energia de onda devido à vegetação",2005,"XVI Simpósio Brasileiro de Recursos Hídricos",,1
"A7e5a3395","CONGRESSO_COMPLETO","Propagação de ondas gravitacionais em áreas vegetadas",2004,"Métodos Computacionais em Engenharia",,1
"Acbf79af0","CONGRESSO_COMPLETO","A visualização como instrumento de apoio na modelagem física e numérica de ondas de submersão",2004,"XXI Congreso Latinoamericano de Hidráulica",,1
"Ac2b70420","CONGRESSO_COMPLETO","Efeitos de atenuação de ondas em áreas de vegetação - uma proposta de modelagem através da resistência de obstáculos cilíndricos elásticos",2004,"XXI Congreso Latinoamericano de Hidráulica",,1
"Ada565f85","CONGRESSO_COMPLETO","Análise de ondas de submersão a partir de código de cálculo simplificado com base nas equações da classe Boussinesq.",2003,"XV Simpósio Brasileiro de Recursos Hídricos",,1
"A0dc7b7db","CONGRESSO_COMPLETO","Estudo Numérico do comportamento estrutural de vigas de concreto armado através do código de cálculo CASTEM 2000.",2002,"XXX Jornadas Sul-Americanas de Engenharia Estrutural",,1
"Af0a77798","CONGRESSO_RESUMO_EXP","Simulation of hydraulic transients in a fictious reservoir-pipe-valve system utilizing moc and cspm with normalized data",2025,"International IAHR Meeting on Transient Flows",,1
"A0a085324","CONGRESSO_RESUMO_EXP","Simulação computacional de transitório hidráulico em sistema reservatório- tubo-válvula utilizando MOC e SPH",2024,"II FluHidros - Simpósio Nacional de Mecânica dos Fluidos e Hidráulica",,1
"Ac2581c18","CONGRESSO_RESUMO_EXP","Simulação transiente de escoamentos laminares utilizando o método SPH",2018,"XXXIX CILAMCE - Congresso Ibero Latino Americano de Métodos Computacionais em Engenharia",,1
"Aa9cf5b4f","CONGRESSO_RESUMO","Padrão de escoamento e esforços em torres de sustentação para aproveitamento eólico",2018,"15 CONPEEX - Congresso de Pesquisa, Ensino e Extensão",,1
"Af9abfb8b","APRESENTACAO","Simulações de problemas de Engenharia: Método sem malha - SPH",2022,,,1
"Aac58dab8","APRESENTACAO","Simulação transiente de escoamentos laminares utilizando o método SPH",2018,,,1
"Ac3fb17f3","APRESENTACAO","Influência da renormalização no método SPH: uma aplicação a problemas tipo ruptura de barragem",2014,,,1
"A51e45a03","APRESENTACAO","Técnicas de correção em métodos numéricos particulados: um estudo de caso baseado no SPH",2013,,,1
"Af5b2ed34","APRESENTACAO","Desenvolvimento de um método numérico Lagrangeano na determinação de alturas de onda de impacto em meios líquidos",2011,,,1
"Afe239b65","APRESENTACAO","Uma introdução às técnicas Lagrangeanas: Uma aplicação do método SPH a problemas de Engenharia",2011,,,1
"A1f42a2f8","APRESENTACAO","Modelagem numérica da geração e quebra de ondas usando o método SPH",2010,,,1
"Abc14970a","APRESENTACAO","Condições de contorno em técnicas Lagrangeanas: Tratamento de fronteiras",2010,,,1
"A08199530","APRESENTACAO","Métodos Numéricos Lagrangeanos: Estudos de caso aplicados a problemas de Engenharia Hidráulica e de Recursos Hídricos",2009,,,1
"Ab1a3bb0b","APRESENTACAO","Coeficiente de arrasto em estruturas flexíveis: Estudo de caso de plantas aquáticas sob ação de ondas",2007,,,1
"A19f6341d","APRESENTACAO","Uma alternativa de modelagem da dinâmica de fluxos gravitacionais: Estudo de casos",2007,,,1
"A98434ef9","APRESENTACAO","Efeitos da atenuação de ondas em áreas de vegetação: uma proposta de modelagem através da resistência de obstáculos cilíndricos",2004,,,1
"A0692f41e","APRESENTACAO","A visualização como instrumento de apoio na modelagem física e numérica de ondas de submersão",2004,,,1
"A34ff3305","APRESENTACAO","Análise de ondas de submersão a partir de código de cálculo simplificado com base nas equações da 'classe Boussinesq'",2003,,,1
"A570e5e09","BANCA_MESTRADO","Estudo Experimental e Numérico Usando o Método SPH para a Simulação de Ressalto Hidráulico",2025,"Universidade Federal de Goiás",,1
"A40a4558e","BANCA_MESTRADO","Estimativa do potencial eólico a partir de experimento em túnel de vento utilizando placa plana de camada limite",2023,"Universidade Federal de Goiás",,1
"A5f494060","BANCA_MESTRADO","Análise do transitório hidráulico com perda por atrito variável em condutos forçados através do método SPH",2021,"Universidade Federal de Goiás",,1
"Af7388d57","BANCA_MESTRADO","Caracterização experimental de túneis de vento para a análise do potencial eólico",2020,"Universidade Federal de Goiás",,1
"Adc32dee7","BANCA_MESTRADO","Análise de incertezas na determinação de vazões empregado modelagem hidráulica",2019,"Universidade Federal de Goiás",,1
"A2d405ec3","BANCA_MESTRADO","Desenvolvimento de ferramentas computacionais para a simulação do fenômeno de cravação de estacas torpedos pelo método de partículas Moving Particle Semi-implicit (MPS)",2018,"Universidade de São Paulo",,1
"A995e68f3","BANCA_MESTRADO","Relações entre precipitação, escoamento e sedimentos suspensos na bacia do rio das Antas, Goiás",2017,"Universidade Federal de Goiás",,1
"A33cf07ea","BANCA_MESTRADO","Simulação computacional de bombas com velocidade de rotação variável no EPANET",2015,"Universidade Federal de Goiás",,1
"Adaa828d6","BANCA_MESTRADO","Avaliação do desempenho hidrológico de pavimentos permeáveis",2015,"Universidade Federal de Goiás",,1
"A8c320806","BANCA_MESTRADO","Modelo hidrológico distribuído unidimensional para bacias hidrográficas peri-urbanas",2014,"Universidade Federal de Goiás",,1
"A9a994a43","BANCA_DOUTORADO","Meshless numerical simulation of wave‐induced soil erosion using a viscoplastic model",2026,"Universidade Federal de Goiás",,1
"A4d5d3999","BANCA_DOUTORADO","Studies of nonlinear hydrodynamics based on moving particles semi-implicit method: development and applications",2019,"Universidade de São Paulo",,1
"A5a7c2760","BANCA_MESTRADO","Avaliação do desempenho hidrológico de pavimento asfáltico drenante em região de clima tropical",2025,"Universidade Federal de Goiás",,1
"Ab0ecd352","BANCA_MESTRADO","Pipe viscoelasticity effect during hydraulic transient using the SPH method",2024,"Universidade Federal de Goiás",,1
"Ab684e8d4","BANCA_MESTRADO","Estudo Numérico Usando o Método SPH para a Simulação de Ressalto Hidráulico",2024,"Universidade Federal de Goiás",,1
"A70d7af7a","BANCA_MESTRADO","Desenvolvimento de uma metodologia experimental de controle da camada limite para obtenção de potencial eólico",2023,"Universidade Federal de Goiás",,1
"A037c6beb","BANCA_MESTRADO","Modelagem do escoamento transcrítico sob regime permanente e transiente em canais",2019,"Universidade Federal de Goiás",,1
"A114477e7","BANCA_MESTRADO","Difusão de constituintes em meios líquidos utilizando o SPH",2019,"Universidade Federal de Goiás",,1
"A8f67808f","BANCA_MESTRADO","Monitoramento e modelagem de nutrientes e sólidos durante cheias de córregos urbanos",2018,"Universidade Federal de Goiás",,1
"A41ff475a","BANCA_MESTRADO","Análise de incertezas na determinação de vazões empregando modelagem hidráulica",2018,"Universidade Federal de Goiás",,1
"A87e41535","BANCA_MESTRADO","Estudo experimental da erosão em margens de reservatórios pela ação de ondas",2017,"Universidade Federal de Goiás",,1
"A958b766b","BANCA_MESTRADO","Simulação computacional de escoamentos bidimensionais sobre turbinas eólicas de eixo vertical",2017,"Universidade Federal de Goiás",,1
"Aa61d7ddf","BANCA_MESTRADO","Otimização multiobjetivo da operação de sistemas de distribuição de água com bombas de rotação variável",2016,"Universidade Federal de Goiás",,1
"Ad9301287","BANCA_MESTRADO","Monitoramento e modelagem da quantidade de água subterrânea na bacia do córrego Botafogo",2016,"Universidade Federal de Goiás",,1
"A73acb662","BANCA_MESTRADO","Vulnerabilidade das bacias de captação superficial de abastecimento localizadas nas proximidades de cemitérios",2016,"Universidade Federal de Goiás",,1
"A78c60fd9","BANCA_MESTRADO","Estudo dos processos erosivos devido à influência de ondas em solos situados em bordas de reservatórios",2015,"Universidade Federal de Goiás",,1
"A51abd504","BANCA_MESTRADO","Propagação de ondas de cheia da bacia hidrográfica do ribeirão Anicuns utilizando técnica de geoprocessamento",2014,"Universidade Federal de Goiás",,1
"A5314db93","BANCA_MESTRADO","Modelagem hidrossedimentológica da bacia hidrográfica do córrego Samambaia",2014,"Universidade Federal de Goiás",,1
"A973aea13","BANCA_MESTRADO","Otimização multiobjetivo da operação de sistemas de distribuição de água com bombas de rotação variável",2014,"Universidade Federal de Goiás",,1
"Ab1703922","BANCA_TCC","Caracterização das precipitações anuais no estado de Goiás e seus efeitos no comportamento das vazões mínimas",2022,"Universidade Federal de Goiás",,1
"Ac99c2ae3","BANCA_TCC","Simulação numérica de queda de corpos rígidos utilizando o método IMERSPEC",2019,"Universidade Federal de Goiás",,1
"A9e99da0b","BANCA_TCC","Cálculo das alturas conjugadas do ressalto hidráulico para um canal de geometria qualquer",2019,"Universidade Federal de Goiás",,1
"A4f3b9883","BANCA_TCC","Implementação do método de Hardy Cross no software LibreOffice para uso pedagógico",2019,"Universidade Federal de Goiás",,1
"A7bbeab74","BANCA_TCC","Análise qualitativa de escoamentos sobre cilindros de base quadrada",2018,"Universidade Federal de Goiás",,1
"A99c343f9","BANCA_TCC","Análise multicritério para escolha de terminais hidroviários na Tocantins-Araguaia",2018,"Universidade Federal de Goiás",,1
"Add949ccb","BANCA_TCC","Análise do fator de atrito variável e da viscoelasticidade durante escoamentos transitórios em condutos forçados",2018,"Universidade Federal de Goiás",,1
"Ae5e39b71","BANCA_TCC","Desenvolvimento de solução numérica do problema de transporte de calor bidimensional em regime permanente em uma placa retangular usando o método SPH",2018,"Universidade Federal de Goiás",,1
"A5b8b8bf3","BANCA_TCC","Avaliação técnica e econômica do poço de infiltração: Estudo de caso em loteamento urbano de Goiânia",2017,"Universidade Federal de Goiás",,1
"Aba16fac2","BANCA_TCC","Avaliação da ETA de Hidrolândia para atendimento do padrão de turbidez da Portaria 2914",2014,"Universidade Federal de Goiás",,1
"A265c5c90","BANCA_TCC","Calibração de modelo hidráulico em setor de rede de abastecimento de água de Goiânia pelo uso dos Algoritmos Genéticos",2013,"Universidade Federal de Goiás",,1
"A43d75c0e","ORIENTACAO_MESTRADO","Determinação da vazão em seções circulares utilizando métodos particulados",2024,"Universidade Federal de Goiás",,1
"Afcf8fe0f","ORIENTACAO_MESTRADO","Otimização de parâmetros do hidrograma SCS na representação de vazão de projeto",2024,"Universidade Federal de Goiás",,1
"A229c8597","ORIENTACAO_DOUTORADO","Simulação da propagação de deslizamentos de terra marinhos superficiais",2026,"Universidade de Brasília",,1
"A2f9ea144","ORIENTACAO_MESTRADO","Determinação de um modelo para chuvas mínimas em bacias hidrográficas",2025,"Universidade Federal de Goiás",,1
"A30a2b4f0","ORIENTACAO_MESTRADO","Simulação de transitórios hidráulicos em tubulações viscoelásticas utilizando o SPH",2025,"Universidade Federal de Goiás",,1
"Aa6f1e178","ORIENTACAO_MESTRADO","CSPM e algoritmo de pré-suavização baseado na velocidade com atrito transiente para a análise de transientesem condutos forçados",2025,"Universidade de Brasília",,1
"Ae08e98cc","ORIENTACAO_MESTRADO","Análise do transitório hidráulico com perda por atrito variável em condutos forçados através do método SPH",2021,"Universidade Federal de Goiás",,1
"Ac88d3283","ORIENTACAO_MESTRADO","Impacto das variáveis de projeto nas características físicas do escoamento de esgoto em tubulações prediais",2019,"Universidade Federal de Goiás",,1
"Aa424b1b2","ORIENTACAO_DOUTORADO","Modelagem Computacional de Erosão por Ondas de Solos Coesivos",2026,"Universidade Federal de Goiás",,1
"Ad6efc42c","ORIENTACAO_TCC","Cálculo das alturas conjugadas do ressalto hidráulico para um canal de geometria qualquer",2019,"Universidade Federal de Goiás",,1
"A2a69a917","ORIENTACAO_TCC","Soluções Analítica e numérica usando o método SPH: Aplicações à Condução de Calor e ao tubo de choque",2018,"Universidade Federal de Goiás",,1
"Af8101597","ORIENTACAO_TCC","Determinação das alturas conjugadas do ressalto hidráulico para um canal não retangular",2018,"Universidade Federal de Goiás",,1
"A64f0acc1","ORIENTACAO_TCC","Determinação do tempo de esvaziamento de reservatórios elevados de forma qualquer",2015,"Universidade Federal de Goiás",,1
"Ab7458233","ORIENTACAO_IC","Determinação de esforços em superfícies numericamente utilizando o SPH",2020,"Universidade Federal de Goiás",,1
"A05d12ed0","ORIENTACAO_IC","Determinação de esforços em torres para aproveitamento eólico",2018,"Universidade Federal de Goiás",,1
"Af0ed6f02","ORIENTACAO_IC","Escoamento de Couette com largura finita: obtenção da solução analítica para brenchmark de métodos numéricos",2018,"Universidade Federal de Goiás",,1
"A35e86944","ORIENTACAO_IC","Solução numérica do escoamento de couette transiente",2017,"Universidade Federal de Goiás",,1
"A31a0043f","ORIENTACAO_IC","Análise numérica da oscilação de corpos flutuantes",2017,"Universidade Federal de Goiás",,1
"A1f206a69","ORIENTACAO_IC","Determinação do perfil de velocidade em escoamentos não-newtonianos",2017,"Universidade Federal de Goiás",,1
"A9328a35b","ORIENTACAO_IC","Dimensionamento de canais para geração de ondas",2015,"Universidade Federal de Goiás",,1
"A8cf61714","PROJETO_PESQUISA","CCD Hidrovias Urbanas: Centro de Ciência para o Desenvolvimento das redes hidroviárias e das orlas fluviais das cidades do Estado de São Paulo frente às mudanças climáticas",2025,"Fundação de Amparo à Pesquisa do Estado de São Paulo",,1
"A673b749e","PROJETO_PESQUISA","MANEJO E GESTÃO DA DRENAGEM URBANA",2023,,,1
"A404450af","PROJETO_PESQUISA","DESENVOLVIMENTOS NA ÁREA DE CFD APLICADOS A ESCOAMENTOS EM SUPERFÍCIE LIVRE",2022,,,1
"Aa63c57ec","PROJETO_PESQUISA","Abordagens multiescala para melhor compreensão de processos hidráulicos e hidrológicos superficiais e subterrâneos em ambientes urbanos",2021,"Conselho Nacional de Desenvolvimento Científico e Tecnológico",,1
"Ab0192387","PROJETO_PESQUISA","Diagnóstico do sistema de abastecimento para uso racional da água na UFMS (PURA/ UFMS - Fase 1)",2008,,,1
"A8fdab203","PROJETO_PESQUISA","Programa de Pesquisas em Saneamento Básico - PROSAB",2006,,,1
"A779ac16c","PROJETO_EXTENSAO","Rede Nacional de Capacitação e Extensão Tecnológica em Saneamento Ambiental (ReCESA). Núcleo Regional centro-Oeste (NuReCO)",2007,"Fundação de Empreendimentos Científicos e Tecnológicos",,1
"A76fa2254","ARTIGO","Proposition and application of a method for the characterization of rural areas in the census sectors from the sanitation point of view",2022,"FÓRUM AMBIENTAL DA ALTA PAULISTA","10.17271/1980082718220223250",1
"Ae69575ad","ARTIGO","Smooth and Stepped Converging Spillway Modeling Using the SPH Method",2022,"Water","10.3390/w14193103",1
"Ae81afde3","ARTIGO","Pollution threat to water and soil quality by dumpsites and non-sanitary landfills in Brazil: A review",2021,"WASTE MANAGEMENT","10.1016/j.wasman.2021.06.004",1
"A316375b9","ARTIGO","Smooth and Stepped Spillway Modelling using the SPH Method",2020,"JOURNAL OF HYDRAULIC ENGINEERING","10.1061/(asce)hy.1943-7900.0001776",1
"Ad790a73d","ARTIGO","The big picture of field hydrology studies in Brazil",2020,"HYDROLOGICAL SCIENCES JOURNAL-JOURNAL DES SCIENCES HYDROLOGIQUES","10.1080/02626667.2020.1747618",1
"A86d3265f","LIVRO","BANCO DE DADOS GEOTÉCNICO E AMBIENTAL PARA O CONTEXTO DO ENTORNO DE RESERVATÓRIOS DE USINAS HIDRELÉTRICAS: CONCEPÇÃO E IMPLANTAÇÃO",2024,"Universidade Federal de Goiás",,1
"A53ce7ba7","LIVRO","Plano de Segurança do Saneamento Rural (PSSR): Comunidade Quilombo de Pombal, Santa Rita do Novo Destino ? Goiás",2023,"Cegraf UFG",,1
"A4639de5e","LIVRO","Plano de Segurança do Saneamento Rural (PSSR): comunidade Rafael Machado, Niquelândia - Goiás",2023,"Cegraf UFG",,1
"A76374349","LIVRO","Projeto de distribuição de pontos de água nas edificações",2019,"Grupo A/ Sagah",,1
"A929c1f78","LIVRO","Details of Hydraulic Jumps for Design Criteria of Hydraulic Structures",2015,"InTech",,1
"Ad7a69e4b","CONGRESSO_COMPLETO","SPH Simulation of Non-Aerated Flow over Smooth Invert, Converging Spillways",2022,"9th International Symposium on Hydraulic Structures",,1
"Ae4f76906","CONGRESSO_COMPLETO","Modelação computacional do escoamento deslizante sobre turbilhões em descarregadores em degraus com o método SPH",2017,"13º Simpósio de Hidráulica e Recursos Hídricos dos Países de Língua Portuguesa",,1
"A8984d71f","CONGRESSO_COMPLETO","Relation between free surface profiles and pressure profiles with respective fluctuations in hydraulic jumps",2016,"4th European Congress of the International Association of Hydroenvironment engineering and Research, IAHR 2016",,1
"A0b271867","CONGRESSO_COMPLETO","Roller lengths, sequent depths, surface profiles for pre-design of dissipation basins",2015,"2nd Workshop on Hydraulic Structures: Data Validation IWHS 2015",,1
"A0b3d6139","CONGRESSO_COMPLETO","Free surface detection in hydraulic jumps through image analysis and ultrasonic sensor measurements",2014,"5th IAHR International Symposium on Hydraulic Structures",,1
"Af88a82a3","CONGRESSO_COMPLETO","Measurement of turbulence in hydraulic jumps with ultrasonic sensor and correlation with macroscopic flow parameters",2013,"22nd International Congress of Mechanical Engineering",,1
"Ae8b5bc9e","CONGRESSO_RESUMO","Estudo numérico usando o método SPH para a simulação de ressalto hidráulico: avaliação da acurácia do sensor ultrassônico na caracterização da superfície livre",2023,"20º Conpeex - Congresso de Ensino, Pesquisa e Extensão - Ciências Básicas para o Desenvolvimento Sustentável",,1
"A74a181b4","CONGRESSO_RESUMO","Skimming flow modeling over stepped spillways using SPH",2016,"2nd DualSPHysics Workshop",,1
"A6af104dd","CONGRESSO_RESUMO","Identificação de parâmetros quali-quantitativos do sistema de abastecimento de água do câmpus da Universidade Federal de Mato Grosso do Sul, em Campo Grande",2009,"X Encontro de Iniciação Científica da UFMS",,1
"Aab373312","APRESENTACAO","SPH Simulation of Non-Aerated Flow over Smooth Invert, Converging Spillways",2022,,,1
"A86312982","APRESENTACAO","Modelação computacional do escoamento deslizante sobre turbilhões em descarregadores em degraus com o método SPH",2017,,,1
"A05c65d41","APRESENTACAO","Skimming flow modeling over stepped spillways using SPH",2016,,,1
"A91b3dbec","APRESENTACAO","Relation between free surface profiles and pressure profiles with respective fluctuations in hydraulic jumps",2016,,,1
"Ab2510601","APRESENTACAO","Free surface detection in hydraulic jumps through image analysis and ultrasonic sensor measurements",2014,,,1
"Ab1078f6e","APRESENTACAO","Measurement of turbulence parameters in hydraulic jumps using ultrasonic sensors and their correlation with macroscopic flow parameters",2013,,,1
"Afe3bbc2a","BANCA_MESTRADO","PREVISÃO DE ENCHENTES E ANÁLISE DA VULNERABILIDADE AMBIENTAL COM BASE NO USO E COBERTURA DA TERRA NA BACIA HIDROGRÁFICA DO RIO MEIA PONTE, REGIÃO METROPOLITANA DE GOIÂNIA",2025,"Universidade Federal de Goiás",,1
"Ab2caa6bb","BANCA_MESTRADO","Análise conceitual das dimensões náuticas da Hidrovia do Rio Paraguai para diagnóstico sobre obras corretivas para navegação nos passos críticos entre Corumbá e a Foz do Rio Apa (Brasil)",2023,"Universidade de São Paulo",,1
"A5fd09187","BANCA_DOUTORADO","Drink Water Storage Tank: Computational Fluid Dynamics Models and Disinfection Cost upon Different Flow Regimes",2024,"Universidade Federal de Mato Grosso do Sul",,1
"Abc1c32af","BANCA_DOUTORADO","Vegetation Hydrodynamics Applied to Vegetation Patch Growth, Transient Storage Zone and Water Treatment",2022,"Universidade Federal de Mato Grosso do Sul",,1
"Aff6ee4bc","BANCA_DOUTORADO","Abordagem sistêmica da vulnerabilidade climática na área costeira de Santos (SP) com uso de geotecnologias",2026,"Universidade de São Paulo",,1
"A9673b506","BANCA_DOUTORADO","MODELAGEM NUMÉRICA COM SPH DA EROSÃO HÍDRICA DE SOLO EM CANAL DE ONDAS",2024,"Universidade Federal de Goiás",,1
"A4911c542","BANCA_MESTRADO","Avaliação de Quebra-Mar de Parede Vertical para um Porto Offshore na Costa do Guarujá (SP)",2026,"Escola Politecnica da Universidade de Sao Paulo",,1
"A66800ab1","BANCA_MESTRADO","Simulação computacional de ressalto hidráulico usando o método SPH",2024,"Universidade Federal de Goiás",,1
"A9a4af30f","BANCA_MESTRADO","Calibração do modelo hidrológico SWMM para um loteamento urbano",2023,"Universidade Federal de Goiás",,1
"Af68bc108","BANCA_ESPECIALIZACAO","ANÁLISE COMPARATIVA DE TECNOLOGIAS PARA GERAÇÃO DE ÁGUA GELADA E AVALIAÇÃO DO REÚSO DE REJEITO DE OSMOSE EM TORRES DE RESFRIAMENTO NA INDÚSTRIA FARMACÊUTICA",2026,"Escola Politecnica da Universidade de Sao Paulo",,1
"Af04c21b1","BANCA_ESPECIALIZACAO","Santos, D. Batista, F. Lima Jr., H. Oliveira, Aguiar R.. Importância e dificuldades da desinfecção da água em comunidades rurais e/ou tradicionais",2020,"Universidade Federal de Goiás",,1
"Af7bf038a","BANCA_ESPECIALIZACAO","Pre dimensionamiento del sistema de drenaje urbano en un sector de la ciudade de Tobati - Paraguay",2018,"Escola de Engenharia de São Carlos",,1
"A4c769810","BANCA_ESPECIALIZACAO","Análises das vazões do Córrego Fortim da Cidade de Vila Elisa Paraguai, pelas variações no tipo de uso do solo da Bacia que abastece o curso hídrico",2018,"Escola de Engenharia de São Carlos",,1
"A89bffe26","BANCA_ESPECIALIZACAO","Dimensionamento do sistema de microdrenagem urbana para a cidade de Neuland",2018,"Escola de Engenharia de São Carlos",,1
"Ad7d32333","BANCA_TCC","Avaliação de viabilidade da navegação fluvial no Hidroanel metropolitano de São Paulo",2026,"Escola Politecnica da Universidade de Sao Paulo",,1
"Aa6ed4359","BANCA_TCC","Victor Hugo R. de Araujo.Efeitos de Escala em Modelos Físicos Reduzidos de Vertedouros em Degraus com Declividade 1V:2H",2025,"Universidade de São Paulo",,1
"A5a13b4bd","BANCA_TCC","Geomorfologia Fluvial Aplicada a Estudos de Córregos em Ambientes Urbanos. Estudo de Caso: Córrego Santo Antônio, GO",2023,"Universidade Federal de Goiás",,1
"A272cdc5b","BANCA_TCC","Caracterização das precipitações anuais no estado de Goiás e seus efeitos no comportamento das vazões mínimas na Bacia do Alto do Meia Ponte",2023,"Universidade Federal de Goiás",,1
"A737a213b","BANCA_TCC","Comparação entre métodos de drenagem tradicionais e sustentáveis: vantanges e desvantagens",2023,"Universidade Federal de Goiás",,1
"A825b7161","BANCA_TCC","O efeito do aumento gradual da demanda hídrica na pressão ao longo da rede de abastecimento de água de condomínio horizontal",2022,"Universidade Federal de Mato Grosso do Sul",,1
"A21443f2a","BANCA_TCC","Equações de chuvas intensas (IDF) para o estado de Goiás",2022,"Universidade Federal de Goiás",,1
"A83a940b9","BANCA_TCC","Potencial contribuição das perdas em redes de abastecimento de água na recarga de aquíferos livres em cidades brasileiras",2022,"Universidade Federal de Mato Grosso do Sul",,1
"A472dfd9e","ORIENTACAO_MESTRADO","Estudo Experimental e Numérico Usando o Método SPH para a Simulação de Ressalto Hidráulico",2025,"Universidade Federal de Goiás",,1
"Ae6bca19b","ORIENTACAO_ESPECIALIZACAO","Revisão bibliográfica: Influência da água subterrânea na concentração de fósforo em lagos e reservatórios",2024,"Universidade de São Paulo",,1
"A836c54b5","ORIENTACAO_ESPECIALIZACAO","Avaliação da Vulnerabilidade Natural à Contaminação das Águas Subterrâneas no Município de Sorocaba (SP), pelo Método GOD",2024,"Universidade de São Paulo",,1
"A598dbc02","ORIENTACAO_ESPECIALIZACAO","Proposta metodológica para prevenção de vazamento de efluentes em indústria química a partir de estudo de caso",2022,"Universidade de São Paulo",,1
"A232bb7d4","ORIENTACAO_ESPECIALIZACAO","Extração e caracterização das substâncias húmicas como subsídio para avaliação de resultados de compostos orgânicos voláteis em solo no gerenciamento de áreas contaminadas",2022,"Universidade de São Paulo",,1
"A2695d898","ORIENTACAO_TCC","Geomorfologia Fluvial Aplicada a Estudos de Córregos em Ambientes Urbanos. Estudo de Caso: Córrego Santo Antônio, GO",2023,"Universidade Federal de Goiás",,1
"A380264e7","ORIENTACAO_TCC","CARACTERIZAÇÃO DO CONSUMO DA ÁGUA E PROPOSIÇÃO PARA USO EFICIENTE EM PRÉDIO DE CAMPUS UNIVERSITÁRIO DA EECA/UFG",2023,"Universidade Federal de Goiás",,1
"A456620a1","ORIENTACAO_IC","Método não intrusivo para análise do escoamento em escala real de vertedor em degraus, para fins de simulação numérica",2024,"Universidade Federal de Goiás",,1
"Aaeb494e4","ORIENTACAO_IC","Simulação bidimensional de ressalto hidráulico usando o método SPH",2024,"Universidade Federal de Goiás",,1
"Ad68711a2","ORIENTACAO_IC","Estudo numérico usando o método SPH para a simulação de ressalto hidráulico",2023,"Universidade Federal de Goiás",,1
"Aeb9a8690","ORIENTACAO_IC","Modelagem numérica do fluxo de escoamento subterrâneo em área experimental",2023,"Universidade Federal de Goiás",,1
"A6ee36c2b","PROJETO_PESQUISA","Sistema integrado para monitoramento contínuo de esgoto tratado: saúde e segurança socioambiental para o reúso agrícola",2026,,,1
"Ab2a03e15","PROJETO_PESQUISA","REÚSO DE ÁGUA A PARTIR DE ESGOTO DOMÉSTICO DE ESTAÇÕES DE TRATAMENTO DE ESGOTOS NO ESTADO DE GOIÁS",2022,,,1
"Afccdf4b0","PROJETO_PESQUISA","REÚSO DE ÁGUA ? ESTUDOS APLICADOS À INDUSTRIA E COMÉRCIO",2020,,,1
"Aceb77805","PROJETO_PESQUISA","MONITORAMENTO DA QUALIDADE DA ÁGUA DE CORPOS HÍDRICOS URBANOS DE GOIÂNIA",2019,,,1
"A35dda4f3","PROJETO_PESQUISA","Plano de Recursos Hídricos das unidades de planejamento e gestão de recursos hídricos do afluentes do Rio Paranaíba do Estado de Goiás",2018,,,1
"Aac930d0b","PROJETO_PESQUISA","Diretrizes para Uso Racional de Água em Edificações",2017,,,1
"A50e65516","PROJETO_PESQUISA","DIAGNÓSTICO AMBIENTAL E RECUPERAÇÃO DE ÁREAS DE PRESERVAÇÃO PERMANENTE DA BACIA HIDROGRÁFICA DO ALTO MEIA PONTE.",2017,,,1
"A39e35671","PROJETO_PESQUISA","Bacia Representativa de Usos Mistos",2012,"Financiadora de Estudos e Projetos",,1
"Ad436d4c1","PROJETO_PESQUISA","Manejo de Águas Pluviais no Meio Urbano",2011,"Financiadora de Estudos e Projetos",,1
"A68f8c6a1","PROJETO_PESQUISA","Calibração de Modelos Hidrológicos para Bacias Urbanas Empregando Algoritmos de Otimização Multiobjetivo",2009,"Conselho Nacional de Desenvolvimento Científico e Tecnológico",,1
"Ada697e27","PROJETO_PESQUISA","Diretrizes Projetuais de Dispositivos de Detenção e Aproveitamento de Água de Chuva em Edificações e Obras de Infra-estrutura Urbana de Goiânia",2009,"CAPES - Centro Anhanguera de Promoção e Educação Social - Bolsa / Financiadora de Estudos e Projetos - Auxílio financeiro / Conselho Nacional de Desen",,1
"A0278888e","PROJETO_PESQUISA","Planejamento de Recursos Hídricos da Área Urbana de Goiânia",2006,,,1
"A78751175","PROJETO_EXTENSAO","PPGEAS - CAPACITA",2024,,,1
"Acaf5eba3","PROJETO_EXTENSAO","LIGA DE CONSERVAÇÃO E REÚSO DE ÁGUA (LIGA CORA)",2024,,,1
"A9fa18f9b","PROJETO_EXTENSAO","Fabrica de Midas - Construindo Convivência",2019,,,1
"Aef8213c7","PROJETO_EXTENSAO","Intercâmbio de Ideias",2017,,,1
"Ab0b1182c","ARTIGO","Water Quality Index by Multivariate Statistical Technique to Estimate the Temporal Decay of the Watercourses",2024,"RGSA (ANPAD)","10.24857/rgsa.v18n7-152",1
"A85b54c46","ARTIGO","Spatial Variability Losses of Soil Watershed Basis for Water Catchment of the Goias State",2024,"Journal Of Ecological Engineering","10.12911/22998993/187248",1
"A0ea40fc6","ARTIGO","Potencial de reúso agrícola na upgrh dos Afluentes Goianos do Baixo Paranaíba",2023,"REVISTA DAE","10.36659/dae.2023.061",1
"Ad1be859a","ARTIGO","Semiquantitative microbiological risk assessment for water reuse in agriculture: a case study in Brazil",2022,"Water Science and Technology-Water Supply","10.2166/ws.2022.285",1
"A310b976c","ARTIGO","ANÁLISIS DEL CONSUMO DE AGUA EN EDIFICACIONES DE UNA UNIVERSIDAD FEDERAL DE BRAZIL",2022,"Tecno-lógica (Santa Cruz do Sul . Online)",,1
"A17c15b7b","ARTIGO","Efficiency of pollutant removal in a hybrid constructed wetland with Hedychiumcoronarium J. König: a sustainable alternative for poor communities",2021,"Revista Monografias Ambientais (REMOA/UFSM)","10.5902/2236130866092",1
"A1d157638","ARTIGO","REÚSO DE ÁGUA A PARTIR DE EFLUENTES DE ESTAÇÕES DE TRATAMENTO DE ESGOTOS PARA IRRIGAÇÃO DE PASTAGENS NA BACIA HIDROGRÁFICA DO RIO MEIA PONTE",2021,"REVISTA ELETRÔNICA DE GESTÃO E TECNOLOGIAS AMBIENTAIS",,1
"A21e9ba15","ARTIGO","Gerenciamento dos resíduos em unidades de saúde em municípios do estado de Goiás, Brasil",2017,"Revista Brasileira de Ciências Ambientais (Online)","10.5327/z2176-947820170076",1
"Adefe6945","ARTIGO","Calibração do Storm Water Management Model (SWMM) utilizando algoritmos evolucionários multiobjetivo",2016,"ENGENHARIA SANITÁRIA E AMBIENTAL (ONLINE)","10.1590/s1413-41522016131862",1
"A29bcd588","ARTIGO","Uso racional da água em concessionária de veículos",2015,"REVISTA ELETRÔNICA EM GESTÃO, EDUCAÇÃO E TECNOLOGIA AMBIENTAL",,1
"Aea07f5d3","ARTIGO","Utilização de gesso de entulho na produção de cimento",2014,"Enciclopédia Biosfera",,1
"Ad09e1a82","ARTIGO","Disposição final dos resíduos sólidos urbanos: diagnóstico da gestão do Município de Santo Antônio de Goiás",2014,"Revista Monografias Ambientais",,1
"Acdfd8fe8","ARTIGO","GESTÃO DO ÓLEO LUBRIFICANTE USADO EM POSTOS DE COMBUSTÍVEIS NO MUNICÍPIO DE TEREZÓPOLIS DE GOIÁS - GO, BRASIL",2014,"Revista Monografias Ambientais",,1
"Ace66774d","ARTIGO","PCBS e a contaminação do solo: risco ambiental e à saúde humana.",2013,"REEC - Revista Eletrônica de Engenharia Civil",,1
"A34c4d361","ARTIGO","Qualidade Sanitária da Água de Poços Rasos nos Municípios de Goiânia e Aparecida de Goiânia.",2013,"Enciclopédia Biosfera",,1
"A708bda0f","ARTIGO","Análise da Aplicabilidade do Uso de Pneus na Recuperação de Voçorocas por Diferentes Técnicas de Disposição",2011,"Enciclopédia Biosfera",,1
"A94c9d890","ARTIGO","Diagnóstico da Disposição Final dos Resíduos Sólidos",2011,"Estudos (Goiânia. Online)",,1
"A6d5119ee","ARTIGO","Recuperação das Margens do Córrego Botafogo com Espécies Arbóreas (como Compensação Ambiental)",2006,"Revista Magister de Direito Imobiliário, Registral, Urbanístico e Ambiental (Cessou em 2005. Cont. ISSN 2175-1994 Revista Magister de Direito Ambienta",,1
"A8e3edcf0","ARTIGO","Projeto SOS Orquídeas - a história de um ideal",2004,"Orquidario (Rio de Janeiro)",,1
"Acaffe298","LIVRO","DIAGNÓSTICO DE CONSUMO DE ÁGUA EM EDIFÍCIO RESIDENCIAL",2020,"Editora Conhecimento Livre",,1
"A3bb81a5b","TEXTO_JORNAL","UFG aponta que 85% das bacias hidrográficas de Goiás têm qualidade ruim ou péssima",2017,"G1",,1
"A04ab5ce6","TEXTO_JORNAL","85% das bacias são avaliadas com má qualidade",2017,"Jornal O Popular",,1
"Ac4ebf558","TEXTO_JORNAL","Estudo aponta que 85% dos mananciais para abastecimento público em Goiás possuem qualidade ruim",2017,"Jornal O Popular",,1
"Aa3ee97c3","CONGRESSO_COMPLETO","PANORAMA DO ACESSO À ÁGUA POTÁVEL E AO ESGOTAMENTO SANITÁRIO DA REGIÃO METROPOLITANA DE GOIÂNIA",2025,"33º Congresso Brasileiro de Engenharia Ambiental e Sanitária",,1
"A2ddf1cfa","CONGRESSO_COMPLETO","Análise Sazonal do Consumo de Água em Ambiente Educacional: Uma Abordagem Quantitativa",2025,"XXVI Simpósio Brasileiro de Recursos Hídricos",,1
"A402b4686","CONGRESSO_COMPLETO","Gestão de Usos Múltiplos e Conflitos Hídricos na Bacia do Rio Meia Ponte",2025,"XXVI Simpósio Brasileiro de Recursos Hídricos",,1
"A27f77771","CONGRESSO_COMPLETO","CARACTERIZAÇÃO E ANÁLISE DO POTENCIAL DO ESGOTO DOMÉSTICO TRATADO COMO OFERTA DE AGUA DE REÚSO",2024,"21º SILUBESA ? Simpósio Luso-Brasileiro de Engenharia Sanitária e Ambiental",,1
"Aa7cecfbc","CONGRESSO_COMPLETO","POTENCIAL DE REÚSO AGRÍCOLA NA REGIÃO METROPOLITANA DE GOIÂNIA",2024,"21º SILUBESA ? Simpósio Luso-Brasileiro de Engenharia Sanitária e Ambiental",,1
"A2dfb9cd0","CONGRESSO_COMPLETO","IRRIGAÇÃO COM ÁGUA DE REÚSO DA ESTAÇÃO DE TRATAMENTO DE ESGOTO DE PALMEIRAS DE GOIÁS - GO: IMPLEMENTAÇÃO DO MODELO SEMIQUANTITATIVO DE AVALIAÇÃO DE RISCO MICROBIOLÓGICO PARA A SAÚDE HUMANA",2024,"21º SILUBESA ? Simpósio Luso-Brasileiro de Engenharia Sanitária e Ambiental",,1
"Ad0e8359b","CONGRESSO_COMPLETO","ANÁLISE COMPARATIVA ENTRE OS USOS DA ÁGUA EM APARELHOS HIDROSSANITÁRIOS EM DIFERENTES CONDIÇÕES CLIMÁTICAS",2023,"32º Congresso da Associação Brasileiro de Engenharia Sanitária e Ambiental",,1
"A299853a4","CONGRESSO_COMPLETO","EFLUENTE DO PROCESSO DE LAVAGEM DE ROUPAS ? ESTUDO DE VIABILIDADE PARA APLICAÇÃO EM REÚSO DE ÁGUA",2023,"32º Congresso da Associação Brasileiro de Engenharia Sanitária e Ambiental",,1
"A6425b6c4","CONGRESSO_COMPLETO","VIABILIDADE DA IMPLANTAÇÃO DE SISTEMAS DE APROVEITAMENTO DE ÁGUA DE CHUVA EM RESIDÊNCIAS DE UM CONDOMÍNIO HORIZONTAL",2023,"XXV Simpósio Brasileiro de Recursos Hídricos",,1
"Ab2cdb41e","CONGRESSO_COMPLETO","Reuso agrícola como ferramenta para a redução da pressão hídrica no município de Rio Verde, Goiás",2023,"XXV Simpósio Brasileiro de Recursos Hídricos",,1
"A8b07316a","CONGRESSO_COMPLETO","AVALIAÇÃO DA DISPONIBILIDADE HÍDRICA PARA ABASTECIMENTO PÚBLICO EM MUNICÍPIOS DA REGIÃO METROPOLITANA DE SALVADOR ? RMS",2023,"XXV Simpósio Brasileiro de Recursos Hídricos",,1
"A2a72d5c1","CONGRESSO_COMPLETO","Proposição de uso eficiente de água e reúso de água cinza em bairro de interesse social",2022,"XX Simpósio Luso-Brasileiro de Engenharia Sanitária",,1
"A82e7fd5c","CONGRESSO_COMPLETO","Potencial de produção de água para reúso a partir de estações de tratamento de esgoto doméstico",2022,"XX Simpósio Luso-Brasileiro de Engenharia Sanitária",,1
"Ae8bce2b5","CONGRESSO_COMPLETO","Indicatório Para o Reúso de Águas nas Áreas Públicas na Cidade de Goiânia",2022,"XX Simpósio Luso-Brasileiro de Engenharia Sanitária",,1
"Aa25017bc","CONGRESSO_COMPLETO","Reúso de Água Cinza em Área Comunitária de Plantio de Milho em Bairro de Interesse Social.",2021,"31º Congresso Brasileiro de Engenharia Sanitária e Ambiental",,1
"Af29a646e","CONGRESSO_COMPLETO","Avaliação da viabilidade e risco do reúso de efluente tratado para irrigação de gramados no Campus Samambaia da Universidade Federal de Goiás",2021,"31º Congresso Brasileiro de Engenharia Sanitária e Ambiental",,1
"Ad52f494b","CONGRESSO_COMPLETO","Indicadores de perdas em aparelho sanitário de prédios públicos",2021,"31º Congresso Brasileiro de Engenharia Sanitária e Ambiental",,1
"Abbc416e0","CONGRESSO_COMPLETO","Panorama de salubridade ambiental das capitas brasileiras",2021,"31º Congresso Brasileiro de Engenharia Sanitária e Ambiental",,1
"A3556809b","CONGRESSO_COMPLETO","Perfil do consumo de água em residência oportunizando reúso",2021,"XIX Simpósio Luso-Brasileiro de Engenharia Sanitária e Ambiental",,1
"Ad47125f6","CONGRESSO_COMPLETO","Caracterização da frequencia de uso e consumo de água em torneiras de lavatórios de edifício universitário",2021,"50º Congresso Nacional de Saneamento da ASSEMAE",,1
"Afbba07ce","CONGRESSO_COMPLETO","Analise comparativa de consumo de água em torneira de lavatório",2021,"50º Congresso Nacional de Saneamento da ASSEMAE",,1
"A07e91a97","CONGRESSO_COMPLETO","Tratamento físico-químico aplicado a efluente de lavanderia têxtil industrial",2021,"50º Congresso Nacional de Saneamento da ASSEMAE",,1
"Ac614d53c","CONGRESSO_COMPLETO","Reúso agrícola de água proveniente de estação de tratamento de esgoto",2021,"XXIV Simpósio Brasileiro de Recursos Hídricos",,1
"A769e5d4c","CONGRESSO_COMPLETO","ANÁLISE MULTITEMPORAL DO USO DO SOLO E FRAGMENTAÇÃO DA PAISAGEM EM SUB BACIA HIDROGRÁFICA GOIANA",2021,"VIII Workshop Internacional Sobre Planejamento e Desenvolvimento Sustentável em Bacias Hidrográfica",,1
"Aa4be1dce","CONGRESSO_COMPLETO","Lacunas para aplicação do reúso de água nas industrias",2020,"I Congresso Virtual de Estudantes e Profissionais de Engenharia Ambiental e Sanitária",,1
"A8f5ff9ee","CONGRESSO_COMPLETO","Diagnóstico do uso de água e percepção dos usuários ao uso racional em escolas públicas",2020,"I Congresso Virtual de Estudantes e Profissionais de Engenharia Ambiental e Sanitária",,1
"Ae32d80fb","CONGRESSO_COMPLETO","Monitoramento da Qualidade da Água de Lagos Urbanos da Cidade de Goiânia",2019,"49º Congresso Nacional de Saneamento da ASSEMAE",,1
"A52ba4c8c","CONGRESSO_COMPLETO","Salubridade Ambiental em Municípios com Comunidades Rurais e Tradicionais no Estado de Goiás",2019,"49º Congresso Nacional de Saneamento da ASSEMAE",,1
"Aedb1b0cd","CONGRESSO_COMPLETO","Diagnóstico do consumo e perdas de água em edifício residencial",2019,"XVII ENEEAMB & Fórum Latino-Americano de Engenharia e Sustentabilidade",,1
"A36bcf0aa","CONGRESSO_COMPLETO","Diagnóstico de Consumo e Proposta de reuso de água em predio da Universidade Federal de Goiás",2019,"XVII ENEEAMB & V Fórum Latino-Americano de Engenharia e Sustentabilidade",,1
"A8664049f","CONGRESSO_COMPLETO","Avaliação da Qualidade da Água do Córrego Botafogo, Goiânia/GO, Durante o Período de Precipitação",2019,"49° Congresso Nacional De Saneamento da ASSEMAE",,1
"A402d8fb4","CONGRESSO_COMPLETO","Análise das reprovações discentes no curso de Engenharia Civil da Universidade Federal de Goiás (EECA/UFG) e inserção profissional no mercado.",2019,"Congresso Técnico Científico da Engenharia e da Agronomia (CONTECC); 76ª Semana Oficial da Engenharia e da Agronomia.",,1
"A2562ee31","CONGRESSO_COMPLETO","Avaliação das Perdas de Água nas Bacias Sanitárias nos blocos do Câmpus Colemar Natal e Silva da Universidade Federal de Goiás - Brasil.",2019,"Anais do XXIII SIMPÓSIO BRASILEIRO DE RECURSOS HÍDRICOS",,1
"A76b1b3f6","CONGRESSO_COMPLETO","Influência dos Poços de Infiltração de água pluviais em loteamento urbano.",2019,"Congresso Técnico Científico da Engenharia e da Agronomia (CONTECC) - 76ª Semana Oficial da Engenharia e da Agronomia.",,1
"A9dc25a18","CONGRESSO_COMPLETO","Diagnóstico do Uso da Água e Diretrizes para o Programa de Conservação em Edifício Comercial",2018,"48º Congresso Nacional de Saneamento da ASSEMAE",,1
"Ace123b91","CONGRESSO_COMPLETO","Aproveitamento de Água de Chuva - Estudo da Viabilidade em Diferentes Capitais Brasileiras",2018,"48º Congresso Nacional de Saneamento da ASSEMAE",,1
"Aa84d3e90","CONGRESSO_COMPLETO","Efeitos da Corrosão no Desempenho das Tubulações de Aço Galvanizado",2018,"48º Congresso Nacional de Saneamento da ASSEMAE",,1
"Ac2f2463a","CONGRESSO_COMPLETO","Diagnóstico da Unidade de Disposição de Resíduos Sólidos Urbanos do Município de Teresópolis de Goiás",2018,"48º Congresso Nacional de Saneamento da ASSEMAE",,1
"A06f7a9e1","CONGRESSO_COMPLETO","Uso racional de água em instituição de ensino: Avaliação do Índice de Perdas",2018,"XVI ENEEAMB & VI Fórum Latino-Americano de Engenharia e Sustentabilidade",,1
"Af6772f26","CONGRESSO_COMPLETO","Salubridade Ambiental da Região Metropolitana de Goiânia",2018,"18.º ENASB / 18.º SILUBESA",,1
"A55fd7181","CONGRESSO_COMPLETO","Índice de Qualidade Ambiental de Bacias Hidrográficas de Mananciais de Abastecimento",2018,"18º ENASB/18º SILUBESA",,1
"A4916b370","CONGRESSO_COMPLETO","Salubridade Ambiental no Contexto Urbano de Palmas/TO",2018,"Congresso Internacional de Sustentabilidade Urbana - 14ª Jornada Urbenere e 2ª Jornada Cires",,1
"A53f50ed4","CONGRESSO_COMPLETO","Avaliação da Qualidade da Água Bruta de Mananciais de Abastecimento Público do Estado de Goiás",2017,"47° Congresso Nacional de Saneamento da ASSEMAE",,1
"A1760981e","CONGRESSO_COMPLETO","Diagnóstico do Uso da Água em uma Escola de Tempo Integral e Considerações Sobre Uso Racional",2017,"47° Congresso Nacional de Saneamento da ASSEMAE",,1
"A89d0b028","CONGRESSO_COMPLETO","Relação entre Custo de Insumos Químicos na ETA e Qualidade de Água Bruta",2017,"47º Congresso Nacional de Saneamento da ASSEMAE",,1
"A3eb870ca","CONGRESSO_COMPLETO","Políticas Públicas Direcionadas às Áreas de Risco na Cidade de Goiânia, Brasil",2015,"28º Congresso Brasileiro de Engenharia Sanitária e Ambiental",,1
"A9837fe3f","CONGRESSO_COMPLETO","Indicador de Salubridade Ambiental para o Município de Rio Verde no Estado de Goiás",2015,"28º Congresso Brasileiro de Engenharia Sanitária e Ambiental",,1
"A8373ff6d","CONGRESSO_COMPLETO","Avaliação da Gestão de Óleo Lubrificante Usado e sua Embalagem em Postos de Combustíveis do Município de Terezópolis de Goiás, Brasil",2014,"XVI Simpósio Luso Brasileiro de Engenharia Sanitária - SILUBESA",,1
"Ac8a6be67","CONGRESSO_COMPLETO","Final disposal of municipal solid waste: diagnosis of management city of Santo Antônio de Goiás",2014,"International Congress Water, Waste and Energy Management",,1
"A8d8440e4","CONGRESSO_COMPLETO","Rational use of water in dealership vehicles-case study",2014,"International Congress Water, Waste and Energy Management",,1
"Ac035ea9a","CONGRESSO_COMPLETO","Diagnóstico Da Gestão De Residuos Sólidos Urbanos No Municipio De Nova Veneza (Go)",2013,"International Conference on Engineering",,1
"A0d23d5bb","CONGRESSO_COMPLETO","Diagnóstico Ambiental do Sistema de Coleta Seletiva do Município de Senador Canedo",2011,"II Congresso Nacional de Gestão Ambiental",,1
"A2058d363","CONGRESSO_COMPLETO","Avaliação da Aplicação de Dispositivos de Controle de Enchentes na Forma de Atenuação de Cheias em Bacias Urbanas Através da Modelagem Computacional.",2007,"XVII Simpósio Brasileiro de Recursos Hídricos",,1
"Acd3e2ccc","CONGRESSO_RESUMO_EXP","Cultivo de cana de açucar e sua influência na qualidade da agua",2022,"Congresso Técnico Científico de Engenharia e Agronomia - CONTECC",,1
"A800d61e8","CONGRESSO_RESUMO_EXP","Relevância da Bacia de Detenção em um Loteamento Urbano",2022,"Congresso Técnico Científico de Engenharia e Agronomia - CONTECC",,1
"Ae1cf967d","CONGRESSO_RESUMO_EXP","Disposição Final de Resíduos Sólidos Urbanos em Goiás um Panorama das Últimas Duas Décadas",2013,"27º Congresso Brasileiro de Engenharia Sanitária e Ambiental",,1
"Ae312fec0","CONGRESSO_RESUMO_EXP","Compostagem Doméstica como Ferramenta para Redução dos Resíduos Sólidos",2013,"27º Congresso Brasileiro de Engenharia Sanitária e Ambiental",,1
"A2eb3405c","CONGRESSO_RESUMO_EXP","Avaliação do Aumento de Área Permeável em Lotes como Forma de Redução de Enchentes através da Modelagem Computacional",2013,"International Conference on Engineering",,1
"Adbad46ba","CONGRESSO_RESUMO","Influencia do Sistema de Irrigação na demanda hídrica de culturas",2021,"18º CONGRESSO DE PESQUISA, ENSINO E EXTENSÃO - CONPEEX",,1
"A64fa3409","CONGRESSO_RESUMO","MONITORAMENTO DA QUALIDADE DA ÁGUA DE CORPOS HÍDRICOS URBANOS DE GOIÂNIA: PARQUES BOSQUE DOS BURITIS E LAGO DAS ROSAS",2021,"18º CONGRESSO DE PESQUISA, ENSINO E EXTENSÃO - CONPEEX",,1
"A924948ba","CONGRESSO_RESUMO","A influência dos rios invisiveis sobre a qualidade da água do lago do Bosque dos Buritis na cidade de Goiânia",2021,"18º CONGRESSO DE PESQUISA, ENSINO E EXTENSÃO - CONPEEX",,1
"A13dda799","CONGRESSO_RESUMO","Estudo do enquadramento da bacia do córrego Capim Puba",2021,"18º CONGRESSO DE PESQUISA, ENSINO E EXTENSÃO - CONPEEX",,1
"Ad2d11517","CONGRESSO_RESUMO","Diagnóstico do consumo da água em residências buscando a proposição de reúso",2018,"15º CONPEEX - Congresso de Pesquisa, Ensino e Extensão",,1
"Ad12727e1","CONGRESSO_RESUMO","Desenvolvimento de ferramenta aplicada ao monitoramento de consumo de água doméstico",2018,"15º CONPEEX - Congresso de Pesquisa, Ensino e Extensão",,1
"A4fd97d29","APRESENTACAO","Engenharia Sustentável: Estratégia na Gestão de Recursos Hidricos rumo à Concretização dos ODSs",2024,,,1
"A00ac80bb","APRESENTACAO","O potencial do reúso de água no enfrentamento dos desafios hídricos",2024,,,1
"A25edc68b","APRESENTACAO","Potencial de produção de água para reuso agrícola a partir de estações de tratamento de esgoto doméstico",2022,,,1
"A91acfbcf","APRESENTACAO","Proposição de uso eficiente de água e reúso de água cinza em bairro de interesse social",2022,,,1
"A498f99c0","APRESENTACAO","Indicatório Para o Reúso de Águas nas Áreas Públicas na Cidade de Goiânia",2022,,,1
"A26f6b868","APRESENTACAO","Aproveitamento de Água de Chuva - Estudo da Viabilidade em Diferentes Capitais Brasileiras",2018,,,1
"Af175a64b","APRESENTACAO","Diagnóstico do Uso da Água e Diretrizes para o Programa de Conservação em Edifício Comercial",2018,,,1
"A1ac6aa48","APRESENTACAO","Avaliação da Qualidade da Água Bruta de Mananciais de Abastecimento Público do Estado de Goiás",2017,,,1
"A2ddeaf7c","APRESENTACAO","Diagnóstico do Uso da Água em uma Escola de Tempo Integral e Considerações Sobre Uso Racional",2017,,,1
"Aec18768b","APRESENTACAO","A Evolução da Engenharia Ambiental no Brasil",2014,,,1
"Add998bea","APRESENTACAO","Levantamento da Coleta Seletiva e seu Histórico no Município de Bela Vista de Goiás",2012,,,1
"A9c567977","APRESENTACAO","Tratamento dos Resíduos Sólidos de Serviços de Saúde através de Micro-ondas",2012,,,1
"Af653f965","APRESENTACAO","Caracterização dos Resíduos Sólidos Gerados por Industrias de Confecção",2012,,,1
"A196cd0f9","APRESENTACAO","Diagnóstico Ambiental e Planejamento de Ações Corretivas no Córrego Preguiçoso, Municipio de Senador Canedo, GO.",2012,,,1
"Aec0f7d26","APRESENTACAO","Gerenciamento de Resíduos Sólidos",2012,,,1
"A6722e045","APRESENTACAO","Percepções sobre as práticas do Licenciamento Ambiental",2011,,,1
"A3321e6c1","APRESENTACAO","Caracterização dos Resíduos Sólidos Gerados nas Dependências do Condomínio Residencial Granville",2010,,,1
"A73bd1625","APRESENTACAO","Avaliação do Desempenho de Bacias de Detenção em uma Bacia Urbana da Cidade de Goiânia através de Simulação no SWMM- Storm Water Management Model",2006,,,1
"Aa82c6acb","APRESENTACAO","Bacia de Detenção - Estudo de Caso",2005,,,1
"A397685a2","APRESENTACAO","Dimensionamento de bacias de detenção e análise da eficiência na redução da vazão de pico do escoamento superficial",2005,,,1
"A9b226a87","APRESENTACAO","Recuperação das margens do córrego botafogo com espécies arbóreas como compensação Ambiental",2004,,,1
"A09c42e8a","BANCA_MESTRADO","Avaliação de microrganismos responsáveis pela produção de biogás em reator anaeróbio de circulação interna (IC)",2025,"Universidade Federal de Goiás",,1
"A04222a44","BANCA_MESTRADO","Avaliação do Potencial do Esgoto Tratado da Ete Goiânia para Reúso Agrícola e Urbano",2025,"Universidade Federal de Goiás",,1
"Ad3410344","BANCA_MESTRADO","Implantação e monitoramento de critérios e indicadores ambientais no canteiro de obra de uma construtora no município de Goiânia-.GO",2024,"Universidade Federal de Goiás",,1
"A3f423540","BANCA_MESTRADO","Utilização do modelo QUAL-UFMG na avaliação da qualidade da água e da capacidade de autodepuração do Ribeirão Pirapitinga ? Catalão - GO",2023,"Universidade Federal de Goiás",,1
"A139efbcf","BANCA_MESTRADO","Avaliação de sistemas de tratamento de águas residuárias de lava-jato",2023,"CAMPUS RIO VERDE",,1
"A0cf13d43","BANCA_MESTRADO","Avaliação do potencial das Unidades de Conservação de Proteção das Bacias Hidrográficas e na Segurança Hídrica",2023,"Universidade Federal de Goiás",,1
"A2db27bb8","BANCA_MESTRADO","Comparação de sistemas de tratamento de águas residuárias de lavajato visando o reúso",2023,"Campus Rio Ver",,1
"A23ae622e","BANCA_MESTRADO","Estratégias para conservação de água potável em uma edificação pública de ensino infantil",2022,"Universidade Federal de Goiás",,1
"Ab7146695","BANCA_MESTRADO","Reúso agrícola de água proveniente de estação de tratamento de esgoto sanitário",2022,"Universidade Federal de Goiás",,1
"A5e6779fe","BANCA_MESTRADO","Contribuições das Metodologias Participativas Empregadas nas Ações de Saneamento Rural no Estado de Goias",2020,"Universidade Federal de Goiás",,1
"A3b906325","BANCA_MESTRADO","Modelagem da qualidade da água em um trecho do Rio dos Bois, Goiás",2018,"Universidade Federal de Goiás",,1
"A51d0f53c","BANCA_MESTRADO","Simulação de vazão aplicada ao reservatório da UHE Furnas utilizando o modelo SWAT",2017,"Pontifícia Universidade Católica de Goiás",,1
"Afecf45b8","BANCA_DOUTORADO","Aproveitamento energético do biogás dos resíduos do beneficiamento da mandioca na agricultura familiar",2024,"Universidade Federal de Goiás",,1
"A95533854","BANCA_DOUTORADO","Modelagem da Dinâmica de Algas e Cianobacterias em um Reservatório de Abastecimento",2018,"Universidade Federal de Goiás",,1
"A67c9c396","BANCA_DOUTORADO","Desenvolvimento De Metodologia Multicritério Para Orientação Da Prática Sustentável De Reúso De Água",2025,"Universidade do Estado do Rio de Janeiro",,1
"A47fbd348","BANCA_DOUTORADO","Reúso de água como estratégia planejada para garantia hídrica e adaptação à mudança do clima no setor saneamento",2024,"Universidade do Estado do Rio de Janeiro",,1
"A44575b7c","BANCA_MESTRADO","Investigação da viabilidade do reúso de água no setor calçadista de Franca/SP",2025,"Universidade Federal do Triângulo Mineiro",,1
"A75845c06","BANCA_MESTRADO","Avaliação de Melhorias no Processo Produtivo da Indústria da Construção Civil a Partir da Implantação de Indicadores de Sustentabilidade",2023,"Universidade Federal de Goiás",,1
"A62e73bff","BANCA_MESTRADO","Bases Conceituais e Diretrizes Metodologicas para Subsidios às Ações Participativas em Saneamento Rural",2019,"Universidade Federal de Goiás",,1
"A9e4bcba9","BANCA_MESTRADO","Construção e aplicação de índice de salubridade ambiental em comunidades Rurais",2019,"Universidade Federal de Goiás",,1
"A06a7f8ca","BANCA_MESTRADO","Sistema de Gestão Ambiental (SGA) em Atividade de Recuperação Veicular",2011,"Pontíficia Universidade Católica de Goiás",,1
"A7343f900","BANCA_ESPECIALIZACAO","Gestão de Usos Múltiplos e Conflitos Hídricos na Bacia do Rio Meia Ponte: O Caso do Reservatório da PCH Rochedo",2025,"Universidade Federal de Goiás",,1
"A63278aec","BANCA_ESPECIALIZACAO","PANORAMA DO ACESSO À ÁGUA POTÁVEL E AO ESGOTAMENTO SANITÁRIO DA REGIÃO METROPOLITANA DE GOIÂNIA",2024,"Universidade Federal de Goiás",,1
"Af85a675a","BANCA_ESPECIALIZACAO","Conflitos na Gestão da Bacia do Ribeirão Piancó: Perspectivas e Soluções para Anápolis",2024,"Universidade Federal de Goiás",,1
"A3497990a","BANCA_ESPECIALIZACAO","POTENCIAL DE ECONOMIA DE CONSUMO DE ÁGUA EM INDUSTRIA ALIMENTÍCIA POR MEIO DO USO DE FONTES ALTERNATIVAS",2023,"Universidade Federal de Goiás",,1
"Abc225cc9","BANCA_ESPECIALIZACAO","TIPOS DE TRATAMENTO DE EFLUENTES DE INDÚSTRIAS DE LATICÍNIOS ? ANALISE PARA DIFERENTES PORTES",2023,"Universidade Federal de Goiás",,1
"A21d76ff8","BANCA_ESPECIALIZACAO","Avaliação da eficácia das condicionantes de licenças ambientais no controle da poluição em postos de combustíveis",2022,"Universidade Federal de Goiás",,1
"A2556f8ec","BANCA_ESPECIALIZACAO","Diagnóstico da Gestão Ambiental em Condomínio Residencial e Alternativas de Otimização",2022,"Universidade Federal de Goiás",,1
"A4f914a24","BANCA_ESPECIALIZACAO","Análise da Gestão dos Recursos Hídricos em uma Microbacia Hidrográfica do Rio Vermelho",2022,"Universidade Federal de Goiás",,1
"A18626782","BANCA_ESPECIALIZACAO","A mulher e as doenças relacionadas ao saneamento ambiental inadequado no Brasil",2022,"Universidade Federal de Goiás",,1
"Ad87e929f","BANCA_ESPECIALIZACAO","Caracterização geotécnica de solo utilizado em camada de cobertura de aterro sanitário em aparecida de Goiânia/GO",2022,"Universidade Federal de Goiás",,1
"A81376cb3","BANCA_ESPECIALIZACAO","Avaliação da disponibilidade hídrica para abastecimento público em municípios da Região Metropolitana de Salvador - RMS",2022,"Universidade Federal de Goiás",,1
"Ad8c38d9c","BANCA_ESPECIALIZACAO","Disposição final dos resíduos sólidos urbanos: diagnóstico da gestão do município de Santo Antônio de Goiás",2014,"Universidade Federal de Goiás",,1
"A70a2863d","BANCA_ESPECIALIZACAO","Gerenciamento dos Resíduos em Unidades Públicas de Saúde em Munícipios do Estado de Goiás, Brasil",2014,"Universidade Federal de Goiás",,1
"A62ed728d","BANCA_ESPECIALIZACAO","DIAGNÓSTICO DA GESTÃO DE RESÍDUOS SÓLIDOS URBANOS NO MUNICÍPIO DE NOVA VENEZA (GO)",2013,"Universidade Federal de Goiás",,1
"A7ea07840","BANCA_ESPECIALIZACAO","Produção de Resíduos da Construção Civil em Goiânia e a Oportunidade de Negócios em Reciclagem",2011,"Pontifícia Universidade Católica de Goiás",,1
"Acaf312af","BANCA_ESPECIALIZACAO","M. , Oliveira, J. G. N., Amorim, P.M. Levantamento dos Impactos Ambientais Provocados pela Ocupação Irregular na Área de Preservação Permanente do Parque Ecológico Jardim Atlântico",2007,"Pontifícia Universidade Católica de Goiás",,1
"A1f7c4c3b","BANCA_TCC","Reúso Potável Indireto: Análise dos Riscos e da Contribuição do Esgoto Tratado para o Abastecimento Público em Contextos de Estresse Hídrico",2025,"Universidade Federal de Goiás",,1
"A599dedc5","BANCA_TCC","Avaliaçao do Potencial de Reúso de Agrícola nas Bacias Hidrográficas dos Rios São Marcos e São Bartolomeu: Foco no Critério de Qualidade",2023,"Universidade Federal de Goiás",,1
"A5e43b71e","BANCA_TCC","Avaliação da qualidade hídrica e sua influência sobre as comunidades fitoplanctônicas em lago urbano de Goiânia, Goiás",2023,"Universidade Federal de Goiás",,1
"A3eb0657c","BANCA_TCC","Aplicabilidade do Reúso Potável Indireto na Sub-Bacia do Rio Meia Ponte",2023,"Universidade Federal de Goiás",,1
"Ae238f27f","BANCA_TCC","Aproveitamento de água de chuva para fins não potáveis em estação de tratamento de esgoto",2023,"Universidade Federal de Goiás",,1
"A41e0d99d","BANCA_TCC","Análise do teor de fluoreto em águas de abastecimento no estado de Goiás e do custo analítico entre método colorimétrico e eletrométrico",2023,"Universidade Federal de Goiás",,1
"A8d3bed66","BANCA_TCC","VIABILIDADE DA IMPLANTAÇÃO DE SISTEMAS DE APROVEITAMENTO DE ÁGUA DE CHUVA EM RESIDÊNCIAS DE UM CONDOMÍNIO HORIZONTAL",2023,"Universidade Federal de Goiás",,1
"A7e297c10","BANCA_TCC","Estudo cienciométrico sobre o uso de efluente tratado na Indústria da Construção Civil e Cerâmica",2023,"Universidade Federal de Goiás",,1
"Ab948c220","BANCA_TCC","Reúso de água em indústrias: aproveitamento do efluente da estação de tratamento de esgoto Santo Antônio, Aparecida de Goiânia ? GO",2022,"Universidade Federal de Goiás",,1
"A18b72614","BANCA_TCC","Reúso agrícola como alternativa para irrigação em comunidades de agricultura familiar",2022,"Universidade Federal de Goiás",,1
"Afd004960","BANCA_TCC","Avaliação do potencial de reúso agrícola de efluentes de ETE?s nas bacias hidrográficas dos Rios São Marcos e São Bartolomeu: Foco nos critérios de qualidade",2022,"Universidade Federal de Goiás",,1
"A34c8ccfe","BANCA_TCC","proveitamento de água de chuva para fins não potáveis na ETE Hélio Seixo de Britto",2022,"Universidade Federal de Goiás",,1
"A88594678","BANCA_TCC","Estudo do Tratamento da Água residuária proveniente de Indústria de Reciclagem de PET",2019,"Universidade Federal de Goiás",,1
"A42a61462","BANCA_TCC","Utilização de sistema híbrido com alagado construído para tratamento de efluente doméstico",2019,"Universidade Federal de Goiás",,1
"Ace4eaed2","BANCA_TCC","Avaliação da qualidade da água de consumo proveniente de cisternas e do risco de infecção da exposição de patógenos emergentes em um bairro da Regiã",2019,"Universidade Federal de Goiás",,1
"Abde91ef7","BANCA_TCC",".O Indicador de salubridade Ambiental (ISA) como ferramenta de avaliação do saneamento nos municipios Goianos",2018,"Universidade Federal de Goiás",,1
"A6e50170d","BANCA_TCC","Avaliação dos componentes de Saneamento Básico no Programa Minha Casa Minha Vida rual no Estado de Goiás",2018,"Universidade Federal de Goiás",,1
"A2b26163f","BANCA_TCC","Lopes; Hugo Leitão de Azevedo; Mateus Lima.Funcionamento e operação da ETA DIMIC e seus impactos na geração de resíduos",2017,"Universidade Federal de Goiás",,1
"A95ac42d4","BANCA_TCC","Conservação de água aplicada a Clínica Veterinária",2016,"Universidade Federal de Goiás",,1
"A5bc90df2","BANCA_TCC","Moraes, Ramon Brito da Silva.influêcia do uso e ocupação do solo na qualidade da água em bacias de captação para o abastecimento público",2016,"Universidade Federal de Goiás",,1
"A19cf18cd","BANCA_TCC","Avaliação da qualidade ambiental do Córrego dos Macacos nos municípios de Terezópolis de Goiás e Goianápolis - Goiás",2014,"Universidade Federal de Goiás",,1
"A8b168a85","BANCA_TCC","Desempenho de Um Reator Anaeróbio Operado em Batelada Sequencial para Tratamento de Efluentes de Industria Farmaceutica",2014,"Universidade Federal de Goiás",,1
"A5761160b","BANCA_TCC","Proposta de Sistema de Gestão Ambiental para Microempresas do Setor Moveleiro",2013,"Universidade Federal de Goiás",,1
"Ad630b42a","BANCA_TCC","Análise dos Elementos de Um Programa de Gerenciamento de Riscos Ambientais para um Posto de Combustível",2013,"Universidade Federal de Goiás",,1
"A7d0a9efa","BANCA_TCC","Destinação Final em Área Agrícola do Biossólido Proveniente da Estação de Tratamento de Efluentes de Indústria Alimentícia - Estudo de Caso",2012,"Pontíficia Universidade Católica de Goiás",,1
"A7f72f818","BANCA_TCC","Projeto de Coleta Seletiva em Edifício Residencial de Goiânia",2011,"Pontíficia Universidade Católica de Goiás",,1
"Ab7ef739a","BANCA_TCC","M. Santos.Desempenho do Sistema de Bolsa de Resíduos como Instrumento de Gestão Ambiental",2010,"Pontifícia Universidade Católica de Goiás",,1
"A990949c4","BANCA_TCC","Análise do Desenvolvimento da suinocultura em Goiás e Metodologia do Licenciamento Ambiental",2010,"Pontifícia Universidade Católica de Goiás",,1
"Abe4f68eb","BANCA_TCC","Análise do Gerenciamento de Resíduos de Construção Civil Diagnóstico do Canteiro de Obra do Residencial Terra",2010,"Pontifícia Universidade Católica de Goiás",,1
"A8d4adf4b","BANCA_TCC","Projeto Técnico de Gestão Ambiental na Área de Influência das Nascentes do Córrego Macambira nos Setores Faiçalville e Jardim Presidente em Goiânia",2010,"Pontifícia Universidade Católica de Goiás",,1
"A57d01295","BANCA_TCC","Análise da Extração de Sedimentos Urbanos no Ribeirão Anicuns em Goiânia",2009,"Pontifícia Universidade Católica de Goiás",,1
"A99afb32a","BANCA_TCC","Análise do Gerenciamento de Resíduos Sólidos na Área III da Universidade Católica de Goiás",2009,"Pontifícia Universidade Católica de Goiás",,1
"A78f3abee","BANCA_TCC","Análise de Arborização Urbana (Avenida Cezar Lattes, Goiânia-GO): Um Estudo de Caso",2009,"Faculdade Araguaia",,1
"Acc3cfab0","BANCA_TCC","S.Capacidade de Autodepuração do Ribeirão Anicuns/Go - Um Estudo de Caso",2008,"Pontifícia Universidade Católica de Goiás",,1
"Afac52abd","BANCA_TCC","M.A Drenagem Urbana de Águas Pluviais e Seus Impactos - Cenário Atual da Bacia do Córrego Vaca Brava-Goiânia-GO - Estudo de caso",2008,"Pontifícia Universidade Católica de Goiás",,1
"Ac4c48620","BANCA_TCC","R.B.Avaliação da Operação do Aterro Sanitário de Catalão - Go",2008,"Pontifícia Universidade Católica de Goiás",,1
"Af346a5bb","BANCA_TCC","P.A.Aspectos Sanitários Relacionados á Apresentação do Lixo Urbano para Coleta Pública",2008,"Pontifícia Universidade Católica de Goiás",,1
"A033b3603","BANCA_TCC","Avaliação da Qualidade da Água do Córrego Samambaia-Goiânia",2008,"Pontíficia Universidade Católica de Goiás",,1
"Af7582426","BANCA_TCC","Estudo dos Resíduos Sólidos Urbanos para Implantação de Aterros Controlados em Municípios de Pequeno Porte: Estudo de Caso",2008,"Pontifícia Universidade Católica de Goiás",,1
"Acc70e351","BANCA_TCC","Avaliação das condições de reflorestamento ciliar em três pontos do Rio Meia-Ponte no perímetro urbano da cidade de Goiânia",2006,"Pontifícia Universidade Católica de Goiás",,1
"A683cee5c","ORIENTACAO_MESTRADO","Relação entre o Uso do Solo e os Desafios Operacionais da ETA no Contexto da Bacia do Ribeirão Arrozal",2025,"Universidade Federal de Goiás",,1
"A7f4aa2b2","ORIENTACAO_MESTRADO","Avaliação de risco da prática do do reúso Potável Indireto não planejado - Proposta de politica publica",2024,"Universidade Federal de Goiás",,1
"A2d49ed71","ORIENTACAO_MESTRADO","Analise de confiabildiade de estação de tratamento de esgoto no estado de Goiás com vistas ao reúso de água",2024,"Universidade Federal de Goiás",,1
"A30fc4800","ORIENTACAO_MESTRADO","Estrategias para redução de conflitos pelo uso da água em bacia hidrográfica de manancial de abastecimento",2024,"Universidade Federal de Goiás",,1
"Aa1f62d97","ORIENTACAO_MESTRADO","Reúso de água: Uma alternativa para a resolução do conflito de lançamento de esgoto",2024,"Universidade Federal de Goiás",,1
"A198caa9e","ORIENTACAO_MESTRADO","POTENCIAL DO REÚSO DE ÁGUA EM ESTAÇÃO DE TRATAMENTO DE ESGOTO DOMÉSTICO",2025,"Universidade Federal de Goiás",,1
"A3d609165","ORIENTACAO_MESTRADO","POTENCIAL DE CONSERVAÇÃO DE ÁGUA POTÁVEL EM UMA EDIFICAÇÃO PÚBLICA DE ENSINO INFANTIL",2021,"Universidade Federal de Goiás",,1
"A1edbe322","ORIENTACAO_MESTRADO","Reúso agrícola de água proveniente de estação de tratamento de esgoto sanitário",2020,"Universidade Federal de Goiás",,1
"A4965a655","ORIENTACAO_ESPECIALIZACAO","Gestão de Usos Múltiplos e Conflitos Hídricos na Bacia do Rio Meia Ponte: O Caso do Reservatório da PCH Rochedo",2025,"Universidade Federal de Goiás",,1
"Ae17ae65a","ORIENTACAO_ESPECIALIZACAO","Paulo Estevão Rosa",2024,"Universidade Federal de Goiás",,1
"Ae0886861","ORIENTACAO_ESPECIALIZACAO","Avaliação da disponibilidade hídrica para abastecimento público em municípios da Região Metropolitana de Salvador - RMS",2023,"Universidade Federal de Goiás",,1
"A8163fcfb","ORIENTACAO_ESPECIALIZACAO","POTENCIAL DE ECONOMIA DE CONSUMO DE ÁGUA EM INDUSTRIA ALIMENTÍCIA POR MEIO DO USO DE FONTES ALTERNATIVAS",2023,"Universidade Federal de Goiás",,1
"A03fc0cb3","ORIENTACAO_ESPECIALIZACAO","TIPOS DE TRATAMENTO DE EFLUENTES DE INDÚSTRIAS DE LATICÍNIOS ? ANALISE PARA DIFERENTES PORTES",2023,"Universidade Federal de Goiás",,1
"A5a1a4e86","ORIENTACAO_ESPECIALIZACAO","Análise da gestão de recursos hídricos em uma microbacia hidrográfica do Rio Vermelho",2022,"Universidade Federal de Goiás",,1
"A2fb80195","ORIENTACAO_ESPECIALIZACAO","Diagnóstico da Gestão de Residuos Sólidos Urbanos no Municipio de Santo Antônio de Goiás",2014,"Universidade Federal de Goiás",,1
"Abe57f60c","ORIENTACAO_ESPECIALIZACAO","Caracterização dos Resíduos Sólidos Gerados por Indústrias de Confecção",2012,"Faculdade Araguaia",,1
"Ae26dcd34","ORIENTACAO_TCC","Aplicabilidade de reúso potável indireto na bacia do rio Meia Ponte",2023,"Universidade Federal de Goiás",,1
"Afc14633a","ORIENTACAO_TCC","Fontes alternativas de água em condomínio horizontal",2023,"Universidade Federal de Goiás",,1
"Abd92507b","ORIENTACAO_TCC","Reúso agrícola como alternativa para irrigação em comunidades de agricultura familiar",2022,"Universidade Federal de Goiás",,1
"A013e394d","ORIENTACAO_TCC","Reúso de água em indústrias: aproveitamento do efluente da estação de tratamento de esgoto Santo Antônio, Aparecida de Goiânia ? GO",2022,"Universidade Federal de Goiás",,1
"Ae432b9db","ORIENTACAO_TCC","Estudo do tratamento de da água residuária proveniente de indústria de reciclagem de PET",2019,"Universidade Federal de Goiás",,1
"A5251387d","ORIENTACAO_TCC","Utilização de sistema híbrido com alagado construído para tratamento de efluente doméstico",2019,"Universidade Federal de Goiás",,1
"A2a98e841","ORIENTACAO_TCC","EFLUENTE DO PROCESSO DE LAVAGEM DE ROUPAS - ESTUDO DA VIABILIDADE PARA APLICAÇÃO EM REUSO",2019,"Universidade Federal de Goiás",,1
"Aa3fa1cc7","ORIENTACAO_TCC","Panorama da Salubridade Ambiental das Capitais Brasileiras",2018,"Universidade Federal de Goiás",,1
"A325179cb","ORIENTACAO_TCC","Diretrizes para um programa de conservação de água em edifício residencial",2018,"Universidade Federal de Goiás",,1
"A2bb6d435","ORIENTACAO_TCC","Cultivo da cana de açúcar e sua influência na qualidade das águas",2018,"Universidade Federal de Goiás",,1
"Aff6ca0da","ORIENTACAO_TCC","DIAGNÓSTICO DO USO DA ÁGUA EM UMA ESCOLA DE TEMPO INTEGRAL E CONSIDERAÇÕES SOBRE USO RACIONAL",2016,"Universidade Federal de Goiás",,1
"A1a1a4c7a","ORIENTACAO_TCC","da Silva Mendes; Marcos Takeo Konaga; Rafael Silva. Diagnóstico e potencial de aproveitamento de água em clínica veterinária",2016,"Universidade Federal de Goiás",,1
"A7b92dfe4","ORIENTACAO_TCC","Aproveitamento de Água de Chuva - Estudo de Viabilidade em Diferentes Capitais",2014,"Universidade Federal de Goiás",,1
"Ad2500a6d","ORIENTACAO_TCC","USO RACIONAL DE ÁGUA EM CONCESSIONÁRIA DE VEÍCULOS - ESTUDO DE CASO",2013,"Universidade Federal de Goiás",,1
"A9e146b3d","ORIENTACAO_TCC","Inventário de Resíduos Perigosos gerados em Indústrias Químicas do Estado de Goiás",2012,"Pontifícia Universidade Católica de Goiás",,1
"Aa2c2f9f0","ORIENTACAO_TCC","Avaliação do Tratamento de Esgoto Sanitário por Sistema de Zona de Raízes no Campus II da Puc-GO",2012,"Pontifícia Universidade Católica de Goiás",,1
"A79a6092e","ORIENTACAO_TCC","Avaliação da Aplicação dos Instrumentos de Gestão da Politica de Recursos Hídricos do Estado de Goiás na Bacia Hidrográfica do Rio Vermelho",2012,"Pontifícia Universidade Católica de Goiás",,1
"A745f6bd1","ORIENTACAO_TCC","Desenvolvimento de Técnica de Tratamento de Esgoto Doméstico aplicado a Zona Rural",2012,"Pontifícia Universidade Católica de Goiás",,1
"A01ca4e92","ORIENTACAO_TCC","Levantamento da Coleta Seletiva e Seu Histórico no Município de Bela Vista de Goiás",2012,"Pontíficia Universidade Católica de Goiás",,1
"A8ac77529","ORIENTACAO_TCC","Análise da Aplicabilidade do Uso de Pneus na Recuperação de Voçorocas por Diferentes Técnicas de Disposição",2011,"Pontíficia Universidade Católica de Goiás",,1
"A21139164","ORIENTACAO_TCC","Tratamento dos Resíduos Sólidos de Serviço de Saúde do Centro Clínico Doutor Francisco Taveira do Municipio de Bela Vista de Goiás",2011,"Pontíficia Universidade Católica de Goiás",,1
"Aab359aa6","ORIENTACAO_TCC","Projeto de Implantação da Taxa de Coleta de Resíduos no Municipio de Bela Vista de Goiás",2011,"Pontíficia Universidade Católica de Goiás",,1
"A57459335","ORIENTACAO_TCC","Proposta de Implantação de Consório Intermunicipal de Resíduos Sólidos na Região Noroeste de Goiás",2011,"Pontíficia Universidade Católica de Goiás",,1
"A56dd63dd","ORIENTACAO_TCC","Proposta de Gerenciamento dos Resíduos Gerados em Industria de Galvanoplastia",2011,"Pontíficia Universidade Católica de Goiás",,1
"A9efbce9a","ORIENTACAO_TCC","Proposta de Tratamento dos Resíduos Orgânicos Gerados em Avicultura",2011,"Pontíficia Universidade Católica de Goiás",,1
"A90864905","ORIENTACAO_TCC","Proposta de implantação da Coleta Seletiva em Caldas Novas por Meio da Avaliação do Programa de Goiânia",2009,"Pontifícia Universidade Católica de Goiás",,1
"A3ddb43d7","ORIENTACAO_TCC","Análise do Gerenciamento de Resíduos Sólidos da Anglo American - Mineração Catalão por meo de implementação de um galpão adequado de armazenamento de resíduos",2008,"UNICALDAS",,1
"A98a3edb1","ORIENTACAO_TCC","Proposta de Reúso da Água com Avaliação da Qualidade das Águas Termais do Rio Quente Resort",2008,"UNICALDAS",,1
"A212c3e0f","ORIENTACAO_TCC","Recuperação das Margens do Córrego dos Limas da Cidade de Marzagão-GO",2008,"UNICALDAS",,1
"A7b38961f","ORIENTACAO_TCC","Projeto de Conservação e Recuperação do Córrego Caldas por Meio de Prática de Educação Ambiental",2008,"UNICALDAS",,1
"A4bef2d7e","ORIENTACAO_TCC","Resíduos Sólidos Gerados no Bosque dos Buritis - Estudo e Caracterização",2008,"Faculdade Araguaia",,1
"A39349e25","ORIENTACAO_TCC","Resíduos Sólidos Gerados no Bosque dos Buritis: Estudo e Caracterização",2008,"Faculdade Araguaia",,1
"Ab6c7bee6","ORIENTACAO_TCC","Caracterização dos Resíduos Sólidos Doméstico do Município de Ipameri - GO",2007,"UNICALDAS",,1
"A903d8725","ORIENTACAO_IC","AVALIAÇÃO DO POTENCIAL QUANTITATIVO DE REUSO DE ÁGUA NA DESOBSTRUÇÃO DE GALERIAS E LAVAGEM DE FEIRAS A PARTIR DOS EFLUENTES DA ESTAÇÃO DE TRATAMENTO DE ESGOTO DA CIDADE DE GOIÂNIA - GO, BRASIL",2024,"Universidade Federal de Goiás",,1
"Ae34e7e1c","ORIENTACAO_IC","O reúso de água como ferramenta na redução da pressão hidrica na bacia do Rio dos Bois",2023,"Universidade Federal de Goiás",,1
"A52e6019e","ORIENTACAO_IC","Perfil do uso da água e geração de água cinza em edificação de ensino",2023,"Universidade Federal de Goiás",,1
"A0206109a","ORIENTACAO_IC","AVALIAÇÃO DO POTENCIAL QUANTITATIVO DE REUSO INDUSTRIAL A PARTIR DOS EFLUENTES DA ESTAÇÃO DE TRATAMENTO DE ESGOTO DA CIDADE DE GOIÂNIA, BRASIL",2023,"Universidade Federal de Goiás",,1
"A15f07ebf","ORIENTACAO_IC","Reúso de água proveniente de estação de tratamento de esgoto ? estudo direcionado para a cidade de Bela Vista de Goiás",2022,"Universidade Federal de Goiás",,1
"A8fa192f5","ORIENTACAO_IC","MONITORAMENTO DA QUALIDADE DA ÁGUA DE CORPOS HÍDRICOS URBANOS DE GOIÂNIA",2020,"Universidade Federal de Goiás",,1
"A260bc780","ORIENTACAO_IC","A INFLUÊNCIA DOS RIOS INVISIVEIS SOBRE A QUALIDADE DA ÁGUA DO LAGO DO BOSQUE DOS BURITIS NA CIDADE DE GOIÂNIA",2020,"Universidade Federal de Goiás",,1
"Ac1fafa7f","ORIENTACAO_IC","MONITORAMENTO DA QUALIDADE DA ÁGUA DE LAGOS URBANOS NA CIDADE DE GOIÂNIA",2020,"Universidade Federal de Goiás",,1
"Ab6be215b","ORIENTACAO_IC","Tratamento de Esgoto com o Emprego de Filtro de Areia e Wetland Visando Aplicação em Reúso",2019,"Universidade Federal de Goiás",,1
"A356ac446","ORIENTACAO_IC","Gestão de Resíduos Sólidos Aplicado à Comunidades Rurais",2019,"Universidade Federal de Goiás",,1
"A719c7006","ORIENTACAO_IC","Caracterização de vazão e frequência do uso de aparelhos em prédio da UFG",2019,"Universidade Federal de Goiás",,1
"Afbb9708b","ORIENTACAO_IC","Indicadores de Perdas em aparelhos sanitários de prédios da UFG",2019,"Universidade Federal de Goiás",,1
"A66a58272","ORIENTACAO_IC","Dignóstico de indicadores de consumo de água na irrigação de jardins e na limpeza de áreas externas",2019,"Universidade Federal de Goiás",,1
"Af9ebc76b","ORIENTACAO_IC","MONITORAMENTO DA QUALIDADE DA ÁGUA DE CORPOS HÍDRICOS URBANOS DE GOIÂNIA",2019,"Universidade Federal de Goiás",,1
"A2f7ac44f","ORIENTACAO_IC","Diagnóstico do consumo da água em residências buscando a proposição de reúso",2018,"Universidade Federal de Goiás",,1
"A1eb31f60","ORIENTACAO_IC","Desenvolvimento de ferramenta aplicada ao monitoramento de consumo de água doméstico",2018,"Universidade Federal de Goiás",,1
"A887388b6","PROJETO_PESQUISA","Diretrizes de Gestão da Drenagem Urbana em Goiânia",2023,"Prefeitura Municipal de Goiânia",,1
"A867de4cc","PROJETO_PESQUISA","Sedimentação de Reservatórios no Cerrado",2022,"Fundação de Apoio à Pesquisa",,1
"Aa6991b1b","PROJETO_PESQUISA","Modelagem em Diversas Escalas da Geração de Sedimentos em Erosões e o Aporte em Reservatórios de UHEs",2020,"FURNAS CENTRAIS ELÉRTRICAS",,1
"A2673e68c","PROJETO_PESQUISA","Gestão de Recursos Hídricos na Bacia do Rio Paranaíba",2019,"Secretaria de Meio Ambiente e Desenvolvimento Sustentável de Goiás",,1
"A81a673b0","PROJETO_PESQUISA","Monitoramento de Recursos Hídricos Superficiais",2014,"Financiadora de Estudos e Projetos",,1
"Aec984135","PROJETO_PESQUISA","Bacia Representativa de Usos Mistos - Bacia do Reibeirão Anicuns",2012,"Financiadora de Estudos e Projetos",,1
"A3eccaa6f","PROJETO_PESQUISA","Manejo de Águas Pluviais no Meio Urbano - MAPLU2",2011,"Financiadora de Estudos e Projetos",,1
"A0e479fe0","PROJETO_PESQUISA","Diretrizes Projetuais para Drenagem Urbana",2009,"CAPES - Centro Anhanguera de Promoção e Educação Social - Bolsa / Conselho Nacional de Desenvolvimento Científico e Tecnológico - Bolsa / Financiadora",,1
"Ae8991514","PROJETO_PESQUISA","Otimização de Sistemas de Distribuição de Água",2005,"Coordenação de Aperfeiçoamento de Pessoal de Nível Superior - Bolsa / Conselho Nacional de Desenvolvimento Científico e Tecnológico",,1
"Ac86f6f68","PROJETO_PESQUISA","Modelagem Hidrológica Aplicada à Segurança de Barragens",2005,"Conselho Nacional de Desenvolvimento Científico e Tecnológico - Bolsa / Coordenação de Aperfeiçoamento de Pessoal de Nível Superior - Bolsa / Financia",,1
"A425c0478","PROJETO_PESQUISA","Instrumentos do Uso Racional e Otimizado da Água em Meio Urbano",2002,"Conselho Nacional de Desenvolvimento Científico e Tecnológico",,1
"Ac3d8e2c7","PROJETO_PESQUISA","Controle Operacional e Avaliação de Perdas em um Sub-Sistema Urbano de Distribuição de Água",2001,"Financiadora de Estudos e Projetos",,1
"A124da7ab","PROJETO_EXTENSAO","Plano de Mobilização e Divulgação do Plano Diretor de Drenagem de Goiânia",2023,,,1
"Ab11bb238","PROJETO_EXTENSAO","Azul que te quero verde? - Florestas e água: recursos hídricos e conservação de áreas florestais em mananciais de abastecimento de água urbano",2012,"Ministério da Educação",,1
"A45f3a0db","PROJETO_EXTENSAO","O Ensino de Ciências para Conservação dos Recursos Naturais e Amviente Construído",2007,"Financiadora de Estudos e Projetos",,1
"A0a4a6563","PROJETO_EXTENSAO","Plano Diretor de Drenagem Urbana de Goiânia",2023,"SECRETARIA MUNICIPAL DE INFRAESTRUTURA E SERVICOS PUBLICOS",,1
"A89934d7f","PROJETO_EXTENSAO","Planos de Recursos Hídricos das Unidades de Planejamento e Gestão de Recursos Hídricos do Estado de Goiás (UPGRH) afluentes ao Paranaíba",2018,"Secretaria de Meio Ambiente e Desenvolvimento Sustentável de Goiás",,1
"A7e5be5ae","PROJETO_EXTENSAO","Monitoramento e Estudo de Técnicas Alternativas na Estabilização de Processos Erosivos em Reservatórios de UHEs",2012,,,1
"Ae3af96ee","PROJETO_EXTENSAO","Reformulação de Diretrizes para Modernização de PCHs em Operação Visando sua Repotenciação",2010,"ENEL BRASIL PARTICIPACOES LTDA",,1
"A35897bf4","ARTIGO","Systematic Map of Chemical and Biological Surfactant Effects on Oxygen Mass Transfer at the Air-Water Interface",2026,"WATER ENVIRONMENT RESEARCH","10.1002/wer.70271",1
"Aa41bd6c9","ARTIGO","Long-Term Evaluation of Water Quality and Quantity in a Residential Integrated Rainwater and Greywater Recycling System with Simultaneous Storage and Treatment",2026,"ACS Omega","10.1021/acsomega.5c12823",1
"Aff919ede","ARTIGO","Optimised operation of sewage pumping stations: a systematic review",2026,"Results In Engineering","10.1016/j.rineng.2026.110798",1
"A20997901","ARTIGO","Benchmarking low-cost RPA photogrammetry against Terrestrial Laser Scanning for riverbank erosion monitoring",2026,"GEOFOCUS (MADRID)","10.21138/gf.969",1
"A10b0bcf5","ARTIGO","Definition of Charging Fee for Drainage Services and Incentives Based on LID Simulation",2026,"Smart Cities","10.3390/smartcities9080132",1
"Abb6cb5dc","ARTIGO","Hydrological analyses for drought assessment in the Meia Ponte River basin, southern Goiás State, central Brazil",2026,"Journal of the Geological Survey of Brazil","10.29396/jgsb.2026.v9.n2.10",1
"A21e4edd7","ARTIGO","Life Cycle Assessment of an Integrated System for the Recycling of Rainwater and Greywater in Residential Buildings",2026,"ADVANCED SUSTAINABLE SYSTEMS","10.1002/adsu.70632",1
"A5ddddbfa","ARTIGO","Monitoring urban river degradation: RPAS analysis of irregular occupation in riparian areas",2026,"Digital Water","10.1080/28375807.2026.2728369",1
"A312e0d0b","ARTIGO","Digital cadastral mapping of Goiânia's urban Micro-drainage Network",2026,"Digital Water","10.1080/28375807.2026.2725889",1
"Acdf34571","ARTIGO","Analysis of water quality, bioindicators, contaminants and their cytogenetic impacts in a Cerrado reservoir",2025,"Revista Brasileira de Ciências Ambientais (Online)","10.5327/z2176-94782115",1
"Ae3bfed0b","ARTIGO","Water Quality Dynamics in Cyanobacterial Control in Brazilian Cerrado Reservoir",2025,"Sustainability","10.3390/su17219537",1
"A35e9f9c5","ARTIGO","Analysis of sub-bottom profile application to estimate sediment thickness over Itumbiara and Batalha HPP reservoirs, Brazil",2025,"CATENA","10.1016/j.catena.2025.109385",1
"A3e1e8359","ARTIGO","Effect of rainfall characteristics on the transport of trace metals in suspended particles during rainfall events",2024,"JOURNAL OF HYDROLOGY","10.1016/j.jhydrol.2024.131062",1
"Acc63bc26","ARTIGO","Development of a Device for Monitoring Erosion in the Field",2024,"Micromachines","10.3390/mi15070880",1
"Ac991ba8b","ARTIGO","Hydrodynamic Modeling for Flow and Velocity Estimation from an Arduino Ultrasonic Sensor",2024,"Hydrology","10.3390/hydrology11020012",1
"A0d31f3f6","ARTIGO","Models and Values of Fees and Incentives for Financing Sustainable Urban Drainage",2024,"SOCIEDADE & NATUREZA (UFU. ONLINE)","10.14393/sn-v36-2024-71211",1
"Af13194d1","ARTIGO","Global Applications of the CE-QUAL-W2 Model in Reservoir Eutrophication: A Systematic Review and Perspectives for Brazil",2024,"Water","10.3390/w16243556",1
"A94980ca9","ARTIGO","Supporting Environmental Decision-Making in Urban Water and Wastewater Systems: Proposal for an Environmental Performance Index",2024,"WATER RESOURCES MANAGEMENT","10.1007/s11269-024-03979-6",1
"A7bff0748","ARTIGO","Measuring the environmental performance of urban water systems: a systematic review",2023,"Water Science and Technology-Water Supply","10.2166/ws.2023.076",1
"A9f01c228","ARTIGO","Integrated systems for rainwater harvesting and greywater reuse: a systematic review of urban water management strategies",2023,"Water Science and Technology-Water Supply","10.2166/ws.2023.240",1
"A7b3dd9f9","ARTIGO","Sustainable Drainage Technologies Under the Sustainability Tripod Perspective",2023,"SOCIEDADE & NATUREZA (UFU. ONLINE)","10.14393/sn-v35-2023-66919",1
"A01063db1","ARTIGO","Mapeamento das publicações sobre a avaliação da disponibilidade hídrica em pequenas bacias hidrográficas",2023,"RGSA (ANPAD)","10.24857/rgsa.v17n2-018",1
"Aac008514","ARTIGO","Multi-taxon trends and the application of genotoxic biomarkers in the analysis of effluents from sewage treatment plant",2023,"HELIYON","10.1016/j.heliyon.2023.e22516",1
"Aabc6950f","ARTIGO","Corrigendum to -Environmental performance of an integrated water supply and wastewater system through life cycle assessment - A Brazilian case study- [Sci. Total Environ. 835 (2022) 155213 10.1016/j.scitotenv.2022.155213 (August 2022)]",2023,"SCIENCE OF THE TOTAL ENVIRONMENT","10.1016/j.scitotenv.2023.163675",1
"A8968917f","ARTIGO","Evaluation of Water Level in Flowing Channels Using Ultrasonic Sensors",2022,"Sustainability","10.3390/su14095512",1
"Af2e461c8","ARTIGO","Environmental performance of an integrated water supply and wastewater system through life cycle assessment - A Brazilian case study",2022,"SCIENCE OF THE TOTAL ENVIRONMENT","10.1016/j.scitotenv.2022.155213",1
"Add16b782","ARTIGO","Uso do modelo HEC-RAS com base em informações de LiDAR para avaliação de inundações urbanas",2022,"Engenharia Sanitaria e Ambiental","10.1590/s1413-415220200276",1
"Ace565ae6","ARTIGO","Investigation and Quantification of Erosions in the Margins of Water Bodies: A Systematic Review",2022,"Water","10.3390/w14111693",1
"A1c5a078b","ARTIGO","Comparison of Methods for Filling Daily and Monthly Rainfall Missing Data: Statistical Models or Imputation of Satellite Retrievals?",2022,"Water","10.3390/w14193144",1
"A35f4ce80","ARTIGO","Analysis of the IMERG-GPM Precipitation Product Analysis in Brazilian Midwestern Basins Considering Different Time and Spatial Scales",2022,"Water","10.3390/w14162472",1
"A55de7752","ARTIGO","Temporal variation and risk assessment of heavy metals and nutrients from water and sediment in a stormwater pond, Brazil",2022,"Water Science and Technology-Water Supply","10.2166/ws.2022.441",1
"A01c7fdbe","ARTIGO","Calibração e validação de modelos hidrológicos para uma bacia hidrográfica do estado de Goiás",2022,"REVISTA BRASILEIRA DE GEOGRAFIA FÍSICA","10.26848/rbgf.v15.4.p1827-1842",1
"A7af26174","ARTIGO","Mudanças morfológicas na bacia hidrográfica do Córrego Barreiro ao longo do processo de urbanização, Goiânia - GO",2021,"URBE. REVISTA BRASILEIRA DE GESTÃO URBANA","10.1590/2175-3369.013.e20200047",1
"A366afb10","ARTIGO","Estudo do transporte de sedimentos em suspensão ao longo da bacia hidrográfica do rio Meia Ponte - Go",2021,"Ateliê geográfico (UFG)","10.5216/ag.v15i2.66498",1
"A44c736c3","ARTIGO","Avaliação da demanda futura de água na bacia hidrográfica do rio Umbeluzi em Moçambique",2021,"REVISTA BRASILEIRA DE ENGENHARIA CIVIL",,1
"Acf5fa394","ARTIGO","Avaliação de contribuição do reservatório de Movene na bacia hidrográfica do rio Umbeluzi em Moçambique",2021,"REVISTA BRASILEIRA DE GEOGRAFIA FÍSICA","10.26848/rbgf.v14.6.p3622-3634",1
"Ad3fc77ce","ARTIGO","Genotoxic effect of heavy metals on Astyanax lacustris in an urban stream",2020,"HELIYON","10.1016/j.heliyon.2020.e05034",1
"A6cc4f491","ARTIGO","Analysis of the Uncertainty in Estimates of Manning?s Roughness Coefficient and Bed Slope Using GLUE and DREAM",2020,"Water","10.3390/w12113270",1
"A0b2059de","ARTIGO","Construção de um indicador socioambiental e a relação com o sistema de drenagem urbana",2020,"Revista Brasileira de Ciências Ambientais (Online)","10.5327/z2176-947820200638",1
"Ad2740cfc","ARTIGO","Avaliação de Alocação de Água na Bacia Hidrográfica do Rio Inhanombe, Moçambique",2020,"REVISTA BRASILEIRA DE GEOGRAFIA FÍSICA","10.26848/rbgf.v13.4.p1870-1885",1
"A4a941af6","ARTIGO","Prospecção das Interdependências entre Água, Energia e Alimento no Brasil",2019,"REVISTA DAE","10.4322/dae.2019.035",1
"A60eaa8b2","ARTIGO","Efeitos da arborização urbana na redução do escoamento pluvial superficial e no atraso do pico de vazão",2019,"CIÊNCIA FLORESTAL (ONLINE)","10.5902/1980509825820",1
"A8a62360f","ARTIGO","ANÁLISE DA DISTRIBUIÇÃO GRANULOMÉTRICA AO LONGO DA BACIA HIDROGRÁFICA DO RIO MEIA PONTE - GOIÁS?",2019,"REGA - REVISTA DE GESTÃO DE ÁGUA DA AMÉRICA LATINA","10.21168/rega.v16e5",1
"A5d6914f8","ARTIGO","Rainfall interception capacity of tree species used in urban afforestation",2018,"URBAN ECOSYSTEMS","10.1007/s11252-018-0753-y",1
"A4db7e722","ARTIGO","Interferências de espécies arbóreas na interceptação das águas pluviais urbanas",2018,"Revista Brasileira de Ciências Ambientais (Online)","10.5327/z2176-947820180214",1
"A4c12e754","ARTIGO","Monitoramento do lençol freático na Bacia do Córrego Botafogo - Goiânia/GO",2018,"REGA - REVISTA DE GESTÃO DE ÁGUA DA AMÉRICA LATINA","10.21168/rega.v15e7",1
"Ad967ffd8","ARTIGO","Potenciais usos da água via regularização de vazões no Reservatório João Leite em Goiânia, GO",2017,"CIÊNCIA & ENGENHARIA (UFU. IMPRESSO)","10.14393/19834071.2013.21049",1
"Aee8a2024","ARTIGO","Novo método para determinação do fator de redução de área aplicado em chuvas de projeto",2017,"CIÊNCIA & ENGENHARIA (UFU. IMPRESSO)","10.14393/19834071.2013.23183",1
"A6e5d99c1","ARTIGO","ESTUDO HIDROMORFOLÓGICO DE BACIA HIDROGRÁFICA URBANA EM GOIÂNIA/GO",2017,"CIÊNCIA E NATURA","10.5902/2179460x26411",1
"Ab0689a52","ARTIGO","Estatística espacial para avaliar a relação entre saneamento básico, IDH e remanescente de cobertura vegetal no estado de Goiás, Brasil",2016,"Revista Ambiente & Água","10.4136/ambi-agua.1825",1
"A45ffea6f","ARTIGO","DETERMINAÇÃO DO LIMITE DA FAIXA DE INUNDAÇÃO COM USO DO HEC-RAS PARA O PARQUE LINEAR DO CÓRREGO MACAMBIRA EM GOIÂNIA, GOIÁS (doi:10.5216/reec.V11i1.32101)",2016,"REEC - Revista Eletrônica de Engenharia Civil","10.5216/reec.v11i1.32101",1
"Ad2cf8de0","ARTIGO","DESENVOLVIMENTO DE UM MODELO CHUVA-VAZÃO VIA TANK MODEL E CALIBRAÇÃO AUTOMÁTICA",2016,"REEC - Revista Eletrônica de Engenharia Civil","10.5216/reec.v11i3.36007",1
"Ac0a445f6","ARTIGO","Uso de modelo hidrodinâmico para determinação da vazão a partir de medições de nível",2016,"RBRH","10.1590/2318-0331.011616007",1
"A46a214ad","ARTIGO","Calibração de um modelo hidrodinâmico em um canal urbano utilizando algoritmos genéticos multiobjetivos",2016,"CIÊNCIA & ENGENHARIA","10.14393/19834071.2016.33168",1
"A448f51ba","ARTIGO","DETERMINAÇÃO E ESPACIALIZAÇÃO DA PERDA DE SOLO DA BACIA HIDROGRÁFICA DO CÓRREGO CASCAVEL, GOIÁS",2015,"Revista Geográfica Acadêmica","10.18227/1678-7226rga.v9i2.3161",1
"A08da7a16","ARTIGO","Average Rainfall Estimation: Methods Performance Comparison in the Brazilian Semi-Arid",2014,"Journal of Water Resource and Protection","10.4236/jwarp.2014.62014",1
"A8c59d254","ARTIGO","Comparação das vazões de projeto pelo método racional e método tempo área para bacias urbanas do município de Goiânia - GO.",2012,"REEC - Revista Eletrônica de Engenharia Civil","10.5216/reec.v4i2.19513",1
"Aefdf3c29","ARTIGO","Estudo comparativo entre os modelos SWMM e HEC-HMS para simulação de escoamento superficial - caso de estudo bacia do Córrego Samambaia",2012,"REEC - Revista Eletrônica de Engenharia Civil","10.5216/reec.v5i2.20176",1
"Ad5c67085","ARTIGO","Metodologias para determinar vazão ecológica em rios",2011,"Revista Brasileira de Ciências Ambientais",,1
"A15d0bd4c","ARTIGO","O uso de Sistemas de Informações Geográficas na Operação de Sistemas de Distribuição de Água",2009,"Infogeo",,1
"A224101f1","ARTIGO","Modelos de análise hidráulica de redes de distribuição de água considerando demanda dirigida pela pressão e vazamentos",2008,"Engenharia Sanitaria e Ambiental","10.1590/s1413-41522008000200005",1
"Ab4d5f70e","ARTIGO","Multiobjective Evolutionary Algorithms Applied to the Rehabilitation of a Water Distribution System: a Comparative Study",2003,"Lecture Notes in Computer Science","10.1007/3-540-36970-8_47",1
"Adb749035","ARTIGO","Optimal Design of Water Distribution System by Multiobjective Evolutionary Methods",2003,"Lecture Notes in Computer Science",,1
"A7eac3149","ARTIGO","PNL2000 ? Método Prático de Dimensionamento Econômico de Redes Malhadas de Abastecimento de Água",2001,"REVISTA BRASILEIRA DE RECURSOS HÍDRICOS","10.21168/rbrh.v6n4.p91-108",1
"Ac388083b","LIVRO","Abastecimento de água: usos de modelos e softwares de análise de redes",2008,"RECESA - Rede Nacional de Capacitação e Extensão Tecnológica em Saneamento Ambiental",,1
"Ae54572d0","LIVRO","A infiltração e o escoamento superficial",2012,"Faculdade de Tecnologia",,1
"A141f3ff0","LIVRO","Comparison of Hydraulic Methods for Network Analysis Considering Head Driven Demand",2005,"Centre for Water Systems - Exeter University",,1
"A0a4ce3f5","CONGRESSO_COMPLETO","A DEGRADAÇÃO DE RIOS URBANOS VISTA POR CIMA: UTILIZAÇÃODOS SISTEMA DE AERONAVE REMOTAMENTE PILOTADA COMOFERRAMENTA DE ANÁLISE DA OCUPAÇÃO IRREGULAR EM ÁREA DEPROTEÇÃO PERMANENTE",2025,"XXVI SBRH - Simpósio Brasileiro de Recursos Hídricos",,1
"A1eeefead","CONGRESSO_COMPLETO","ANÁLISE DE CONSISTÊNCIA DE DADOS PLUVIOGRÁFICOS E PREENCHIMENTO DE FALHAS NA BACIA HIDROGRÁFICA DO RIO MEIA PONTE",2025,"XXVI SBRH - Simpósio Brasileiro de Recursos Hídricos",,1
"Aeab732ff","CONGRESSO_COMPLETO","Análise Teórica do Papel dos Sistemas Sustentáveis de Drenagem Pluvial na Macrodrenagem da Região Metropolitana de Goiânia",2025,"XXVI SBRH - Simpósio Brasileiro de Recursos Hídricos",,1
"A747b2b73","CONGRESSO_COMPLETO","DETERMINAÇÃO DA MANCHA DE INUNDAÇÃO DO RIO MEIA PONTENA REGIÃO URBANA DE GOIÂNIA",2025,"XXVI SBRH - Simpósio Brasileiro de Recursos Hídricos",,1
"A0590e93a","CONGRESSO_COMPLETO","GERAÇÃO DA EQUAÇÃO IDF PARA A CIDADE DE GOIÂNIA, UTILIZANDO ESTAÇÕES PLUVIOMÉTRICAS",2025,"XXVI SBRH - Simpósio Brasileiro de Recursos Hídricos",,1
"Ac6d5e9b0","CONGRESSO_COMPLETO","INUNDAÇÕES URBANAS E MDES GRATUITOS: UMA AVALIAÇÃO COMPARATIVA DE PRECISÃO PARA MODELAGEM",2025,"XXVI SBRH - Simpósio Brasileiro de Recursos Hídricos",,1
"A88c6239f","CONGRESSO_COMPLETO","ANÁLISE DOS IMPACTOS DO USO E OCUPAÇÃO DO SOLO NO ESCOAMENTO SUPERFICIAL NA BACIA HIDROGRÁFICA CÓRREGO BARREIRO",2024,"XIV Encontro Nacional de Águas Urbanas - ENAU",,1
"Ac4d13ada","CONGRESSO_COMPLETO","INUNDAÇÕES NA VILA RORIZ, GOIÂNIA - GO: UM ESTUDO HISTÓRICO E ESPACIAL",2024,"XV Encontro Nacional de Águas Urbanas",,1
"A48d1cf55","CONGRESSO_COMPLETO","ANÁLISE DE VULNERABILIDADE AMBIENTAL EM UMA BACIA HIDROGRÁFICA EM EXPANSÃO URBANA",2023,"XXV SBRH - Simpósio Brasileiro de Recursos Hídricos",,1
"A06820b1f","CONGRESSO_COMPLETO","MODELAGEM DE INUNDAÇÃO 1D/2D COM HEC-RAS E MDEs LIDAR E COPERNICUS DEM",2023,"XXV SBRH - Simpósio Brasileiro de Recursos Hídricos",,1
"A410b7237","CONGRESSO_COMPLETO","USO DE TRAÇADOR EPS PARA MEDIÇÃO DE VAZÃO",2019,"XXIII Simpósio Brasileiro de Recursos Hídricos",,1
"Af1263d99","CONGRESSO_COMPLETO","SPACE-TEMPORARY VARIATION OF WATER QUALITY IN AN URBAN STREAM",2019,"9th International Conference on Sewer Processes and Networks",,1
"Ada3c4033","CONGRESSO_COMPLETO","ANALYSIS OF EVENT MEAN CONCENTRATION OF SEDIMENTS AND FIRST FLUSH DURING FLOODS IN URBAN STREAM",2019,"9th International Conference on Sewer Processes and Networks",,1
"A841deb63","CONGRESSO_COMPLETO","Parameter Uncertainties Assessment in a Conceptual Rainfall-Runoff Model Using Bayesian Paradigm",2018,"HIC 2018. 13th International Conference on Hydroinformatics",,1
"Aeff0f0f4","CONGRESSO_COMPLETO","Abordagem bayesiana via DREAM para calibração e análise de incerteza de modelos hidrológicos para meio urbano",2018,"XIV SRHNE - SIMPÓSIO DE RECURSOS HÍDRICOS DO NORDESTE",,1
"Aced97ddb","CONGRESSO_COMPLETO","Comparação de Resultados Granulométricos a Partir dos Equipamentos Lisst Sl e Mastersizer 2000",2018,"XIII ENES - Brazilian Meeting of Sediment Engineering and I PiA - Particles in the Americas",,1
"Adf721e15","CONGRESSO_COMPLETO","Dream para calibração e análise de incerteza de modelos hidrológicos na bacia do córrego Cascavél",2018,"XIV Simpósio de Recursos Hídricos do Nordeste",,1
"A5428145c","CONGRESSO_COMPLETO","Monitoramento de Fósforo Durante Cheias do Rio das Antas",2018,"XII Encontro Nacional de Águas Urbanas",,1
"Ae25decc8","CONGRESSO_COMPLETO","Monitoramento de Nutrientes Rio das Antas em Ánápolis, Goiás",2018,"Congresso de Pesquisa, Ensino e Extensão - CONPEEX 2018",,1
"Aeeefd7c7","CONGRESSO_COMPLETO","Water quality comparison in dry weather and during rainy periods in a stream exposed to urbanisation",2017,"14th International Conference on Urban Drainage",,1
"Aec59e079","CONGRESSO_COMPLETO","Uncertainty assessment of hydrological models using Bayesian inference",2017,"14th International Conference on Urban Drainage",,1
"A8a2a9ea7","CONGRESSO_COMPLETO","Monitoring the impact of urban stormwater drainage on water quality has been accepted for poster accompanied by a flash presentation.",2017,"14th International Conference on Urban Drainage",,1
"Ad4a8b280","CONGRESSO_COMPLETO","GLUE PARA CALIBRAÇÃO E ANÁLISE DE INCERTEZA DE MODELOS HIDROLÓGICOS",2017,"XXII Simpósio Brasileiro de Recursos Hídricas",,1
"A48c64798","CONGRESSO_COMPLETO","ANÁLISE E AJUSTE DE CURVA DE DECAIMENTO DE NUTRIENTES PARA USO DE AMOSTRADORES AUTOMÁTICOS EM EVENTOS EXTREMOS",2017,"XXII Simpósio Brasileiro de Recursos Hídricas",,1
"A07f2ba48","CONGRESSO_COMPLETO","ANÁLISE DA DISTRIBUIÇÃO ESPAÇO-TEMPORAL DA PRECIPITAÇÃO DE EVENTOS EXTREMOS EM VAZÕES",2017,"XXII Simpósio Brasileiro de Recursos Hídricos",,1
"A386d65d6","CONGRESSO_COMPLETO","INTEGRAÇÃO DO MODELO HEC-RAS E GIS PARA DELIMITAÇÃO DE FAIXA DE INUNDAÇÃO",2017,"XXII Simpósio Brasileiro de Recursos Hídricos",,1
"A4ec1602c","CONGRESSO_COMPLETO","MAPEAMENTO DA DINÂMICA SEDIMENTAR DE UM TRECHO MÉDIO DA PLANÍCIE ALUVIAL DO RIO ARAGUAIA",2017,"XXII Simpósio Brasileiro de Recursos Hídricos",,1
"Af4f12fe3","CONGRESSO_COMPLETO","UTILIZAÇÃO DO IQA PARA DIAGNÓSTICO DE QUALIDADE DA ÁGUA EM PROPRIEDADE RURAL DE TRINDADE-GO",2017,"XXII Simpósio Brasileiro de Recursos Hídricos",,1
"Ab45f0a14","CONGRESSO_COMPLETO","ANÁLISE DE ESTACIONARIEDADE HIDROLÓGICA NA REGIÃO SUDOESTE DE GOIÁS",2016,"XIII SIMPÓSIO DE RECURSOS HÍDRICOS DO NORDESTE",,1
"A82d998f8","CONGRESSO_COMPLETO","CALIBRAÇÃO E ANÁLISE DE INCERTEZA DE MODELOS HIDROLÓGICOS PARA AMBIENTE URBANO",2016,"XIII SIMPÓSIO DE RECURSOS HÍDRICOS DO NORDESTE",,1
"A9634f011","CONGRESSO_COMPLETO","State of the art on remote sensing methods for suspended sediment concentration in inland and coastal waters",2016,"River Sedimentation 2016",,1
"Ae31b5295","CONGRESSO_COMPLETO","Políticas Públicas Direcionadas às Áreas de Risco na Cidade de Goiânia",2015,"28º Congresso Brasileiro de Engenharia Sanitária e Ambiental",,1
"Ad4cc2677","CONGRESSO_COMPLETO","CALIBRAÇÃO DE ANÁLISE DE INCERTEZA DO MODELO UFGModel 1.1 POR APRECIAÇÃO DO MÉTODO GLUE",2015,"XXI SIMPÓSIO BRASILEIRO DE RECURSOS HÍDRICOS",,1
"A02104705","CONGRESSO_COMPLETO","Morphometric Characteristics of Ribeirão Anicuns Basin",2015,"CARTOGRAPHY BEYOND THE ORDINARY WORLD' JOINT ICA SYMPOSIUM",,1
"A4b63f769","CONGRESSO_COMPLETO","Calibração do Tank Model para a Bacia Hidrográfica do Rio Manoel Alves da Natividade, Tocantins-TO",2015,"XXI Simpósio Brasileiro de Recursos Hídricos",,1
"Ac925e375","CONGRESSO_COMPLETO","Relação entre custo de insumos químicos na ETA e qualidade de água bruta utilizando regressão linear múltipla",2015,"XXI Simpósio Brasileiro de Recursos Hídricos",,1
"A3cb87f3d","CONGRESSO_COMPLETO","AVALIAÇÃO DA QUALIDADE DA ÁGUA DO CÓRREGO BOTAFOGO",2013,"XX Simpósio Brasileiro de Recursos Hídricos",,1
"A1e2cf10a","CONGRESSO_COMPLETO","MONITORAMENTO ESPACIAL DA QUALIDADE DOS MANANCIAIS DO ESTADO DE GOIÁS UTILIZANDO UM ÍNDICE DE QUALIDADE DA ÁGUA APARTIR DA ESTATÍSTICA MULTIVARIADA",2013,"XX SIMPÓSIO BRASILEIRO DE RECURSOS HÍDRICOS",,1
"Aa6477c11","CONGRESSO_COMPLETO","COMPARAÇÃO ENTRE MÉTODOS HIDROLÓGICOS PARA A DETERMINAÇÃO DA VAZÃO ECOLÓGICA NO RIO MEIA PONTE, GOIÁS",2013,"XX SIMPÓSIO BRASILEIRO DE RECURSOS HÍDRICOS",,1
"Af2941631","CONGRESSO_COMPLETO","EFICIÊNCIA DA LAGOA DE MATURAÇÃO DA ETE TRINDADE-GO: ANÁLISE DOS PARÂMETROS FÍSICO-QUÍMICOS E COLIFORMES",2012,"XXXIII Congresso Interamericano de Engenharia Sanitária e Ambiental",,1
"Aebf7ab30","CONGRESSO_COMPLETO","MONITORAMENTO DA QUALIDADE DE ÁGUA DO CÓRREGO BOTAFOGO DURANTE EVENTO DE CHUVA EM GOIÂNIA",2012,"XXXIII Congresso Interamericano de Engenharia Sanitária e Ambiental",,1
"Afc53045a","CONGRESSO_COMPLETO","Avaliação da qualidade da água em tempo seco e durante eventos chuvoso no Córrego Botafogo no município de Goiânia GO",2012,"XXXIII Congresso Interamericano de Engenharia Sanitária e Ambiental AIDIS",,1
"Ae3d90005","CONGRESSO_COMPLETO","AVALIAÇÃO E PRIORIZAÇÃO DE USOS POTENCIAIS DA ÁGUA DO RESERVATÓRIO JOÃO LEITE, GOIÂNIA-GO",2012,"XV Simpósio Luso-Brasileiro de Engenharia Sanitária e Ambiental",,1
"Ad848cbc1","CONGRESSO_COMPLETO","APLICAÇÃO DO MODELO HEC-HMS PARA AVALIAÇÃO DA ATENUAÇÃO DE CHEIA NA BARRAGEM DO RIBEIRÃO JOÃO LEITE - GOIÁS",2012,"XI Simpósio de Recursos Hídricos do Nordeste",,1
"Ac8ee66ad","CONGRESSO_COMPLETO","CARACTERIZAÇÃO HIDROMORFOLÓGICA DA BACIA HIDROGRÁFICA DO RIO VERMELHO",2012,"XI Simpósio de Recursos Hídricos do Nordeste",,1
"Aeb6300b0","CONGRESSO_COMPLETO","Calibration of Urban Drainage Models with Multiobjective Evolutionary Algorithms",2011,"12th International Conference on Urban Drainage",,1
"A3d246575","CONGRESSO_COMPLETO","Comparison of methods for computation the average rainfall in watersheds",2011,"12th International Conference on Urban Drainage",,1
"A49724bc4","CONGRESSO_COMPLETO","Estudo Comparativo Entre Métodos De Medição De Vazão Em Cursos D?água",2011,"XIX Simpósio Brasileiro de Recursos Hídricos",,1
"A29dbfd04","CONGRESSO_COMPLETO","Regionalização de Vazões Médias e Mínimas da Bacia do Médio Iguaçu",2011,"XIX Simpósio Brasileiro de Recursos Hídricos",,1
"A87b51970","CONGRESSO_COMPLETO","COMPARAÇÃO ENTRE TRÊS TÉCNICAS DE INTERPOLAÇÃO NO CÁLCULO DA CHUVA MÉDIA DE EVENTOS EXTREMOS",2011,"XIX Simpósio Brasileiro de Recursos Hídricos",,1
"Ad46aeb79","CONGRESSO_COMPLETO","Estruturação da Base Digital do Sistema de Abastecimento de Água de uma área piloto da Cidade de Goiânia",2009,"XIV Simpósio Brasileiro de Sensoriamento Remoto",,1
"A9a57bcfe","CONGRESSO_COMPLETO","O Uso do Estudo Integrado de Bacias Hidrográficas ? EIBH ? Como Instrumento de Gestão Ambiental no Estado de Goiás",2009,"XVIII Simpósio Brasileiro de Recursos Hídricos",,1
"A588f0ff1","CONGRESSO_COMPLETO","Uso de Sistemas de Informações Geográficas na Operação de Sistemas de Distribuição de Água",2009,"XVIII Simpósio Brasileiro de Recursos Hídricos",,1
"Ac9433445","CONGRESSO_COMPLETO","Aplicação de Algoritmos Genéticos na Otimização da Operação de Sistemas de Reservatórios",2009,"XVIII Simpósio Brasileiro de Recursos Hídricos",,1
"Ab4eb72b2","CONGRESSO_COMPLETO","Desempenho de Banhados Construídos Vegetados com Tangola, no Pós-Tratamento de Efluentes de Reatores Anaeróbios",2009,"XVIII Simpósio Brasileiro de Recursos Hídricos",,1
"A41ae84b4","CONGRESSO_COMPLETO","AVALIAÇÃO DO MÉTODO DE KRIGING PARA O PREENCHIMENTO DE FALHAS EM SÉRIES HISTÓRICAS DE PRECIPITAÇÃO",2008,"IX Simpósio do Nordeste de Recursos Hídricos",,1
"Ab5fd4e6c","CONGRESSO_COMPLETO","LOCALIZAÇÃO ÓTIMA DE MEDIDORES DE PRESSÃO PARA AVALIAÇÃO DE VAZAMENTOS",2008,"IX Simpósio do Nordeste de Recursos Hídricos",,1
"A879f7027","CONGRESSO_COMPLETO","LEVANTAMENTO SANITÁRIO EM MUNICÍPIOS DO SUDOESTE DO ESTADO DE GOIÁS: SISTEMA DE DRENAGEM PLUVIAL",2008,"IX Simpósio do Nordeste de Recursos Hídricos",,1
"A1df9976f","CONGRESSO_COMPLETO","Alocação Ótima de Dispositivos Medidores de Variáveis Hidráulicas",2007,"XVII Simpósio Brasileiro de Recursos Hídricos",,1
"A4e94ab14","CONGRESSO_COMPLETO","Avaliação do Modelo Multiquadric para Obtenção do Valor da Chuva Média de uma Bacia Hidrográfica",2007,"XVII Simpósio Brasileiro de Recursos Hídricos",,1
"A9d54b280","CONGRESSO_COMPLETO","A Educação Ambiental no Planejamento de uma Barragem",2007,"XVII Simpósio Brasileiro de Recursos Hídricos",,1
"A712bfdf8","CONGRESSO_COMPLETO","Modelagem de Cloro Residual em Sistemas de Distribuição de Água: exemplo de aplicação em rede da região metropolitana de Goiânia",2007,"XVII Simpósio Brasileiro de Recursos Hídricos",,1
"A54728032","CONGRESSO_COMPLETO","Modelagem do Escoamento na Bacia de Contribuição da Usina de Rochedo-GO Utilizando o HEC-HMS",2007,"XVII Simpósio Brasileiro de Recursos Hídricos",,1
"A5ae14bdf","CONGRESSO_COMPLETO","Aplicação do Tank Model na Modelagem da Bacia Hidrográfica de Flores de Goiás",2007,"XVII Simpósio Brasileiro de Recursos Hídricos",,1
"A47da7a7d","CONGRESSO_COMPLETO","Avaliação de Modelos Distribuídos de Precipitação para o Estado de Goiás",2006,"VIII Simpósio Ítalo Brasileiro de Engenharia Sanitária e Ambiental",,1
"A549b4dc5","CONGRESSO_COMPLETO","Comparação dos Métodos Evolucionários Multiobjetivos na Geração de Soluções Não Dominadas em Problemas de Otimização de Redes de Distribuição de Água",2006,"XXXVIII Simpósio Brasileiro de Pesquisa Operacional",,1
"A9954bd9b","CONGRESSO_COMPLETO","Utilização do Método NSGA-II na Análise Multiobjetivo de Projetos de Redes de Distribuição de Água",2006,"XXXVIII Simpósio Brasileiro de Pesquisa Operacional",,1
"A538fa4bd","CONGRESSO_COMPLETO","Confiabilidade de Redes de Distribuição de Água Considerando a Demanda Dirigida pela Pressão",2006,"VIII Simpósio Ítalo Brasileiro de Engenharia Sanitária e Ambiental",,1
"Adf9282f2","CONGRESSO_COMPLETO","Cálculo das Curvas de Operação do Reservatório Epitácio Pessoa",2006,"VIII Simpósio Ítalo Brasileiro de Engenharia Sanitária e Ambiental",,1
"Ace67c59e","CONGRESSO_COMPLETO","Avaliação do Desempenho de Bacias de Detenção em uma Bacia Urbana da Cidade de Goiânia através de simulação no SWMM - Storm Water Management Model",2006,"III Congresso de Pesquisa, Ensino e Extensão",,1
"A16f948d1","CONGRESSO_COMPLETO","ASA - Projeto de Conservação de Água em Sistemas de Abastecimento",2006,"I Simpósio de Engenharia Sanitária e Ambiental do Centro-Oeste",,1
"Ad529ff68","CONGRESSO_COMPLETO","Metodologia de Suporte a Decisão na Operação de Reservatórios da Região Semi-Árida Nordestina",2005,"23º Congresso Brasileiro de Engenharia Sanitária e Ambiental",,1
"Ae82fd178","CONGRESSO_COMPLETO","Avaliação da Confiabilidade de Redes de Distribuição de Água Empregando Demanda Dirigida pela Pressão",2005,"23º Congresso Brasileiro de Engenharia Sanitária e Ambiental",,1
"A9a2ad155","CONGRESSO_COMPLETO","Unidades de Planejamento e Gestão em Recursos Hídricos: uma proposta metodológica",2005,"XVI Simpósio Brasileiro de Recursos Hídricos",,1
"Aba08be87","CONGRESSO_COMPLETO","Análise da Cheia de 2004 na Bacia do Rio São Francisco",2004,"I Simpósio Brasileiro de Desastres Naturais",,1
"A251d1a34","CONGRESSO_COMPLETO","Análise Multiobjetivo de Projetos de Sistemas de Distribuição de Água",2004,"III Seminario Hispano-Brasileño sobre Planificación, Proyecto y Operación de Redes de Abastecimiento de Agua",,1
"Af58ead01","CONGRESSO_COMPLETO","Aplicação de Indicadores Hídricos Georeferenciados para Delimitação de Áreas de Elevado Risco Hídrico no Semi-Árido Brasileiro",2004,"IV Seminário Hispano-Brasileiro Sobre Sistemas de Abastecimento Urbano de Água",,1
"A9641640e","CONGRESSO_COMPLETO","Utilização do Índice de Aridez Associado a Níveis de Risco como Subsídio na Delimitação do Semi Árido",2004,"VII Simpósio de Recursos Hídricos do Nordeste",,1
"A1d664f37","CONGRESSO_COMPLETO","Análise da Cheia de 1979 na Bacia do Rio São Francisco",2004,"VII Simpósio de Recursos Hídricos do Nordeste",,1
"A45fcdce9","CONGRESSO_COMPLETO","Modelo de Calibração de Redes de Distribuição de Água Considerando Fugas: Estudo de Caso do Setor Real Monte Carlo",2003,"XV Simpósio Brasileiro de Recursos Hídricos",,1
"A00fdd49b","CONGRESSO_COMPLETO","Métodos para Solução de Equações Lineares Empregados na Análise Hidráulica de Redes de Distribuição de Água",2003,"XV Simpósio Brasileiro de Recursos Hídricos",,1
"Abe386e2b","CONGRESSO_COMPLETO","Aplicação de Modelo Dirigido pela Pressão na Estimativa de Parâmetros de Redes de Distribuição de Água",2003,"XV Simpósio Brasileiro de Recursos Hídricos",,1
"A1284bf99","CONGRESSO_COMPLETO","Modelos para Análise Hidráulica de Redes de Distribuição de Água em Regime Permanente",2003,"XV Simpósio Brasileiro de Recursos Hídricos",,1
"A60bb48e5","CONGRESSO_COMPLETO","Utilização de Algoritmos Evolucionários Multiobjetivos no Dimensionamento de Redes de Abastecimento de Água",2002,"Seminário de Planejamento, Projeto e Operação de Redes de Abastecimento",,1
"A748d6354","CONGRESSO_COMPLETO","Otimização de Redes Malhadas Abastecidas com Múltiplos Reservatórios, Bombas e Boosters",2000,"V Simpósio de Recursos Hídricos do Nordeste",,1
"A2c0a8f94","CONGRESSO_COMPLETO","Estudo de Otimização do Sistema de reservatórios Engenheiro Avidos-São Gonçalo",2000,"V Simpósio de Recursos Hídricos do Nordeste",,1
"Aa08b6657","CONGRESSO_COMPLETO","Dimensionamento Econômico de Redes Malhadas de Sistemas de Abastecimento Urbano",1999,"20º Congresso Brasileiro de Engenharia Sanitária e Ambiental",,1
"A121bb6aa","CONGRESSO_COMPLETO","Otimização de Redes Malhadas Abastecidas com Múltiplos Reservatórios",1999,"XIII Simpósio Brasileiro de Recursos Hídricos",,1
"A944d293c","CONGRESSO_COMPLETO","Avaliação da Disponibilidade Hídrica no Açude Custódia - PE",1999,"XIII Simpósio Brasileiro de Recursos Hídricos - Belo Horizonte",,1
"A8f56d813","CONGRESSO_COMPLETO","Otimização de Redes Hidráulicas em Sistemas de Abastecimento",1999,"XIII Simpósio Brasileiro de Recursos Hídricos",,1
"A243ab511","CONGRESSO_COMPLETO","Caracterização Climática do Açude de Custódia - PE",1999,"XIII Simpósio Brasileiro de Recursos Hídricos",,1
"A90c9cce6","CONGRESSO_COMPLETO","Otimização de Redes Malhadas Utilizando Programação Não Linear",1998,"VIII Simpósio Luso Brasileiro de Engenharia Sanitária e Ambiental",,1
"A2b09b952","CONGRESSO_COMPLETO","Dimensionamento Conjunto de Redes Malhadas Utilizando Programação Não-Linear",1998,"IV Simpósio Brasileiro de Recursos Hídricos",,1
"A6a06a99c","CONGRESSO_COMPLETO","Cálculo dos Diâmetros de um Sistema de Recalque a Partir de Critérios de Otimização Econômica",1997,"19º Congresso Brasileiro de Engenharia Sanitária e Ambiental",,1
"Aec064e0e","CONGRESSO_COMPLETO","Metodologias de Otimização de Estações Elevatórias",1996,"III Simpósio de Recursos Hídricos do Nordeste",,1
"A44d24bba","CONGRESSO_RESUMO_EXP","PROGRAMA DE EDUCAÇÃO AMBIENTAL PARA A POPULAÇÃO NA CONSTRUÇÃO DO PLANO DIRETOR DE DRENAGEM URBANA DE GOIÂNIA",2024,"XV Encontro Nacional de Águas Urbanas e V SImpósio Brasileiro de Revitalização de Rios Urbanos",,1
"A76e6bc76","CONGRESSO_RESUMO_EXP","Identification of flood-prone areas in a medium-sized city using the HAND model",2024,"16th International Conference on Urban Drainage",,1
"A7b9c83d1","CONGRESSO_RESUMO_EXP","Analysis of water level data uncertainties on gradually varied flow estimation using DREAM and GLUE models",2024,"16th International Conference on Urban Drainage",,1
"Af46c0869","CONGRESSO_RESUMO_EXP","Using Terrestrial Laser Scanner To Validate The Performance Of Low-Cost UAV On A Monitoring Sedimentological Change In An Urban Channel",2023,"15th International Symposium on River Sedimentatrion",,1
"A73c11f97","CONGRESSO_RESUMO_EXP","The use of low-cost RPAS application for erosion bank monitoring",2021,"15th International Conference on Urban Drainage",,1
"Afdb606f1","CONGRESSO_RESUMO_EXP","Urban flood mapping based on remotely piloted aircraft systems in a hydrodynamic model 2D",2021,"15th International Conference on Urban Drainage",,1
"Acd51aada","CONGRESSO_RESUMO_EXP","Heavy metal pollution from an urban river sedimentation basin",2021,"15th International Conference on Urban Drainage",,1
"A70022c31","CONGRESSO_RESUMO_EXP","Analysis of uncertainties from water level data in the determination of flows using a model with gradually varied flow",2021,"15th International Conference on Urban Drainage",,1
"A983ccbd7","CONGRESSO_RESUMO_EXP","Alocação Ótima de Dispositivos Medidores de Variáveis Hidráulicas",2007,"IV Congresso de Pesquisa, Ensino e Extensão",,1
"Ab619f4a0","CONGRESSO_RESUMO_EXP","Avaliação do Modelo Multiquadric para Obtenção do Valor da Chuva Média de uma Bacia Hidrográfica",2007,"IV Congresso de Pesquisa, Ensino e Extensão",,1
"A0d2c0261","CONGRESSO_RESUMO_EXP","Avaliação do Desempenho de Bacias de Detenção em uma Bacia Urbana da Cidade de Goiânia através de simulação no SWMM - Storm Water Management Model",2006,"V Simposio Brasileiro de Engenharia Ambiental",,1
"A8fee67e0","CONGRESSO_RESUMO","Modelagem do curso d'água em canal para escoamentos permanente e transientes",2018,"Congresso de Pesquisa, Ensino e Extensão - CONPEEX 2018",,1
"Aec811c32","CONGRESSO_RESUMO","Dimensionamento Econômico de Instalações de Recalque",1996,"IV Encontro de Iniciação Científica da UFPB",,1
"A5c4d0f58","CONGRESSO_RESUMO","DEIR - Programa de Dimensionamento Econômico de Instalações de Recalque",1996,"III Simpósio de Recursos Hídricos do Nordeste",,1
"Aac750405","APRESENTACAO","Utilização do Índice de Aridez Associado a Níveis de Risco como Subsídio na Delimitação do Semi-Árido",2004,,,1
"A88797bd9","APRESENTACAO","Análise da Cheia de 1979 na Bacia do Rio São Francisco",2004,,,1
"Aac914122","APRESENTACAO","Projeto Ótimo de Redes de Distribuição de Água",2003,,,1
"A4a33a71e","APRESENTACAO","Modelo de Calibração de Rede de Distribuição de Água Considerando Fugas: Estudo do Caso do Setor Monte Carlo",2003,,,1
"A9998e010","APRESENTACAO","Métodos de Análise Hidráulica de Redes de Distribuição de Água",2003,,,1
"Aacad5c95","APRESENTACAO","Aplicação de Modelos Dirigidos pela Pressão na Estimativa de Parâmetros de Redes de Distribuição de Água",2003,,,1
"A8fca0f0f","APRESENTACAO","Métodos para Soluções de Equações Lineares Empregados na Análise de Redes de Distribuição de Água",2003,,,1
"Acef12d02","APRESENTACAO","Utilização de Algoritmos Evolucionários Multiobjetivos no Dimensionamento de Redes de Abastecimento de Água",2002,,,1
"A1dc8d825","APRESENTACAO","Estudos de Otimização do Sistema de Reservatórios Engenheiro Ávidos",2000,,,1
"A81cf0112","APRESENTACAO","Otimização de Redes Malhadas Abastecidas com Múltiplos Reservatórios, Bombas e Boosters",2000,,,1
"A25fd3694","APRESENTACAO","Otimização de Redes Malhadas Abastecidas com Múltiplos Reservatórios",1999,,,1
"A9915c9c3","APRESENTACAO","Avaliação da Disponibilidade Hídrica no Açude Custódia",1999,,,1
"A86f48054","APRESENTACAO","Otimização de Redes Hidrúlicas em Sistemas de Abastecimento",1999,,,1
"A6af4fc70","APRESENTACAO","Caracterização Climática do Açude de Custódia - PE",1999,,,1
"A9b594f01","APRESENTACAO","Dimensionamento Conjunto de Redes Malhadas Utilizando Programação Não-Linear",1998,,,1
"Aa49c9128","APRESENTACAO","Dimensionamento Econômico de Instalações de Recalque",1996,,,1
"A23761b2d","APRESENTACAO","Metodologias de Otimização de Estações Elevatórias",1996,,,1
"A29983c81","OUTRA_PRODUCAO","Ferramenta Computacional para Análise de Aquíferos 2002 (Texto de Minicurso)",2002,,,1
"A30772314","OUTRA_PRODUCAO","Modelos Matemáticos de Águas Subterrâneas 2001 (Texto para Uso Local)",2001,,,1
"Ad52589cf","PATENTE","SISTEMA INTEGRADO DE RECUPERAÇÃO DE ÁGUAS PLUVIAIS E CINZAS COM RESERVATÓRIOS MULTIFUNCIONAIS",2025,"INPI - Instituto Nacional da Propriedade Industrial",,1
"A8f573348","PATENTE","PluviAtlas - GYN",2014,"INPI - Instituto Nacional da Propriedade Industrial",,1
"Ab03f3148","PATENTE","MAPER - GYN (Monitoramento de Alagamentos e Pontos de Erosões)",2024,"INPI - Instituto Nacional da Propriedade Industrial",,1
"A62286def","BANCA_MESTRADO","Avaliação do potencial toxicológico de substâncias inorgânicas na reciclagem de biossólidos",2022,"Universidade de São Paulo",,1
"A4a321f1f","BANCA_MESTRADO","Avaliação ambiental das bacias de captação de água no estado de Goiás",2022,"Universidade Federal de Goiás",,1
"Aa8ea25c5","BANCA_MESTRADO","Utilização de tecnologias alternativas in situ como prescreening para o monitoramento e avaliação da qualidade da água",2022,"Universidade de São Paulo",,1
"Ad12ed644","BANCA_MESTRADO","DETERMINAÇÃO DE ÁREAS IMPERMEÁVEIS POR MEIO DE FERRAMENTAS DE GEOPROCESSAMENTO",2021,"Universidade Federal de Goiás",,1
"A9f2ecddf","BANCA_MESTRADO","Disponibilidade hídrica superficial e subterrânea em Assentamentos em Goiás",2021,"Universidade Federal de Goiás",,1
"A193852d7","BANCA_MESTRADO","Modelagem de escamento transcrítico sob regime transiente em canais",2021,"Universidade Federal de Goiás",,1
"Adcf3b168","BANCA_MESTRADO","ESTUDO HIDROSSEDIMENTOLÓGICO EM RIOS DA BACIA HIDROGRÁFICA DO RIO MEIA PONTE",2019,"Universidade Federal de Goiás",,1
"A6b2b4973","BANCA_MESTRADO","Análise da produção e caracterização do sedimento depositado em vias pavimentadas na região da bacia do córrego botafogo, no município de Goiânia/GO, considerando os diferentes parâmetros dos pontos de coletas e a sazonalidade do clima",2018,"Universidade Federal de Goiás",,1
"Acfd7b070","BANCA_MESTRADO","Monitoramento da qualidade da água de rio urbano durante eventos chuvosos",2018,"Universidade Federal de Goiás",,1
"A866432ae","BANCA_MESTRADO","Análise de estimativas de precipitação do satélite GPM e de diferentes métodos de preenchimento de falhas para a região do sudeste goiano",2018,"Universidade Federal de Goiás",,1
"A3e9cd7c1","BANCA_MESTRADO","Monitoramento e modelagem da quantidade de água subterrânea na bacia do Córrego Botafogo, Goiânia, Goiás",2018,"Universidade Federal de Goiás",,1
"Afea87510","BANCA_MESTRADO","Simulação de ondas de cheia induzidas pelo rompimento hipotético da barragem de Peti em São Gonçalo do Rio Abaixo-MG",2017,"Universidade Federal de Uberlândia",,1
"A6465127b","BANCA_MESTRADO","DOS SANTOS CORDEIRO DIDONET. RELAÇÕES ENTRE PRECIPITAÇÃO, ESCOAMENTO E SEDIMENTOS SUSPENSOS NA BACIA DO RIO DAS ANTAS, GOIÁS",2017,"Universidade Federal de Goiás",,1
"A123a04dd","BANCA_MESTRADO","COMPARAÇÃO DE MÉTODOS EMPÍRICO-TEÓRICOS DE ESTIMATIVA DA EVAPOTRANSPIRAÇÃO DE REFERÊNCIA AO MODELO DE PENMAN-MONTEITH",2017,"Universidade Federal de Goiás",,1
"A839b55b6","BANCA_MESTRADO","Monitoramento e modelagem de águas de drenagem urbana na Bacia do Lago Paranoá",2013,"Universidade de Brasília",,1
"Aca361f5d","BANCA_MESTRADO","Caracterização da influência de cargas poluidoras difusas na qualidade da água no Córrego Botafogo, Goiânia, Goiás",2013,"Universidade Federal de Goiás",,1
"A8d95174e","BANCA_MESTRADO","Vazão ecológica na bacia hidrográfica do Rio Meia Ponte, Goiás",2013,"Universidade Federal de Goiás",,1
"A85bea83c","BANCA_MESTRADO","Modelagem Hidrológica da Bacia Hidrográfica do Córrego Botafogo - Goiânia - GO",2013,"Universidade Federal de Goiás",,1
"Ac02dc40b","BANCA_MESTRADO","Hidrograma de Projeto Considerando o Método Tempo-Área Aplicado à Bacia do Córrego Botafogo, Goiânia-GO",2012,"Universidade Federal de Goiás",,1
"Ac996ea22","BANCA_MESTRADO","Calibração de um Modelo Hidrodinâmico Unidimensional para Canais",2012,"Universidade Federal de Goiás",,1
"A3684fc65","BANCA_MESTRADO","Método para a Determinação do Fator de Redução de Área em Bacias Urbanas",2012,"Universidade Federal de Goiás",,1
"Affe68342","BANCA_MESTRADO","Avaliação do Desempenho de Pavimentos Permeáveis",2011,"Universidade Federal de Goiás",,1
"Ac207b44f","BANCA_MESTRADO","Calibração de modelos de drenagem urbana utilizando algoritmos evolucionários multiobjetivo",2011,"Universidade Federal de Goiás",,1
"A2fed50c3","BANCA_MESTRADO","Implantação de um programa de uso racional de água na Universidade Federal de Goiás-estudo de caso Edifício Reitoria",2011,"Universidade Federal de Goiás",,1
"A20b30d4e","BANCA_MESTRADO","Análise de metais pesados na Água e sua corelação com a saúde em 06 municípios do Sudoeste Goiano",2011,"Pontifícia Universidade Católica de Goiás",,1
"A9977f44b","BANCA_MESTRADO","Otimização econômica de redes de distribuição de água em ambiente SIG",2010,"Universidade Federal de Goiás",,1
"A17123eb3","BANCA_MESTRADO","Uso de geoprocessamento para mapeamento de vulnerabilidade como instrumento de gestão de águas subterrâneas em Aparecida de Goiânia/GO",2010,"Universidade Federal de Goiás",,1
"A1fab819f","BANCA_MESTRADO","Uso de Sistemas de Informações Geográficas na Operação de Sistemas de Distribuição de Água",2009,"Universidade Federal de Goiás",,1
"A47222f6d","BANCA_MESTRADO","O Efeito da Escala Espacial no Modelamento Hidrológico",2009,"Universidade Federal de Goiás",,1
"Abbb1462e","BANCA_MESTRADO","Avaliação do impacto da redução de vazamentos nas perdas reais em um setor de distribuição de água no município de Campo Grande",2009,"Universidade Federal de Mato Grosso do Sul",,1
"Ace352a5f","BANCA_MESTRADO","Geotecnologias aplicadas ao estudo de recursos hídricos na área urbana de Goiânia",2009,"Universidade Federal de Goiás",,1
"A36925396","BANCA_MESTRADO","Desempenho da tecnologia de filtração em múltiplas etapas (FiME) no tratamento de águas de abastecimento em escala piloto",2009,"Universidade Federal de Goiás",,1
"A9c70480e","BANCA_MESTRADO","Regras de operação para sistemas de abastecimento de água com baixo nível de automação e sujeitos a incertezas",2009,"Universidade Federal de Campina Grande",,1
"Ae6209d21","BANCA_MESTRADO","Análise da Influencia do Rompimento de Pequenos Barramentos em Reservatórios de Água",2008,"Universidade Federal de Goiás",,1
"A6fc008b1","BANCA_MESTRADO","Calibração de Modelos de Redes de Distribuição de Água usando Algoritmos Genéticos Multiobjetivo",2008,"Universidade Federal de Goiás",,1
"Af33c4b96","BANCA_MESTRADO","Segurança de Barragens: Aspectos Regulatórios",2008,"Universidade Federal de Goiás",,1
"A71db9421","BANCA_MESTRADO","Variabilidade dos Processos de Autodepuração Biológica nas Águas do Rio Meia Ponte, Goiás, Brasil",2007,"Universidade Federal de Goiás",,1
"Ad52e7db8","BANCA_MESTRADO","Análise da Eficiência de Métodos de Controle de Enchentes Utilizando o Modelo SWMM-Storm Water Management Model",2007,"Universidade Federal de Goiás",,1
"A8f818832","BANCA_MESTRADO","Geotecnologias Aplicadas ao Estudo dos Recursos Hídricos na Área Urbana de Goiânia",2007,"Universidade Federal de Goiás",,1
"A0dfef5b2","BANCA_MESTRADO","Análise da Qualidade da Água do Rio Araguari Utilizando o Sistema de Modelagem QUAL2E,",2006,"Universidade Federal de Goiás",,1
"A16ff54db","BANCA_DOUTORADO","Influencia dos dados hidráulicos e topográficos na modelagem hidrodinâmica de áreas Ribeirinhas",2022,"Universidade Federal de Goiás",,1
"A32327d98","BANCA_DOUTORADO","Monitoramento e modelagem de processos erosivos em córregos urbanos",2022,"Universidade Federal de Goiás",,1
"Aa0eb424e","BANCA_DOUTORADO","Efeito da paisagem transformada na frequência de danos genotóxico e mutagênico em morcegos",2022,"Universidade Federal de Goiás",,1
"A9967c3d6","BANCA_DOUTORADO","Efeitos genotóxicos, mutagênicos e comportamentais de nanopartículas de dióxido de titânio em girinos de Dendropsophus minutus (Hylidae, Anura)",2021,"Universidade Federal de Goiás",,1
"Adc5c1b9a","BANCA_DOUTORADO","A OCUPAÇÃO DE ÁREAS SAVĀNICAS NO BRASIL E MOÇAMBIQUE",2020,"Universidade Federal de Goiás",,1
"A07200570","BANCA_DOUTORADO","EMPREGO DE SENSORIAMENTO REMOTO NAS ESTIMATIVAS DE CONCENTRAÇÃO DE SEDIMENTOS EM ÁGUA",2019,"Universidade Federal de Goiás",,1
"A654b47cf","BANCA_DOUTORADO","MODELAGEM FÍSICA E NUMÉRICA DA INFILTRAÇÃO E ESCOAMENTO EM SUPERFÍCIES NÃO SATURADAS E COM COBERTURA VEGETATIVA",2019,"Universidade de Brasília",,1
"Ab20dc461","BANCA_DOUTORADO","UMA AVALIAÇÃO INTEGRADA ENTRE PAISAGEM, CLIMA E HIDROLOGIA, POR MEIO DE ANÁLISE ESPACIAL",2019,"Universidade Federal de Goiás",,1
"A03af7e66","BANCA_DOUTORADO","Diversidade e prospecção de rizobactérias associadas à cana-de-açúcar sob manejo orgânico: metodologias clássicas e moleculares a serviço da agroecologia",2018,"Universidade Federal de Goiás",,1
"A89bf9cdc","BANCA_DOUTORADO","Arcabouço gravimétrico brasileiro e o meio ambiente: possibilidades e perspectivas",2018,"Universidade Federal de Goiás",,1
"A9e61bf81","BANCA_DOUTORADO","Avaliação genotóxica e mutagênica de herbicidas em organismos aquáticos",2018,"Universidade Federal de Goiás",,1
"A770c947c","BANCA_DOUTORADO","Modelagem da dinâmica de algas e cianobactérias em um reservatório de abastecimento",2018,"Universidade Federal de Goiás",,1
"A3eb730f4","BANCA_DOUTORADO","Valoração ambiental integrada das áreas verdes como estratégia ao desenvolvimento urbano sustentável: o caso de Goiânia",2013,"Universidade Federal de Goiás",,1
"A586cd6bf","BANCA_DOUTORADO","Metodologia para avaliação de riscos ambientais em áreas urbanas da região metropolitana de Goiânia-GO",2012,"Universidade Federal de Goiás",,1
"A633f9adf","BANCA_DOUTORADO","Ferramenta de auxílio à concepção de Plano Sustentável de Macrodrenagem como instrumento de planejamento e gestão da drenagem urbana",2022,"Universidade Federal de Santa Catarina",,1
"Ad7020ac8","BANCA_DOUTORADO","Análise temporal da dinâmica do uso e ocupação do solo de uma bacia hidrográfica urbanizada: estudo de caso da Bacia Hidrográfica do Rio Meia Ponte",2021,"Universidade Federal de Goiás",,1
"A95349594","BANCA_DOUTORADO","ZONA RIPÁRIA DE CERRADO: PROCESSOS HIDROSSEDIMENTOLÓGICOS",2017,"Universidade de Brasília",,1
"Aa8792132","BANCA_DOUTORADO","MODELAGEM FÍSICA E NUMÉRICA DA INFILTRAÇÃO E ESCOAMENTO SUPERFICIAL DE SUPERFÍCIES NÃO SATURADAS E COM COBERTURA VEGETATIVA",2017,"Universidade de Brasília",,1
"Ad7a59b7c","BANCA_DOUTORADO","Qualidade ambiental da Bacia do Rio Pomba (MG,RJ)",2013,"Universidade Federal de Goiás",,1
"Ab2438aea","BANCA_DOUTORADO","Capacidade suporte de córregos urbanos a processos erosivos",2013,"Universidade Federal de Goiás",,1
"A12303664","BANCA_MESTRADO","A URBANIZAÇÃO NAS SUB-BACIAS ÁGUA BRANCA E CAVEIRINHA EM GOIÂNIA-GO: UMA ANÁLISE SOBRE QUALIDADE AMBIENTAL",2021,"Universidade Federal de Goiás",,1
"A1e85b730","BANCA_MESTRADO","Diagnóstico das bacias de captação de água no estado de Goiás entre 1985 ? 2019: análise no uso e cobertura da terra nas áreas das bacias de captação e série histórica de precipitação",2021,"Universidade Federal de Goiás",,1
"A07de7bf6","BANCA_MESTRADO","ANÁLISE DO TRANSITÓRIO HIDRÁULICO EM CONDUTOS FORÇADOS ATRAVÉS DO MÉTODO SPH",2020,"Universidade Federal de Goiás",,1
"Abb0f945a","BANCA_MESTRADO","AVALIAÇÃO DE ÁREAS DE PASTAGENS A PARTIR DE BIBLIOTECAS ESPECTRAIS, DADOS LIDAR E IMAGENS AÉREAS",2019,"Universidade Federal de Goiás",,1
"Ae226ebc3","BANCA_MESTRADO","Avaliação da disponibilidade hídrica superficial no estado de Goiás",2019,"Universidade Federal de Goiás",,1
"A9a03c49c","BANCA_MESTRADO","APLICAÇÃO DO MODELO WEAP NA AVALIAÇÃO DE ALOCAÇÃO DE ÁGUA DO RESERVATÓRIO DOS PEQUENOS LIBOMBOS, MOÇAMBIQUE",2019,"Universidade Federal de Goiás",,1
"Ad0e7204a","BANCA_MESTRADO","Estudo hidrossedimentológico em rios da bacia hidrográfica do Rio Meia Ponte Goiás, Brasil",2018,"Universidade Federal de Goiás",,1
"A92f64753","BANCA_MESTRADO","DECAIMENTO DA CONCENTRAÇÃO DE CLORO RESIDUAL LIVRE NAS REDES DE ABASTECIMENTO DE ÁGUA",2017,"Universidade Federal de Goiás",,1
"A35d02d77","BANCA_MESTRADO","O uso da água em Goiás, potencialidade, demanda para irrigação por pivôs centrais e perspectivas",2016,"Universidade Federal de Goiás",,1
"A2d5a5555","BANCA_MESTRADO","RELAÇÕES ENTRE PRECIPITAÇÃO, ESCOAMENTO E SEDIMENTOS SUSPENSOS NA BACIA DO RIO DAS ANTAS, GOIÁS",2016,"Universidade Federal de Goiás",,1
"Ab5a1350a","BANCA_MESTRADO","Avaliação de dados pluviométricos obtidos pelo sensor TRMM no Estado de Goiás para o ano",2010,"Universidade Federal de Goiás",,1
"A8a956176","BANCA_MESTRADO","Simulação hidrológica utilizando o SWAT na Bacia Hidrográfica do Córrego Samambaia, Goiânia-Go",2013,"Universidade Federal de Goiás",,1
"A12b758e3","BANCA_MESTRADO","Avaliação do Efeito das Ondas nas Margens do Reservatório de Itumbiara",2013,"Universidade Federal de Goiás",,1
"A4b775858","BANCA_TCC","Modelagem do Cloro Residual em Sistemas de Distribuição de Água",2007,"Universidade Federal de Goiás",,1
"Aa6845529","ORIENTACAO_MESTRADO","Determinação do Tempo de Concentração em Bacias Urbanas",2025,"Universidade Federal de Goiás",,1
"A03099bc7","ORIENTACAO_MESTRADO","Modelagem de Perdas em Sistemas de Distribuição de Água",2024,"Universidade Federal de Goiás",,1
"A67df96ca","ORIENTACAO_MESTRADO","Regionalização de Equações de Chuva em Goias",2024,"Universidade Federal de Goiás",,1
"A47c328fe","ORIENTACAO_MESTRADO","Diretrizes de Gestão da Drenagem Urbana em Goiânia",2024,"Universidade Federal de Goiás",,1
"A0a8228f5","ORIENTACAO_MESTRADO","Otimização da Operação de Estações Elevatórias de Esgoto",2023,"Universidade Federal de Goiás",,1
"Ae1cdf841","ORIENTACAO_DOUTORADO","Avaliação da Antropização Urbana na Degradação de Córregos",2023,"Universidade Federal de Goiás",,1
"A85fb2eb4","ORIENTACAO_DOUTORADO","Sistema de Previsão de Inundação em Tempo Real do Rio Araguaia",2023,"Universidade Federal de Goiás",,1
"A3a72462b","ORIENTACAO_DOUTORADO","INFLUÊNCIA DOS SURFACTANTES NO PROCESSO DE TRANSFERÊNCIA DE MASSA DE OXIGÊNIO EM ÁGUAS DE SUPERFÍCIE",2022,"Universidade Federal de Goiás",,1
"A4777dff3","ORIENTACAO_POS_DOC","Orientacao de Kamila Almeida dos Santos",2024,,,1
"A02f5ba85","ORIENTACAO_POS_DOC","Orientacao de Tatiane de Souza Rodrigues Pereira",2024,,,1
"Af4e1cda0","ORIENTACAO_MESTRADO","Análise das Vazões Mínimas na Bacia do Rio Meia Ponte",2024,"Universidade Federal de Goiás",,1
"A2832a836","ORIENTACAO_MESTRADO","Modelagem da Drenagem de Um Loteamento Urbano Empregando o SWMM",2023,"Universidade Federal de Goiás",,1
"A9645a158","ORIENTACAO_MESTRADO","Modelagem de escamento transcrítico sob regime transiente em canais",2021,"Universidade Federal de Goiás",,1
"A2733e361","ORIENTACAO_MESTRADO","APLICAÇÃO DO MODELO WEAP NA AVALIAÇÃO DE ALOCAÇÃO DE ÁGUA DO RESERVATÓRIO DOS PEQUENOS LIBOMBOS, MOÇAMBIQUE",2020,"Universidade Federal de Goiás",,1
"A493c032d","ORIENTACAO_MESTRADO","Utilização do Modelo Qual-UFMG na avaliação da qualidade da água e da capacidade de autodepuração do Ribeirão Pirapitinga Catalão - (GO)",2020,"Universidade Federal de Goiás",,1
"A001e8501","ORIENTACAO_MESTRADO","Análise de Incertezas na Determinação de Vazões Empregando Modelagem Hidráulica",2019,"Universidade Federal de Goiás",,1
"A86d83bec","ORIENTACAO_MESTRADO","Análise Granulométrica do Sedimentos em Suspensão de Rios do Cerrado",2019,"Universidade Federal de Goiás",,1
"A8c1fb35c","ORIENTACAO_MESTRADO","Modelagem de Nutrientes em Eventos de Cheias de Bacias Urbanas",2018,"Universidade Federal de Goiás",,1
"Ad212456c","ORIENTACAO_MESTRADO","Análise da Espacialização da Precipitação no Estado de Goias",2018,"Universidade Federal de Goiás",,1
"Aa6d6a221","ORIENTACAO_MESTRADO","Monitoramento e Modelagem Hidrológica do Córregos Botafogo e Anicuns",2015,"Universidade Federal de Goiás",,1
"Adaac6671","ORIENTACAO_MESTRADO","UTILIZAÇÃO DE MODELO HIDRODINÂMICO PARA MAPEAMENTO DE ÁREAS INUNDÁVEIS",2015,"Universidade Federal de Goiás",,1
"A51809d67","ORIENTACAO_MESTRADO","Monitoramento e Modelagem das Águas Subterrâneas da Bacia do Córrego Botafogo",2015,"Universidade Federal de Goiás",,1
"A29c559da","ORIENTACAO_MESTRADO","Modelagem da Qualidade da Água dos Córregos Botafogo e Cascavel",2015,"Universidade Federal de Goiás",,1
"A3506aa58","ORIENTACAO_MESTRADO","Modelo hidrológico distribuído unidimensional para bacias hidrográficas peri-urbanas",2014,"Universidade Federal de Goiás",,1
"A85c8a470","ORIENTACAO_MESTRADO","Determinação da Vazão Ecológica na Bacia do Rio Meia Ponte",2013,"Universidade Federal de Goiás",,1
"Ae781bf70","ORIENTACAO_MESTRADO","Análise da Carga Poluidora do Córrego Botafogo Goiânia-GO",2013,"Universidade Federal de Goiás",,1
"A5f7543df","ORIENTACAO_MESTRADO","Modelem Hidrológica da Bacia hidrográfica do Córrego Botafogo na Cidade de Goiânia",2013,"Universidade Federal de Goiás",,1
"A857fc2f5","ORIENTACAO_MESTRADO","MÉTODO PARA A DETERMINAÇÃO DO FATOR DE REDUÇÃO DE ÁREA EM BACIAS URBANAS",2012,"Universidade Federal de Goiás",,1
"A50073b70","ORIENTACAO_MESTRADO","Calibração de Modelo Hidrodinâmico Unidimensional em Bacias Urbanas",2012,"Universidade Federal de Goiás",,1
"A43a8a123","ORIENTACAO_MESTRADO","Usos potenciais da água via regularização de vazões no reservatório João Leite, Goiânia - GO",2012,"Universidade Federal de Goiás",,1
"Aec66b9df","ORIENTACAO_MESTRADO","CALIBRAÇÃO DE MODELOS DE DRENAGEM URBANA UTILIZANDO ALGORITMOS EVOLUCIONÁRIOS MULTIOBJETIVO",2011,"Universidade Federal de Goiás",,1
"Ae21cc51a","ORIENTACAO_MESTRADO","Otimização de Redes de Abastecimento em Ambiente SIG",2010,"Universidade Federal de Goiás",,1
"A73d0db22","ORIENTACAO_MESTRADO","Uso de Sistemas de Informações Geográficas na Operação de Sistemas de Distribuição de Água",2009,"Universidade Federal de Goiás",,1
"A4a0499c6","ORIENTACAO_MESTRADO","O Efeito da Escala Espacial no Modelamento Hidrológico",2009,"Universidade Federal de Goiás",,1
"A7a1576ff","ORIENTACAO_MESTRADO","Calibração de Modelos de Redes de Distribuição de Água usando Algoritmos Genéticos Multiobjetivo",2008,"Universidade Federal de Goiás",,1
"A2ee002d9","ORIENTACAO_MESTRADO","Segurança de Barragens: Aspectos Regulatórios",2008,"Universidade Federal de Goiás",,1
"A00edba0a","ORIENTACAO_MESTRADO","Análise da Influencia do Rompimento de Pequenos Barramentos em Reservatórios de Água",2008,"Universidade Federal de Goiás",,1
"A679ef5cf","ORIENTACAO_MESTRADO","Análise da Eficiência de Métodos de Controle de Enchentes Utilizando o Modelo SWMM-Storm Water Management Model",2007,"Universidade Federal de Goiás",,1
"A2c4df298","ORIENTACAO_DOUTORADO","SISTEMA INTEGRADO DE RECICLAGEM DE ÁGUAS PLUVIAIS E CINZAS: RESILIÊNCIA URBANA E ABASTECIMENTO DESCENTRALIZADO NA ADAPTAÇÃO ÀS MUDANÇAS CLIMÁTICAS",2025,"Universidade Federal de Goiás",,1
"A4c7c9647","ORIENTACAO_DOUTORADO","Determinação do volume assoreado pela sedimentação em grandes reservatórios do Cerrado Brasileiro",2025,"Universidade Federal de Goiás",,1
"A88188eb6","ORIENTACAO_DOUTORADO","Modelagem de processos erosivos em margens de reservatório hidrelétrico com a utilização do modelo HEC-RAS 2D",2024,"Universidade Federal de Goiás",,1
"A393c42a2","ORIENTACAO_DOUTORADO","Incentivos pelos serviços de drenagem urbana para municípios brasileiros: Modelo baseado na associação de taxa de drenagem e serviços ambientais",2024,"Universidade Federal de Goiás",,1
"Aabbf922b","ORIENTACAO_DOUTORADO","CONTRIBUIÇÕES PARA A AVALIAÇÃO DO DESEMPENHO AMBIENTAL DE SISTEMAS URBANOS DE ÁGUA E ESGOTO BRASILEIROS",2024,"Universidade Federal de Goiás",,1
"A037f42ba","ORIENTACAO_DOUTORADO","Avaliação do impacto da poluição difusa na qualidade da água e do sedimento em bacia urbana",2023,"Universidade Federal de Goiás",,1
"Ae7fe57c7","ORIENTACAO_DOUTORADO","Monitoramento e modelagem de processos erosivos em córregos urbanos",2022,"Universidade Federal de Goiás",,1
"Aed87bc9d","ORIENTACAO_DOUTORADO","Indicdores socioambientais para avaliação de sistemas de drenagem urbana",2022,"Universidade Federal de Goiás",,1
"A0b0beb5c","ORIENTACAO_DOUTORADO","Influencia dos dados hidráulicos e topográficos na modelagem hidrodinâmica de áreas Ribeirinhas",2022,"Universidade Federal de Goiás",,1
"Aac104a32","ORIENTACAO_DOUTORADO","Impactos das usinas hidrelétricas na qualidade da água e na biodiversidade da Bacia Tocantins-Araguaia",2020,"Universidade Federal de Goiás",,1
"A148d279c","ORIENTACAO_DOUTORADO","Emprego de Sensoriamento Remoto nas Estimativas de Concentração de Sedimentos em Água",2019,"Universidade Federal de Goiás",,1
"A91aab00d","ORIENTACAO_DOUTORADO","Modelagem do comportamento e dinâmica das algas em reservatórios do Centro -Oeste",2017,"Universidade Federal de Goiás",,1
"Ab8428741","ORIENTACAO_DOUTORADO","Avaliação da variabilidade de qualidade ambiental de bacias de mananciais de abastecimento público com a aplicação de um índice para o Estado de Goiás",2016,"Universidade Federal de Goiás",,1
"A4c410080","ORIENTACAO_DOUTORADO","A capacidade de suporte de cursos d?água urbanos sob a perspectiva técnica e epistemológica da engenharia",2015,"Universidade Federal de Goiás",,1
"Aa9b91196","ORIENTACAO_DOUTORADO","Capacidade de interceptação pelas árvores e suas influências no escoamento superficial urbano",2015,"Universidade Federal de Goiás",,1
"Ac5cbd9b6","ORIENTACAO_DOUTORADO","Variabilidade da qualidade de água bruta e seus efeitos sobre a saúde ambiental e o saneamento em Goiás",2014,"Universidade Federal de Goiás",,1
"A98c9ba3a","ORIENTACAO_ESPECIALIZACAO","Eficiência da Lagoa de Maturação da ETE Trindade-GO: Análise dos Parâmetros Físico-Químicos e Coliformes",2011,"Universidade Federal de Goiás",,1
"Aac863b10","ORIENTACAO_ESPECIALIZACAO","Modelagem Hidrodinâmica da Qualidade da Água: Uso do Modelo CE-QUAL-W2 para Avaliar a Eutrofização do Reservatório da Usina Hidrelétrica Serra do Facão - Goiás",2010,"Universidade Federal de Goiás",,1
"A7176e5b7","ORIENTACAO_ESPECIALIZACAO","AVALIAÇÃO DE MEDIDAS COMPENSATÓRIAS PARA BACIA HIDROGRÁFICA DO CORRÉGO SERRINHA, EMPREGANDO O STORM WATER MANAGEMENT MODEL",2009,"Universidade Federal de Goiás",,1
"A0c46d3f2","ORIENTACAO_ESPECIALIZACAO","MUDANÇA DE TENDÊNCIA DAS SÉRIES DE VAZÕES DO RIO CORRENTE DO SUDOESTE GOIANO",2008,"Universidade Federal de Goiás",,1
"A504c0d7d","ORIENTACAO_ESPECIALIZACAO","AVALIAÇÃO DE MEDIDAS COMPENSATÓRIAS PARA BACIA HIDROGRÁFICA DO CORRÉGO SERRINHA, EMPREGANDO O STORM WATER MANAGEMENT MODEL - SWMM",2008,"Universidade Federal de Goiás",,1
"A4b4938d3","ORIENTACAO_TCC","ANALISE DE ESTACIONARIEDADE HIDROLÓGICA NA REGIÃO SUDOESTE DE GOIÁS",2015,"Universidade Federal de Goiás",,1
"A49e577e1","ORIENTACAO_TCC","Determinação de vazões a partir de modelos hidrodinâmicos",2013,"Universidade Federal de Goiás",,1
"A2f98ab4d","ORIENTACAO_TCC","MODELO DE OPERAÇÃO ÓTIMA DE RESERVATÓRIOS USANDO ALGORITMOS GENÉTICOS",2008,"Universidade Federal de Goiás",,1
"Af863a165","ORIENTACAO_TCC","MUDANÇA DE TENDÊNCIA DAS SÉRIES DE VAZÕES DO RIO CORRENTE DO SUDOESTE GOIANO",2008,"Universidade Federal de Goiás",,1
"A6e8a35b7","ORIENTACAO_TCC","Modelagem do Cloro Residual em Sistemas de Distribuição de Água",2007,"Universidade Federal de Goiás",,1
"Ac39f2d7a","ORIENTACAO_IC","Elaboração da equação Intensidade-Duração-Frequência para o município de Goiânia",2025,"Universidade Federal de Goiás",,1
"A3a975314","ORIENTACAO_IC","Definição da Mancha de Inundação do Rio Meia Ponte na Região Urbana de Goiânia",2025,"Universidade Federal de Goiás",,1
"A16806e8e","ORIENTACAO_IC","Análise de Consistência de Dados Ploviográficos e Preenchimento de Falhas no Estado de Goiás",2025,"Universidade Federal de Goiás",,1
"A6905970f","ORIENTACAO_IC","Monitoramento de erosões de margem no reservatório da UHE de Itumbiara",2022,"Universidade Federal de Goiás",,1
"Aa20b8174","ORIENTACAO_IC","Análise da Estacionariedade das Séries de Vazão e Precipitação nos afluentes goianos do Rio Paranaíba",2020,"Universidade Federal de Goiás",,1
"A0c4ab5c5","ORIENTACAO_IC","Balanço hídrico na bacia do Rio Meia Ponte para diferentes cenários de demandas futuras",2020,"Universidade Federal de Goiás",,1
"A498e92cd","ORIENTACAO_IC","Monitoramento de metais traço (Pb, Zn e Cd) em sedimentos em suspensão durante eventos de cheia em uma bacia urbana, Ribeirão das Antas",2019,"Universidade Federal de Goiás",,1
"Aa95a4688","ORIENTACAO_IC","Medição de nível d?água em laboratório e na calha do Rio Meia Ponte para modelagem hidrodinâmica",2019,"Universidade Federal de Goiás",,1
"A3559814c","ORIENTACAO_IC","ANÁLISE DA QUALIDADE DA ÁGUA DO CÓRREGO DAS ANTAS",2018,"Universidade Federal de Goiás",,1
"A82eac75d","ORIENTACAO_IC","Monitoramento e Modelagem de Nutrientes e Sólidos Totais Durante Cheias de Córregos Urbanos",2018,"Universidade Federal de Goiás",,1
"A55d1a99e","ORIENTACAO_IC","Medição e Monitoramento de Nível de Água da Calha do Rio Meia Ponte para Modelagem Hidrodinâmica",2018,"Universidade Federal de Goiás",,1
"A22f06562","ORIENTACAO_IC","DETERMINAÇÃO DO FATOR DE REDUÇÃO DE ÁREA PARA CHUVAS DE PROJETO NA CIDADE DE GOIÂNIA",2016,"Universidade Federal de Goiás",,1
"A3496bdaf","ORIENTACAO_IC","MEDIÇÃO DAS VELOCIDADES TURBULENTAS EM ESCOAMENTOS À SUPERFÍCIE LIVRE",2016,"Universidade Federal de Goiás",,1
"A2df5ceae","ORIENTACAO_IC","MONITORAMENTO DO ESCOAMENTO TRANSIENTE EM CANAIS EM LABORATÓRIO ACOUSTIC DOPPLER VELOCIMETER",2016,"Universidade Federal de Goiás",,1
"A47ff3ef1","ORIENTACAO_IC","Caracterização física da calha do Ribeirão Anicuns para determinação da mancha de inundação",2015,"Universidade Federal de Goiás",,1
"A31107aa1","ORIENTACAO_IC","Modificação da Fórmula Racional para Aplicação em Pequenas Bacias na Cidade de Goiânia",2014,"Universidade Federal de Goiás",,1
"A2fcc77bc","ORIENTACAO_IC","Distribuição espacial da precipitação em eventos extremos na bacia do Córrego Botafogo-GO",2014,"Universidade Federal de Goiás",,1
"Ad9cc93c5","ORIENTACAO_IC","Determinação de Vazões em Rios Empregando Modelagem Hidrodinâmica",2013,"Universidade Federal de Goiás",,1
"Ae1688b36","ORIENTACAO_IC","Utilização de SIG para Determinação de Áreas Sujeitas à Inindação no Ribeirão Anicuns-GO",2013,"Instituto Federal de Educação",,1
"A1e2cadaa","ORIENTACAO_IC","Monitoramento da Precipitação na Bacia do Ribeirão Anicuns",2013,"Universidade Federal de Goiás",,1
"A23009306","ORIENTACAO_IC","Modificação da Fórmula Racional para Aplicação em Pequenas Bacias na Cidade de Goiânia",2013,"Universidade Federal de Goiás",,1
"Aba7b68c7","ORIENTACAO_IC","Estruturação de uma base de dados hidrológicos das bacias dos córregos Botafogo e Samambaia em Goiânia",2012,"Universidade Federal de Goiás",,1
"Afc42e5c2","ORIENTACAO_IC","Determinação da Curva Chave Empregando Modelagem Hidrodinâmica",2011,"Universidade Federal de Goiás",,1
"A632e886e","ORIENTACAO_IC","Estruturação de Dados Pluviográficos em Goiânia",2011,"Universidade Federal de Goiás",,1
"A9c6aa032","ORIENTACAO_IC","Calibração de Modelos Hidrodinâmicos em Canais",2011,"Universidade Federal de Goiás",,1
"A57b17435","ORIENTACAO_IC","Avaliação da Inerceptação em Árvores do Cerrado",2011,"Universidade Federal de Goiás",,1
"Aaa73810a","ORIENTACAO_IC","Avaliação de Métodos de Otimização na Calibração de Modelos Hidrológicos",2010,"Universidade Federal de Goiás",,1
"A50db3e84","ORIENTACAO_IC","Monitoramento de Dados Pluviográficos na Cidade de Goiânia",2010,"Universidade Federal de Goiás",,1
"Acc7014cb","ORIENTACAO_IC","Monitoramento das Vazões em Bacias Urbanas no Municícpio de Goiânia",2010,"Universidade Federal de Goiás",,1
"A7c51c729","ORIENTACAO_IC","Levantamento dos Hietogramas da Cidade de Goiânia",2009,"Universidade Federal de Goiás",,1
"Ac5140403","ORIENTACAO_IC","Avaliação da Distribuição Espacial de Chuva em Bacias Urbanas",2009,"Universidade Federal de Goiás",,1
"A141bd382","ORIENTACAO_IC","Calibração Automática de Modelos Hidrológicos em Áreas Urbanas",2009,"Universidade Federal de Goiás",,1
"A5857e181","ORIENTACAO_IC","Experimentos Hidrológicos no Ensino Médio",2009,"Universidade Federal de Goiás",,1
"A4fdb9a4d","ORIENTACAO_IC","Definição da Equação I-D-F para o Município de Goiânia",2009,"Universidade Federal de Goiás",,1
"Af167d000","ORIENTACAO_IC","Aplicação de Técnicas Multicriteriais na Alocação Ótima de Dispositivos de Monitoramento de Pressões em Redes de Distribuição de Água",2008,"Universidade Federal de Goiás",,1
"Aec6d8be9","ORIENTACAO_IC","Preenchimento de Falhas de Estações Pluviométricas Empregando Métodos Espacilaizados de Precipitação",2008,"Universidade Federal de Goiás",,1
"A5f5790a5","ORIENTACAO_IC","Espacialização da Precipitação Média em Bacias Hidrográficas",2007,"Universidade Federal de Goiás",,1
"A8e639fa2","ORIENTACAO_IC","Alocação Ótima de Dispositivos de Monitoramento de Variáveis Hidráulicas em Redes de Distribuição de Água",2007,"Universidade Federal de Goiás",,1
"A3333a9c3","PROJETO_PESQUISA","Mapeamento e monitoramento das paisagens naturais e antrópicas em apoio à gestão sustentável do território nacional: pastagens, solos e alertas de desmatamento",2026,,,1
"Aa8bcd0cd","PROJETO_PESQUISA","Estimativas de emissões e remoções de GEE e incertezas associadas no âmbito do REDD+ Jurisdicional do Tocantins (20152024).",2025,,,1
"Ad5d1333d","PROJETO_PESQUISA","Mapeamento Histórico da Cobertura e Uso do Solo em Áreas de Interesse das Usinas Boa Vista, Iracema e Santa Cruz",2024,,,1
"A39cd1e32","PROJETO_PESQUISA","Desenvolvimento e operação de um sistema de eletroflofiltração de bancada para tratamento de água de lavagem de filtro de estação de tratamento de água",2024,,,1
"A752772e9","PROJETO_PESQUISA","Mapeamento Histórico da Cobertura e Uso do Solo em Regiões Sucroalcooleiras",2024,,,1
"Af87a5852","PROJETO_PESQUISA","Estudos e Pesquisas em Estatística, Matemática Aplicada e Ciência de Dados aplicados a problemas acadêmicos e da sociedade.",2024,,,1
"A223968a6","PROJETO_PESQUISA","MODELAGEM PARA PREDIÇÃO DA PRODUÇÃO DE FORRAGEM COM DADOS DE ESCORES E DE SENSORIAMENTO REMOTO",2023,,,1
"A69c69d14","PROJETO_PESQUISA","ATLAS GOIÁS: Remanescentes de Vegetação Nativa",2023,,,1
"A30e8500f","PROJETO_PESQUISA","Monitoramento da distribuição espacial e dos níveis de degradação das pastagens globais",2022,,,1
"A7724b8d8","PROJETO_PESQUISA","Mapeamento e Monitoramento das Pastagens Brasileiras e Serviços Ambientais Associados",2021,,,1
"A3bab82d2","PROJETO_PESQUISA","Mapeando o Brasil com big data e inteligência artificial",2020,,,1
"A21ffc894","PROJETO_PESQUISA","Elaboração de Big data para mapeamento de uso e cobertura das terras",2019,,,1
"A11ca828a","PROJETO_PESQUISA","Mapeamento e Monitoramento das Pastagens Brasileiras e áreas desmatadas em uma base anual",2019,,,1
"A905d8dd2","PROJETO_PESQUISA","Análise e validação de dados de mapeamento dos biomas brasileiros",2018,,,1
"Aa52a645d","PROJETO_PESQUISA","Levantamento de dados de campo para auxiliar, calibrar e validar atividades de mapeamento e qualificação das pastagens brasileiras",2017,,,1
"Ab1f6b5c0","PROJETO_PESQUISA","Mapeamento anual da área de pastagem no Brasil e análise de tendências e padrões",2017,,,1
"Ae9e1cd94","PROJETO_PESQUISA","MODELAGEM DE DEPENDÊNCIAS POR MEIO DE CÓPULAS",2011,,,1
"A95b21349","PROJETO_EXTENSAO","COMBATE AO AEDES: AÇÕES CONTÍNUAS E ARTICULADAS DE EDUCAÇÃO EM SAÚDE EM UNIDADES ESCOLARES E COMUNIDADES DO MUNICÍPIO DE GOIÂNIA",2023,,,1
"A5292a8b7","PROJETO_EXTENSAO","Saneamento e Saúde Ambiental em Comunidade Rurais e Tradicionais",2018,,,1
"Af3de92c3","PROJETO_EXTENSAO","Ómicron",2017,,,1
"A736490b3","ARTIGO","Impact of COVID-19 mild lockdowns on residential water consumption: evidence from Brazil",2026,"H2open Journal","10.2166/h2oj.2026.052",1
"A1fdf28a5","ARTIGO","UAV multisensor data and GAMLSS improve forage biomass estimation in Cerrado integrated crop-livestock pastures",2026,"Frontiers In Agronomy","10.3389/fagro.2026.1923984",1
"Ac10b585d","ARTIGO","Pasture Degradation Estimates Through Field Data in the State of Goiás, Brazil",2025,"LAND DEGRADATION & DEVELOPMENT","10.1002/ldr.70089",1
"A33d5ef4e","ARTIGO","Accounting for alternation in temporal quality analysis in MapBiomas Brazil",2025,"International Journal of Digital Earth","10.1080/17538947.2025.2528604",1
"A3b5689c1","ARTIGO","Unaccounted for nonforest vegetation loss in the Brazilian Amazon",2024,"Communications Earth & Environment","10.1038/s43247-024-01542-0",1
"A6ad578c9","ARTIGO","A contamination predictive model for Escherichia coli in rural communities dug shallow wells",2023,"Sustainability","10.3390/su15032408",1
"A37a3f5a0","ARTIGO","Assessment of the potential for morbidity and mortality from COVID-19 in rural quilombola communities in Goiás, Brazil",2022,"REVISTA ELETRÔNICA DE ENFERMAGEM","10.5216/ree.v24.69334",1
"A72cd8124","ARTIGO","Quality assessment of the PRODES Cerrado deforestation data",2021,"Remote Sensing Applications: Society and Environment","10.1016/j.rsase.2020.100444",1
"A185abf1b","ARTIGO","A Large-Scale Deep-Learning Approach for Multi-Temporal Aqua and Salt-Culture Mapping",2021,"Remote Sensing","10.3390/rs13081415",1
"A87cabf8a","ARTIGO","Physicochemical, microbiological quality, and risk assessment of water consumed by a quilombola community in midwestern Brazil",2021,"Environmental Science and Pollution Research","10.1007/s11356-021-13146-8",1
"A9e779259","ARTIGO","Multi-decade land use and land cover samples for Brazil based in a stratified sampling design and visual interpretation of Landsat data (1985-2018)",2021,"Nyssa","10.5281/zenodo.5136666",1
"A02a36df7","ARTIGO","Reflexão acerca dos critérios que podem contribuir para a disseminação da COVID-19 em comunidades quilombolas rurais do estado de Goiás, Brasil",2021,"Engenharia Sanitaria e Ambiental","10.1590/s1413-415220210006",1
"A97f182c5","ARTIGO","Land-use dynamics in a Brazilian agricultural frontier region, 1985-2017",2020,"LAND USE POLICY","10.1016/j.landusepol.2020.104740",1
"Ad7022539","ARTIGO","Tecnologia e degradação de pastagens na pecuária no Cerrado brasileiro",2020,"SOCIEDADE & NATUREZA (UFU. ONLINE)","10.14393/sn-v32-2020-55795",1
"A07e3f62d","ARTIGO","Assessing the pasturelands and livestock dynamics in Brazil, from 1985 to 2017: A novel approach based on high spatial resolution imagery and Google Earth Engine cloud computing",2019,"REMOTE SENSING OF ENVIRONMENT","10.1016/j.rse.2019.111301",1
"A417578b8","ARTIGO","DEVELOPMENT OF A TECHNOLOGICAL INDEX FOR THE ASSESSMENT OF THE BEEF PRODUCTION SYSTEMS OF THE VERMELHO RIVER BASIN IN GOIÁS, BRAZIL",2018,"PESQUISA OPERACIONAL (ONLINE)","10.1590/0101-7438.2018.038.01.0117",1
"A2235dc52","ARTIGO","Satisfa??o e percep??o dos usu?rios dos sistemas de saneamento de munic?pios goianos operados pelas prefeituras",2017,"Engenharia Sanitaria e Ambiental","10.1590/s1413-41522017142945",1
"A4aa70ed5","ARTIGO","Avaliação da qualidade da água para abastecimento no assentamento de reforma agrária Canudos, Estado de Goiás",2014,"Revista Ambiente e Agua","10.4136/ambi-agua.1386",1
"A73c8c473","ARTIGO","Disposição de resíduo de ETA em sistema de Tratamento aeróbio de esgoto seguido de lagoa sedimentada",2014,"Revista DAE","10.4322/dae.2014.130",1
"Ac8742822","LIVRO","Diagnóstico Técnico da Qualidade da Água de Comunidades Rurais e Tradicionais do Estado de Goiás - 2019",2022,"CEGRAF",,1
"A9b9c5b7d","LIVRO","Análise Situacional dos Dados Clínicos da População de Comunidades Rurais e Tradicionais do Estado de Goiás: 2019.",2022,"CEGRAF",,1
"A756dec3a","LIVRO","Qualidade de vida e acesso à informação em comunidades quilombolas de Goiás",2023,"Lutz Editora",,1
"A9d68f9d8","LIVRO","Aspectos Metodológicos",2021,"CEGRAF",,1
"A5af4b9db","LIVRO","Institutional Evaluation Perceptions of UFG Engineering Students",2017,"Gráfica UFG",,1
"A049777b8","CONGRESSO_COMPLETO","Análise de parâmetros químicos e correlação estatística em águas de comunidades rurais",2021,"XIX Simpósio Luso-Brasileiro de Engenharia Sanitária e Ambiental (SILUBESA)",,1
"A938c2314","CONGRESSO_COMPLETO","UMA ABORDAGEM TEMPORAL PARA O ESPAÇO RURAL GOIANO POR MEIO DA APLICAÇÃO DE MÉTODOS ESTATÍSTICOS À INTERPRETAÇÃO VISUAL DE IMAGENS LANDSAT (1985 - 2017)",2019,"SIMPóSIO BRASILEIRO DE SENSORIAMENTO REMOTO",,1
"Adf202c69","CONGRESSO_COMPLETO","Utilização do método AHP na avaliação do saneamento em áreas rurais e gestão de recursos.",2018,"48º Congresso Nacional de Saneamento da ASSEMAE",,1
"Ab6b74d91","CONGRESSO_COMPLETO","AVALIAÇÃO DO ALGORITMO BFAST, APLICADO A SÉRIES TEMPORAIS NDVI (MOD13Q1), PARA DETECTAR MUDANÇAS DE USO DA TERRA NA REGIÃO NORDESTE DO MATO GROSSO - BRASIL",2017,"XXVII Congresso Brasileiro de Cartografia",,1
"A504fbacf","CONGRESSO_COMPLETO","Ponderação dos critérios de análise para avaliação do abastecimento de água no meio rural",2017,"47º Congresso Nacional de Saneamento da ASSEMAE",,1
"Acb4b38f0","CONGRESSO_RESUMO_EXP","Construção de um Índice de Qualidade para Avaliação da Água de Abastecimento Público dos Municípios da Meso-Região Central do Estado de Goiás.",2013,"X Congresso de Pesquisa, Ensino e Extensão",,1
"Afe188cb9","CONGRESSO_RESUMO_EXP","Avaliação da representatividade de uma amostra para análise da qualidade de água utilizada para consumo humano no assentamento Canudos no Estado de Goiás",2012,"15º Encontro de Engenharia Sanitária e Ambiental. In: 15º Encontro de Engenharia Sanitária e Ambiental (ENaSB)",,1
"A6a406318","CONGRESSO_RESUMO_EXP","New local measures of complete dependence",2011,"Fitth Brasilian Conference on Statistical Modelling in Insurence and Finance",,1
"A6e6f5df8","CONGRESSO_RESUMO_EXP","Some Measures of Complete Dependence based on Copulas",2010,"7th Conference on Multivariate Distributions with Applications",,1
"A16c5ea5d","CONGRESSO_RESUMO_EXP","Medidas de Dependência Local Baseadas no Coeficiente de Correlação",2008,"18º SINAPE",,1
"A16bbce33","CONGRESSO_RESUMO","Institutional Evaluation Perceptions of UFG Engineering Students",2017,"International Conference on Alive Enginnering Education (ICAEEdu)",,1
"Aff7dabd6","CONGRESSO_RESUMO","Análise descritiva de dados de saúde: fatores que influênciam o peso de um indivíduo.",2013,"10º Congresso de Pesquisa, Ensino e Extensão.",,1
"A51bfa4df","CONGRESSO_RESUMO","Um Estudo de Estatística Descritiva de Dados de Recém-Nascidos da Maternidade do Hospital da Faculdade de Medicina de Itajubá.",2013,"X Congresso de Pesquisa, Ensino e Extensão",,1
"A1eb1179d","APRESENTACAO","Cópulas e Novas Medidas de Dependências",2013,,,1
"Acdfede50","APRESENTACAO","Métodos Estatísticos na Ciência da Computação",2013,,,1
"A534a5388","APRESENTACAO","New local measures of complete dependence",2011,,,1
"A58dca89c","APRESENTACAO","Some Measures of Complete Dependence based on Copulas",2010,,,1
"A25dc45e2","APRESENTACAO","Local Dependence Functions",2009,,,1
"A5217af5e","APRESENTACAO","Medidas de Dependência Local Baseadas no Coeficiente de Correlação",2008,,,1
"Ae39ae2be","APRESENTACAO","Graphic Methods for Detection of Dependence",2008,,,1
"Ae620409e","APRESENTACAO","Measures of Local Dependece",2008,,,1
"Aebf0be2f","APRESENTACAO","Using VLMC to Cluster natural Language",2005,,,1
"A35903cb4","APRESENTACAO","Modelagem Estocástica do Ritmo da Fala das Línguas Naturais",2005,,,1
"A98798de7","OUTRA_PRODUCAO","Avaliação da Representatividade de uma Amostra para Análise da Qualidade de Água Utilizada para Consumo Humano no Assentamento Canudos no Estado de Goiás",2013,,,1
"A0058e690","BANCA_MESTRADO","Modelos de urnas e loterias",2014,"UFG",,1
"Afdcfe1e3","BANCA_MESTRADO","Estratégias discretas em teoria dos jogos",2014,"UFG",,1
"Af4ad2072","BANCA_MESTRADO","Aplicações de Indicadores para Análise das Condições Urbano-Ambientais da Microbacia do Ribeirão João Leite no Município de Goiânia-GO",2013,"Universidade Federal de Goiás",,1
"Aabad7eae","BANCA_MESTRADO","Métodos Probabilísticos na Teoria dos Jogos",2013,"UFG",,1
"Afcf672e8","BANCA_MESTRADO","Numericamente Igual a Pi",2013,"UFG",,1
"A9d868339","BANCA_MESTRADO","Fi: O Número de Ouro",2013,"UFG",,1
"Ac527b195","BANCA_MESTRADO","Avaliação do Saneamento Ambiental em Assentamento de Reforma Agrária Utilizando o Método de Análise Hierárquica de Processos",2013,"Universidade Federal de Goiás",,1
"A8e1c53db","BANCA_MESTRADO","Determinação Do Índice de Qualidade da Água - IQA Fornecida aos Municípios do Estado de Goiás",2013,"Universidade Federal de Goiás",,1
"Ab510ea91","BANCA_MESTRADO","Aplicação de Indicadores para Análise da Paissagem na Microbacia do Ribeirão João Leite no Município de Goiânia",2012,"Universidade Federal de Goiás",,1
"A19613509","BANCA_MESTRADO","Saneamento Ambiental do Assentamento de Reforma Agrária Canudos, Estado de Goiás",2012,"Universidade Federal de Goiás",,1
"A36719183","BANCA_ESPECIALIZACAO","Convergência estocástica e aplicação",2009,"Universidade Federal de Goiás",,1
"A36ad65e9","BANCA_TCC","Passeios Aleatórios: teoria, propriedades e aplicações",2025,"UFG",,1
"Aa5f41445","BANCA_TCC","Análise dos Efeitos do ENOS sobre o Clima e a Produção Agrícola no Brasil: Um Estudo de Caso dos Estados de Goiás e Rio Grande do Sul",2025,"UFG",,1
"A2faf212f","BANCA_TCC","Fatores Associados à Presença de Triatomíneos em Comunidades Rurais de Goiás: Uma Abordagem com Modelagem Estatística",2025,"UFG",,1
"Ac2b3a5ca","BANCA_TCC","Análise de componentes principais e análise de agrupamentos com aplicação em geologia",2024,"UFG",,1
"Aa251d07a","BANCA_TCC","FUNÇÕES CARACTERÍSTICAS E SUAS APLICAÇÕES",2022,"UFG",,1
"Acfc742bd","BANCA_TCC","COMPARAÇÃO ENTRE AS LINGUAGENS DE PROGRAMAÇÃO R E PYTHON EM ANÁLISE DE DADOS ESTATÍSTICOS",2021,"UFG",,1
"Acdb63b14","BANCA_TCC","Estimação e Previsão da Série do Fluxo de Automóveis na Rodovia Caldas Novas-Morrinhos",2014,"Universidade Federal de Goiás",,1
"A9c6aa3f7","BANCA_TCC","MÉTODO AMMI PARA ANÁLISE DA MATRIZ DE INTERAÇÃO GxE",2013,"UFG",,1
"A1d4b77a9","BANCA_TCC","ANÁLISE DE SATISFAÇÃO E DESEMPENHO DOS ALUNOS NO CURSO ALUNO INTEGRADO",2013,"UFG",,1
"A298b0123","BANCA_TCC","A IMPORTÂNCIA DA PROVA OBJETIVA NA EDUCAÇÃO A DISTÂNCIA",2013,"UFG",,1
"A8ad0a147","ORIENTACAO_DOUTORADO","Uso de Sensoriamento Remoto Óptico Orbital de Última Geração e Métodos de Amostragem para Mapeamento e Monitoramento da Dinâmica de Uso e Cobertura das Terras",2023,"Universidade Federal de Goiás",,1
"A7a665ff9","ORIENTACAO_IC","Classificação de Degradação de Pastagens com Árvores de Decisão",2025,"UFG",,1
"A3dd33aad","ORIENTACAO_IC","Modelagem dos níveis de degradação das pastagens do bioma Cerrado",2025,"UFG",,1
"A8e2168ec","ORIENTACAO_MESTRADO","Modelagem para predição da produção de forragem com dados de escores e de sensoriamento remoto",2025,"ESCOLA DE VETERINÁRIA E ZOOTECNIA",,1
"Adb2a7e0b","ORIENTACAO_MESTRADO","Predição de contaminação de poços rasos escavados do estado de Goiás",2023,"Universidade Federal de Goiás",,1
"Aa188fd97","ORIENTACAO_MESTRADO","Dinâmica do uso e cobertura da terra no Brasil: Do pixel ao território",2021,"Universidade Federal de Goiás",,1
"A47a7a8ea","ORIENTACAO_MESTRADO","REMOTE SENSING AND PASTURE CONDITION SCORE FOR ASSESSING QUALITY AND PRODUCTIVITY OF PASTURELANDS Nathália Monteiro Teles Advisor: PhD. Victor Rezende Moreira Couto GOIÂNIA",2021,"Universidade Federal de Goiás",,1
"Aadc0fd0c","ORIENTACAO_MESTRADO","Aplicações de Indicadores para Análise das Condições Urbano-Ambientais da Microbacia do Ribeirão João Leite no Município de Goiânia-GO",2013,"Universidade Federal de Goiás",,1
"A8aa165a1","ORIENTACAO_MESTRADO","Avaliação do Saneamento Ambiental em Assentamento de Reforma Agrária Utilizando o Método de Análise Hierárquica de Processos",2013,"Universidade Federal de Goiás",,1
"A65b3d1f1","ORIENTACAO_DOUTORADO","PECUÁRIA BOVINA E CONDICIONANTES SOCIOAMBIENTAIS NA BACIA HIDROGRÁFICA DO RIO VERMELHO - GO",2017,"Universidade Federal de Goiás",,1
"Aeb1af6b8","ORIENTACAO_DOUTORADO","ÍNDICE DE POSSIBILIDADE DE CONVERSÃO À AGRICULTURA (IPCA): UMA FERRAMENTA NA ELUCIDAÇÃO DO FENÔMENO DA EXPANSÃO DA FRONTEIRA AGRÍCOLA EM GOIÁS",2016,"Universidade Federal de Goiás",,1
"Aac86b4a8","ORIENTACAO_TCC","Fatores Associados à Presença de Triatomíneos em Comunidades Rurais de Goiás: Uma Abordagem com Modelagem Estatística",2025,"UFG",,1
"Acd3badad","ORIENTACAO_TCC","ESTUDO DAS CARACTERÍSTICAS DOS SERVIDORES APOSENTADOS NO ESTADO DE GOIÁS, DE 2010 A 2019",2024,"UFG",,1
"A9d023b9f","ORIENTACAO_TCC","Aplicação de Mapas Auto-Organizáveis em Séries de Índices de Vegetação de Pastagens do Estado de Goiás",2024,"UFG",,1
"A74abd0d6","ORIENTACAO_IC","Aplicação de Mapas Auto-Organizáveis em Séries de Índices de Vegetação de Pastagens do Estado de Goiás",2024,"UFG",,1
"A423d4847","ORIENTACAO_IC","Estudo estatístico da relação da ocorrência da doença de Chagas com variáveis ambientais nas comunidades rurais tradicionais do estado de Goiás",2024,"UFG",,1
"A729cfa42","ORIENTACAO_IC","Análise de acurácia na classificação de transições de uso e cobertura de solos",2022,"UFG",,1
"Abefc803b","ORIENTACAO_IC","Aplicação de Modelos de Regressão na Análise de Incertezas de Classificação de Uso e Coberturas de Terras",2021,"UFG",,1
"A6915e25c","ORIENTACAO_IC","Modelagem estatística espaço-temporal para análise de tendências das pastagens brasileiras",2017,"UFG",,1
"Af80db19c","ORIENTACAO_IC","Aplicação da Medida de Dependência Completa de Siburg e Stoimenov a Dados Silmulados",2013,"UFG",,1
"A2eb8800e","ORIENTACAO_IC","Uma Medida de Dependência Completa",2013,"UFG",,1
"A857e22f5","ORIENTACAO_IC","Construção de um Índice de Qualidade para Avaliação da Água de Abastecimento Público dos Municípios da Meso-Região Central do Estado de Goiás",2013,"Universidade Federal de Goiás",,1
"Af04618ef","ORIENTACAO_IC","Análise Discritiva de Dados de Saúde: Fatores que Influenciam o Peso de Um Indivíduo",2013,"UFG",,1
"A0cfff3cd","ORIENTACAO_IC","Análise Discritiva de Dados de Saúde: Fatores que Influenciam o Peso de Um Indivíduo",2013,"UFG",,1
"A610b72ee","ORIENTACAO_IC","Um Estudo de Estatística Descritiva de Dados de Recém-Nascidos da Maternidade do Hospital da Faculdade de Medicina de Itajubá",2013,"UFG",,1
"A520d50d3","ORIENTACAO_IC","Um Estudo de Estatística Descritiva de Dados de Recém-Nascidos da Maternidade do Hospital da Faculdade de Medicina de Itajubá",2013,"UFG",,1
"A790f6595","ORIENTACAO_IC","Um Estudo de Estatística Descritiva de Dados de Recém-Nascidos da Maternidade do Hospital da Faculdade de Medicina de Itajubá",2013,"UFG",,1
"Afc5144f0","ORIENTACAO_IC","ANÁLISE DE REGRESSÃO LINEAR SIMPLES: APLICAÇÃO A DADOS DE RECURSOS ECONÔMICOS E INFRAESTRUTURA TECNOLÓGICA DOS MUNICÍPIOS DO ESTADO DE GOIÁS",2012,"Universidade Federal de Goiás",,1
"Ae643bf29","ORIENTACAO_IC","REGRESSÃO LINEAR SIMPLES: UMA APLICAÇÃO A DADOS DE CONFINAMENTO BOVINO",2012,"Universidade Federal de Goiás",,1
"A1614da25","ORIENTACAO_OUTRA","APLICAÇÃO DO MODELO STARMA EM DADOS REMOTOS DE PRECIPITAÇÃO PARA REGIÃO DO MATOPIBA",2017,"UFG",,1
"A3f5a8c85","ORIENTACAO_OUTRA","Modelagem de score de crédito: uma aplicação do GAM",2017,"UFG",,1
"A54f0bffb","ORIENTACAO_OUTRA","PROPOSTA DE UMA METODOLOGIA DE ANÁLISE, MULTIVARIADA E SÉRIE TEMPORAL, APLICADA AO ESTUDO DE URBANISMO",2017,"UFG",,1
"A02407a68","ORIENTACAO_OUTRA","MODELAGEM DA TAXA DE CONGESTIONAMENTO DOS PROCESSOS JUDICIAIS ELEITORAIS NO TRIBUNAL REGIONAL ELEITORAL DE GOIÁS",2017,"UFG",,1
"A9bd4d1c0","ORIENTACAO_OUTRA","Orientação de atividades de monitoria",2011,"Universidade Federal de Goiás",,1
"A343544ef","PROJETO_PESQUISA","Diagnóstico da qualidade da água para consumo humano nos municípios da mesorregião sul do Amazonas",2025,"Fundação de Amparo a Pesquisa do Estado do Amazonas",,1
"Aea788a6d","PROJETO_PESQUISA","DIAGNÓSTICO DA DISPOSIÇÃO FINAL DE RESÍDUOS SÓLIDOS NA ZONA URBANA DO MUNICÍPIO DE MANICORÉ AM",2023,,,1
"Ad1c092d7","PROJETO_PESQUISA","AVALIAÇÃO SAZONAL DA QUALIDADE DA ÁGUA EM POÇOS ARTESIANOS NO DISTRITO DE SANTO ANTÔNIO DO MATUPI EM MANICORÉ-AM",2023,,,1
"Aa5d5039d","PROJETO_PESQUISA","A PERCEPÇÃO DA EDUCAÇÃO AMBIENTAL NAS ESCOLAS DE ENSINO MÉDIO DO MUNICÍPIO DE LÁBREA AMAZONAS",2023,,,1
"Aaf53d1e9","PROJETO_PESQUISA","O LICENCIAMENTO AMBIENTAL COMO POLÍTICA PÚBLICA NA MESORREGIÃO SUL DO AMAZONAS: ESTUDO DE CASO",2023,,,1
"Aacdbb48c","PROJETO_PESQUISA","AVALIAÇÃO DA QUALIDADE ÁGUA EM POÇOS ATERSIANOS NA CIDADE DE LÁBREA/AM",2023,,,1
"Aa72daabb","PROJETO_PESQUISA","O diagnóstico dos indicadores sanitários e ambientais dos bairros: conjunto uruapiara e parque das mangabeiras no município de Humaitá-AM.",2022,,,1
"A02b51e15","PROJETO_PESQUISA","AVALIAÇÃO DA QUALIDADE DA ÁGUA NA SUB-BACIA DO RIO CAITITU NO MUNICÍPIO DE LÁBREA - AM",2022,,,1
"A02c5717c","PROJETO_PESQUISA","A Educação Ambiental na perspectiva dos alunos e professores de ensino médio de uma escola de Ensino Integral CETI Humaitá",2021,,,1
"A84ae851d","PROJETO_PESQUISA","A Logística reversa no município de Humaitá: Uma análise emanada das políticas públicas",2021,,,1
"A22ad705a","PROJETO_PESQUISA","A geração de resíduos da construção civil no município de Humaitá: uma análise emanada das políticas públicas ambientais.",2020,,,1
"Acda193a6","PROJETO_PESQUISA","AVALIAÇÃO DA QUALIDADE DA ÁGUA PARA ABASTECIMENTO PÚBLICO DO MUNICÍPIO DE LÁBREA/AM: LAGO PRETO",2019,,,1
"A99e784b7","PROJETO_PESQUISA","QUALIDADE DA ÁGUA SUBTERRÂNEA E NECROCHORUME NO ENTORNO DOS CEMITÉRIOS (ANTIGO E NOVO) DE HUMAITÁ- AM.",2019,,,1
"A43afbe0b","PROJETO_PESQUISA","AVALIACAO DE QUALIDADE DAS ÁGUAS E BALNEABILIDADE NA SUB- BACIA DO RIO CAITITU NO MUNICIPIO DE LÁBREA-AM",2019,,,1
"A9a102346","PROJETO_PESQUISA","Correlação do crescimento populacional e condições de Saneamento Básico do município de Humaitá-AM.",2019,,,1
"A4cf2979f","PROJETO_PESQUISA","Avaliação das características físico-químicas do esgoto sanitário tratado em Sistema Alagado Construído em Escoamento Vertical (SAC ? EV) em diferentes camadas do leito.",2019,,,1
"A9eed6c1c","PROJETO_PESQUISA","AVALIAÇÃO DA CONTAMINAÇÃO DE ÁGUAS SUBTERRÂNEAS POR POSTOS DE REVENDAS DE COMBUSTÍVEIS",2018,,,1
"A85b5f641","PROJETO_PESQUISA","Qualidade física do solo em terras pretas arqueológicas transformadas e naturais.",2016,,,1
"Ad18e99ad","PROJETO_PESQUISA","AVALIAÇÃO DO USO E OCUPAÇÃO DO SOLO NA QUALIDADE DA ÁGUA NA MICROBACIA DO RIO BEEM NO MUNICÍPIO DE HUMAITÁ-AM",2016,,,1
"A2d4cd6f7","PROJETO_PESQUISA","VARIABILIDADE ESPACIAL DA ERODIBILIDADE DO SOLO EM TERRAS PRETAS ARQUEOLÓGICAS SOB CULTIVO DE PASTAGEM E FLORESTA",2016,,,1
"Adeb055b3","PROJETO_PESQUISA","ATRIBUTOS QUÍMICOS DO SOLO E EMISSÃO DE CO2 EM ÁREAS DE CAMPO NATURAL/FLORESTA, HUMAITÁ/AM.",2015,,,1
"Ac8aa4f60","PROJETO_PESQUISA","Caracterização dos atributos do solo e emissão de CO2 em áreas de Terra Preta Arqueológica sob diferentes usos na região Sul do Amazonas",2013,,,1
"A91199677","PROJETO_PESQUISA","Interferencias das atividades agropecuárias sobre os atributos do solo e características botânicas em áreas de campos naturais na região Sul do Amazonas",2011,,,1
"A94eff883","PROJETO_PESQUISA","Impactos da transformação Floresta-Agrofloresta nos atributos físicos e químicos do solo, na região de Humaitá,AM.",2010,"Fundação de Amparo a Pesquisa do Estado do Amazonas",,1
"Af810c487","PROJETO_PESQUISA","Caracterização física, química e botânica de campos naturais e degradados na região de Humaitá,AM.",2009,"Fundação de Amparo a Pesquisa do Estado do Amazonas",,1
"A3e52bd5a","PROJETO_EXTENSAO","Divulgação dos Cursos de Graduação do IEAA",2023,,,1
"A4d5d751b","PROJETO_EXTENSAO","Educação Ambiental: Gerenciamento dos resíduos sólidos no bairro mangabeira em Humaitá, AM",2019,,,1
"Ad70f2a69","PROJETO_EXTENSAO","Conhecendo Plantas Medicinais na Escola",2017,,,1
"A963c9d1c","PROJETO_EXTENSAO","PRODUÇÃO DE ESPÉCIES HORTÍCOLAS NA ESCOLA ESTADUAL ÁLVARO MAIA EM HUMAITÁ-AM",2017,,,1
"A4b2ceea6","PROJETO_EXTENSAO","Diagnóstico ambiental, georreferenciamento e proposição de medidas mitigadoras em áreas de Preservação Permanente- APP - no município de Humaitá-AM.",2016,,,1
"A0394bb52","PROJETO_EXTENSAO","Efeitos Negativos Causados pela Queima de Residuos Solidos Domésticos no Bairro Nova Esperança",2016,,,1
"A80ef4205","PROJETO_EXTENSAO","Produção de Mudas de espécies frutíferas a partir de resíduos agroindustrial, Ano II",2016,,,1
"A29280f8a","PROJETO_EXTENSAO","Produção de biofertilizantes e adubos orgânicos",2010,,,1
"A80d098ae","PROJETO_EXTENSAO","Solos na Escola",2009,,,1
"A6e7cb0a1","ARTIGO","Soil physicochemical properties and implications for leachate mobility in an Amazonian open dumpsite",2026,"Journal Of Ecological Engineering","10.12911/22998993/225197",1
"A7d4ff61d","ARTIGO","Assessment of water quality for human consumption in the municipality of Manicoré-am",2025,"Scientific Reports","10.1038/s41598-025-90167-0",1
"Aefb8d408","ARTIGO","Water quality for human consumption in semi artesian wells in the city of Lábrea/AM",2024,"CONTRIBUCIONES A LAS CIENCIAS SOCIALES","10.55905/revconv.17n.1-316",1
"A522007bc","ARTIGO","Avaliação da qualidade da água para consumo humano de duas fontes subterrâneas de abastecimento no município de Lábrea/AM",2024,"OBSERVATORIO DE LA ECONOMÍA LATINOAMERICANA","10.55905/oelv22n4-133",1
"A19c898a9","ARTIGO","Avaliação da Qualidade da Água do Lago Preto como Subsídio de Abastecimento Público para a Cidade de Lábrea-Am",2024,"REVISTA BRASILEIRA DE GEOGRAFIA FÍSICA","10.26848/rbgf.v17.5.p3330-3346",1
"A5a632e0c","ARTIGO","Avaliação da qualidade da água do Rio Caititu no município de Lábrea, AM",2023,"Gaia Scientia","10.22478/ufpb.1981-1268.2023v17n1.65262",1
"Acf5b9812","ARTIGO","Physical Quality and Porosity Aspects of Amazon Anthropogenic Soils under Different Management Systems",2022,"APPLIED AND ENVIRONMENTAL SOIL SCIENCE","10.1155/9248",1
"A8299d9f3","ARTIGO","Land-use change and its impact on physical and mechanical properties of Archaeological Black Earth in the Amazon rainforest",2021,"CATENA","10.1016/j.catena.2021.105266",1
"A41959539","ARTIGO","SPATIAL DEPENDENCY OF SOIL CHEMICAL IN PRODUCTION SYSTEMS IN THE ANTHROPOGENIC DARK EARTH",2021,"CANADIAN JOURNAL OF SOIL SCIENCE","10.1139/cjss-2020-0110",1
"A72ff1a4a","ARTIGO","Avaliação da erodibilidade do solo em áreas de terra preta arqueológica com pastagem e floresta nativa no sul do Amazonas",2020,"Acta Iguazu",,1
"Accbbe0c9","ARTIGO","Soil carbon stock in archaeological black earth under different land use systems in the Brazilian Amazon",2020,"AGRONOMY JOURNAL","10.1002/agj2.20345",1
"A8aafe7ff","ARTIGO","Variabilidade espacial da emissão de CO2, temperatura e umidade do solo em área de pastagem na região Amazônica, Brasil",2019,"REVISTA DE CIÊNCIAS AGROVETERINÁRIAS (UDESC)",,1
"A8109ae6c","ARTIGO","Variability of physical attributes in tropical weathered soil cultivated with irrigated beans (Phaseolus vulgaris L.)",2019,"AUSTRALIAN JOURNAL OF CROP SCIENCE (ONLINE)",,1
"A09e54c2d","ARTIGO","Spatial variability of soil respiration in Archaeological Dark Earth areas in the Amazon",2018,"CATENA","10.1016/j.catena.2017.12.001",1
"A0a9d1740","ARTIGO","Variabilidade espacial dos atributos do solo sob agrofloresta na região de Humaitá, AM",2018,"Gaia Scientia",,1
"A56e91d5c","ARTIGO","Spatial variability of soil physical properties in Archeological Dark Earths under different uses in southern Amazon",2018,"SOIL & TILLAGE RESEARCH","10.1016/j.still.2018.05.008",1
"Af1f65adb","ARTIGO","Carbon stock variability and aggregate stability in soils of Amazon, Brazil",2018,"AUSTRALIAN JOURNAL OF CROP SCIENCE (ONLINE)",,1
"A9474719a","ARTIGO","Spatial variability of chemical pedoindicators in Haplic Inceptisol under different management systems in southern Amazonas state, Brazil",2018,"AUSTRALIAN JOURNAL OF CROP SCIENCE (ONLINE)",,1
"A0ed9bf2c","ARTIGO","Variabilidade espacial da estabilidade dos agregados e matéria orgânica do solo em terra preta arqueológica sob pastagem",2018,"Gaia Scientia","10.22478/ufpb.1981-1268.2018v12n2.34416",1
"A793900d4","ARTIGO","Variabilidade espacial do estoque de carbono e atributos físicos do solo em terra preta arqueológica sob pastagem",2018,"Revista Ambiente e Agua","10.4136/ambi-agua.2002",1
"Ae553704e","ARTIGO","Atributos físicos e estoque de carbono do solo em áreas de Terra Preta Arqueológica da Amazônia",2017,"Revista Ambiente & Água","10.4136/ambi-agua.1890",1
"A6b8cdd50","ARTIGO","APLICAÇÃO DA EQUAÇÃO UNIVERSAL DE PERDAS DE SOLO NA REGIÃO SUL DO AMAZONAS",2017,"REVISTA DA UNIVERSIDADE VALE DO RIO VERDE","10.5892/ruvrd.v15i2.2991",1
"Acb04727b","ARTIGO","PERCEPÇÃO DE SOLOS: experiência com estudantes do 5º ano do ensino fundamental em escola da rede pública de Humaitá, AM",2017,"REVISTA DA UNIVERSIDADE VALE DO RIO VERDE","10.5892/ruvrd.v15i2.3001",1
"Afc5ebc2b","ARTIGO","SPATIAL VARIABILITY OF AGGREGATES AND ORGANIC CARBON UNDER THREE DIFFERENT USES OF INDIAN BLACK EARTH IN SOUTHERN AMAZONAS",2017,"Bioscience Journal",,1
"A56b0e597","ARTIGO","AVALIAÇÃO DO USO E OCUPAÇÃO DAS ÁREAS DE PRESERVAÇÃO PERMANENTE NOS ANOS DE 2008 E 2013 NA ZONA URBANA DE HUMAITÁ, AMAZONAS",2017,"REVISTA DA UNIVERSIDADE VALE DO RIO VERDE","10.5892/ruvrd.v15i2.3017",1
"Aa4c0dcd1","ARTIGO","Variabilidade espacial de agregados e estoque de carbono em solos antropogênicos sob floresta nativa",2017,"NATIVA",,1
"A387593b3","ARTIGO","Chemical soil attributes evaluated by multivariate techniques and geostatistics in the area with agroforestry and sugarcane in Humaitá, AM, Brazil",2016,"Bioscience Journal (Online)","10.14393/bj-v32n1a2016-29421",1
"Ad78269fb","ARTIGO","Carbon storage in soil and aggregates of Inceptisols under different land use management systems in southern Amazonas",2016,"Revista Ambiente & Água","10.4136/ambi-agua.1819",1
"A587c68ad","ARTIGO","Fractal analysis in the description of soil particle-size distribution under different land-use patterns in Southern Amazonas State, Brazil",2016,"African Journal of Agricultural Research",,1
"Ad33523c3","ARTIGO","Atributos físicos do solo em áreas sob diferentes sistemas de usos na região de Manicoré, AM",2016,"Revista de Ciências Agrárias (Belém)","10.4322/rca.2020",1
"Ad9fe793e","ARTIGO","Distribuição espacial do efluxo de CO2 em área de terra preta arqueológica sob cultivo de cacau e café no município de Apuí, AM, Brasil",2016,"Revista Ambiente & Água","10.4136/ambi-agua.1892",1
"Ae93af501","ARTIGO","Physical and geospatial attributes of inceptisols and ultisols under native vegetation in Humaitá, AM, Brazil",2016,"Bioscience Journal (Online)","10.14393/bj-v32n2a2016-32656",1
"Ac2955245","ARTIGO","DISTRIBUIÇÃO ESPACIAL DA EMISSÃO DE CO2 E ATRIBUTOS DO SOLO SOB CAMPO NATIVO NA REGIÃO DE HUMAITÁ, AMAZONAS",2016,"SOCIEDADE & NATUREZA (UFU. ONLINE)","10.1590/1982-451320160207",1
"A8e89283f","ARTIGO","Caracterização de solos sob diferentes usos na região sul do Amazonas",2015,"ACTA AMAZONICA","10.1590/1809-4392201400555",1
"Affc9ff7f","ARTIGO","Avaliação dos atributos do solo sob diferentes usos na região de Humaitá, Amazonas",2015,"Revista de Ciências Agrárias / Amazonian Journal of Agricultural and Environmental Sciences","10.4322/rca.1822",1
"Ae0d670d7","ARTIGO","Spatial variability of physical attributes of cambisol under cassava cultivation in Southern Amazonas",2015,"African Journal of Agricultural Research",,1
"Ac2bc7c3a","ARTIGO","Técnicas geoestatísticas na avaliação de atributos químicos em Cambissolo com agrofloresta e cana-de-açúcar em Humaitá, Amazonas",2015,"Agrária (Recife. Online)","10.5039/agraria.v10i4a3346",1
"Abf5a5b2f","ARTIGO","Variabilidade espacial dos atributos físicos do solo em área de Terra Preta Arqueológica sob pastagem em Manicoré, Am",2015,"Revista de Ciências Agrárias / Amazonian Journal of Agricultural and Environmental Sciences",,1
"A9c8af0f4","ARTIGO","Geoestatística na avaliação dos atributos físicos em latossolo sob floresta nativa e pastagem na Região de Manicoré, Amazonas",2014,"Revista Brasileira de Ciência do Solo (Impresso)","10.1590/s0100-06832014000200004",1
"A18787e5c","ARTIGO","Distribuição espacial da resistência do solo à penetração e teor de água do solo em uma área de agrofloresta na região de Humaitá,AM.",2014,"Comunicata Scientiae (Online)",,1
"A3009c78c","ARTIGO","Spatial variability of physical attributes of Alfissol under agroforestry in Humaitá region, AM",2013,"Revista de Ciências Agrárias (Belém)","10.4322/rca.2013.023",1
"Abeb0497c","ARTIGO","Variabilidade espacial dos atributos físicos em um Argissolo Vermelho sob floresta",2013,"Comunicata Scientiae (Online)",,1
"Ab8f7d045","ARTIGO","Variabilidade espacial de atributos físicos em um cambissolo háplico, sob diferentes usos na região sul do Amazonas",2013,"REVISTA BRASILEIRA DE CIENCIA DO SOLO","10.1590/s0100-06832013000400027",1
"A4aa08c7b","ARTIGO","Variabilidade espacial de resistência do solo à penetração e umidade em áreas cultivadas com mandioca na região de Humaitá, AM.",2012,"Agro@mbiente On-line",,1
"Aa80fe9e9","ARTIGO","Caracterização física e química de terras pretas arqueológicas e de solos não antropogênicos na região de Manicoré, Amazonas.",2012,"Agro@mbiente On-line",,1
"A2ab67ca8","LIVRO","A Geração de resíduos sólidos da construção civil no município de Humaitá: Uma análise emanada das políticas públicas ambientais",2022,,,1
"A2fae76da","LIVRO","VARIABILIDADE ESPACIAL DOS ATRIBUTOS FÍSICOS DO SOLO EM ÁREA DE TERRA PRETA ARQUEOLÓGICA SOB PASTAGEM EM MANICORÉ, AM",2021,"Atena",,1
"A805fe94b","LIVRO","VARIABILIDADE ESPACIAL DO ESTOQUE DE CARBONO E ATRIBUTOS FÍSICOS DO SOLO EM TERRA PRETA ARQUEOLÓGICA SOB PASTAGEM",2021,,,1
"Afad43d99","LIVRO","Variabilidade espacial dos atributos do solo em área de Agrofloresta no município de Humaitá,AM",2015,"PUC Goiânia",,1
"Ad3af23e8","LIVRO","Variabilidade espacial de atributos físicos em um Cambissolo háplico sob diferentes usos na região Sul do Amazonas",2015,,,1
"Aca165959","LIVRO","Geoestatística na caracterização da variabilidade e densidade amostral de atributos físicos e químicos de um Cambissolo cultivado com mandioca",2015,,,1
"Aadcaabaf","CONGRESSO_COMPLETO","INFLUÊNCIA DO LIXÃO A CÉU ABERTO NA QUALIDADE DA ÁGUA DE UM CORPO HÍDRICO NO DISTRITO DE SANTO ANTÔNIO DO MATUPI",2025,"XVI Congresso Brasileiro de Gestão Ambiental",,1
"Ae7b482f7","CONGRESSO_COMPLETO","A logística reversa no município de Humaita: uma análise das políticas públicas",2022,"XIII Congresso Brasileiro de Gestão Ambiental",,1
"Abcf5e937","CONGRESSO_COMPLETO","A geração de resíduos sólidos da construção civil no município de Humaitá-AM: uma análise das políticas públicas ambientais",2022,"XIII Congresso Brasileiro de Gestão Ambiental",,1
"Adc450e10","CONGRESSO_RESUMO_EXP","ESTIMATIVA DO TEOR DE MATÉRIA ORGÂNICA DO SOLO NOS VAZADOUROS DE DOIS MUNICÍPIOS AMAZONENSES",2025,"VXI Congresso Brasileiro de Gestão Ambiental",,1
"A4fef344c","CONGRESSO_RESUMO_EXP","Avaliação da Qualidade da Água de Corpo Hídrico Urbano no Município de Manicoré - AM",2024,"Encontro Nacional de Águas Urbanas e V SRRU - Simpósio de Revitalização de Rios Urbanos,",,1
"A9ff9eb80","CONGRESSO_RESUMO_EXP","AVALIAÇÃO DA QUALIDADE DA ÁGUA DO RIO CAXANGÁ NO MUNICÍPIO DE MANICORÉ/AM",2024,"XV ENAU - Encontro Nacional de Águas Urbanas e V SRRU - Simpósio de Revitalização de Rios Urbanos,",,1
"Ab4899f3f","CONGRESSO_RESUMO_EXP","CARACTERIZAÇÃO FÍSICO-QUÍMICO DAS ÁGUAS DO RIO MANICORÉ, NA COMUNIDADE SANTA RITA",2024,"XV ENAU - Encontro Nacional de Águas Urbanas e V SRRU - Simpósio de Revitalização de Rios Urbanos",,1
"Afa904aa4","CONGRESSO_RESUMO_EXP","Avaliação do Indicie de qualidade da água (IQA) do Rio Atininga no Município de Manicoré-AM",2024,"XV ENAU - Encontro Nacional de Águas Urbanas e V SRRU - Simpósio de Revitalização de Rios Urbanos",,1
"Ae919d567","CONGRESSO_RESUMO_EXP","AVALIAÇÃO SAZONAL DA QUALIDADE DA ÁGUA DO RIO PURUS NO MUNICÍPIO DE LÁBREA - AM",2024,"XV ENAU - Encontro Nacional de Águas Urbanas e V SRRU - Simpósio de Revitalização de Rios Urbanos",,1
"A20f35ec4","CONGRESSO_RESUMO_EXP","?AVALIAÇÃO DA QUALIDADE DA ÁGUA PARA CONSUMO HUMANO DE DUAS FONTES SUBTERRÂNEAS DE ABASTECIMENTO NO MUNICÍPIO DE LÁBREA/AM",2024,"XV - Congresso Brasileiro de Gestão Ambiental",,1
"A1d1eaa4c","CONGRESSO_RESUMO_EXP","ANÁLISE DA CONTAMINAÇÃO DO SOLO POR METAIS TÓXICOS PROVENIENTES DE RESÍDUOS SÓLIDOS URBANOS NO MUNICÍPIO DE LÁBREA-AM",2024,"XV - Congresso Brasileiro de Gestão Ambiental",,1
"Acef2017d","CONGRESSO_RESUMO_EXP","?AVALIAÇÃO DO IQA NO RIO IPIXUNA NA COMUNIDADE SANTA MARIA AUXILIADORA, HUMAITÁ-AM",2024,"XV - Congresso Brasileiro de Gestão Ambiental",,1
"A6691fa7b","CONGRESSO_RESUMO_EXP","AVALIAÇÃO DA QUALIDADE DA ÁGUA PARA CONSUMO HUMANO NA COMUNIDADE RURAL BOM JARDIM DO MUNICÍPIO DE LÁBREA ? AM",2024,"XV - Congresso Brasileiro de Gestão Ambiental",,1
"Aca295e61","CONGRESSO_RESUMO_EXP","Avaliação da qualidade da água em poços semi artesianos no distrito de Santo Antônio do Matupi em Manicoré-Am",2024,"XV - Congresso Brasileiro de Gestão Ambiental",,1
"Ae48df3bd","CONGRESSO_RESUMO_EXP","AVALIAÇÃO DA QUALIDADE DA ÁGUA PARA O CONSUMO HUMANO DO MUNICÍPIO DE MANICORÉ-AM",2024,"XV Congresso Brasileiro de Gestão Ambiental",,1
"Ac7d26ceb","CONGRESSO_RESUMO_EXP","A INFLUÊNCIA DA CONTAMINAÇÃO DO CEMITÉRIO DE HUMAITÁ/AM EM ÁREAS ADJACENTES",2023,"XIV Congresso Brasileiro de Gestão Ambiental",,1
"Aac5de30d","CONGRESSO_RESUMO_EXP","?AVALIAÇÃO DA QUALIDADE DA ÁGUA PARA CONSUMO HUMANO DO MUNICÍPIO DE LÁBREA/AM",2023,"XIV Congresso Brasileiro de Gestão Ambiental",,1
"Aee57c724","CONGRESSO_RESUMO_EXP","DETERMINAÇÃO DOS PARÂMETROS FÍSICO-QUÍMICOS E MICROBIOLÓGICOS DA ÁGUA DE ABASTECIMENTO PÚBLICO NA CIDADE DE HUMAITÁ-AM",2023,"XIV Congresso Brasileiro de Gestão Ambiental",,1
"A7be9fa28","CONGRESSO_RESUMO_EXP","A INFLUÊNCIA DO LIXÃO DO MUNICÍPIO DE LÁBREA/AM NA CONTAMINAÇÃO DO CORPO HÍDRICO",2023,"XIV Congresso Brasileiro de Gestão Ambiental",,1
"Add38e4d1","CONGRESSO_RESUMO_EXP","AVALIAÇÃO DAS CARACTERÍSTICAS FÍSICO-QUÍMICAS DO ESGOTO SANITÁRIO TRATADO EM SISTEMA ALAGADO CONSTRUÍDO EM ESCOAMENTO VERTICAL (SAC-EV) EM DIFERENTES CAMADAS DO LEITO",2020,"XI CONGRESSO BRASILEIRO DE GESTÃO AMBIENTAL",,1
"A2a369cee","CONGRESSO_RESUMO_EXP","AVALIAÇÃO DA QUALIDADE DA ÁGUA PARA ABASTECIMENTO PÚBLICO DO MUNICÍPIO DE LÁBREA/AM: LAGO PRETO",2020,"XI CONGRESSO BRASILEIRO DE GESTÃO AMBIENTAL",,1
"Abaec37e0","CONGRESSO_RESUMO_EXP","CORRELAÇÃO E ESTIMAÇÃO DO CRESCIMENTO POPULACIONAL DO MUNICÍPIO DE HUMAITÁ-AM COM AS CONDIÇÕES DE SANEAMENTO BÁSICO",2020,"XI CONGRESSO BRASILEIRO DE GESTÃO AMBIENTAL",,1
"A76dc126c","CONGRESSO_RESUMO_EXP","AVALIAÇÃO DA QUALIDADE DA ÁGUA PARA ABASTECIMENTO PÚBLICO NO MUNICÍPIO DE LÁBREA/AM: LAGO PRETO",2019,"X Congresso Brasileiro de Gestão Ambiental",,1
"Aebadf49a","CONGRESSO_RESUMO_EXP","Avaliação do índice de qualidade da água superficial do rio Beem",2018,"IX Congresso Brasileiro de Gestão Ambiental",,1
"Ab089e16f","CONGRESSO_RESUMO_EXP","Influência do uso e ocupação do solo na qualidade da água de três bacias na área urbana do município de Humaitá-AM",2017,"VIII Congresso Brasileiro de Gestão Ambiental",,1
"Aa8e65064","CONGRESSO_RESUMO_EXP","ATRIBUTOS CRISTALOGRÁFICOS DOS ÓXIDOS DE FERRO EM PERFIS DE SÍTIOS DE TERRA PRETA ARQUEOLÓGICA NO MUNICÍPIO DE APUÍ NO AMAZONAS.",2015,"XXXV CONGRESSO BRASILEIRO DE CIÊNCIA DO SOLO",,1
"Ab3e38939","CONGRESSO_RESUMO_EXP","Atributos Físico-Hídricos de Solo Sob Diferentes Usos na Região de Humaitá",2015,"XXXV Congresso Brasileiro de Ciencia do Solo",,1
"Ac320345b","CONGRESSO_RESUMO_EXP","Variabilidade Espacial de Atributos Físicos do Solo em Área de Terra Preta Arqueológica Sob Uso de Pastagem na Região de Manicoré, Amazonas.",2015,"XXXV Congresso Brasileiro de Ciencia do Solo",,1
"Ac20528b5","CONGRESSO_RESUMO_EXP","ANÁLISE ESPACIAL DE ATRIBUTOS FÍSICOS E CARBONO ORGÂNICO EM UMA ÁREA DE TERRA PRETA ARQUEOLÓGICA SOB PASTAGEM NA REGIÃO DE MANICORÉ, AM.",2015,"XXXV Congresso Brasileiro de Ciência do Solo",,1
"A5a0e8958","CONGRESSO_RESUMO_EXP","VARIABILIDADE ESPACIAL DA TEXTURA DO SOLO EM UMA ÁREA DE TERRA PRETA ARQUEOLÓGICA SOB PASTAGEM NA REGIÃO DE MANICORÉ, AM.",2015,"XXXV Congresso Brasileiro de Ciência do Solo",,1
"A3fd8b59c","CONGRESSO_RESUMO_EXP","CARACTERIZAÇÃO DE SOLOS SOB DIFERENTES USOS NA REGIÃO SUL DO AMAZONAS",2014,"XX Congreso Latinoamericano y XVI Congreso Peruano de la Ciencia del Suelo",,1
"Ad4f1e746","CONGRESSO_RESUMO_EXP","Distribuição Espacial da Resistência do Solo à Penetração e Teor de Água do Solo sob Agrofloresta na Região de Humaitá, AM",2013,"XXXIV Congresso Brasileiro de Ciência do Solo",,1
"A8c2f8c07","CONGRESSO_RESUMO_EXP","Estoque de Carbono no Solo e Agregados Sob Diferentes Usos na Região Sul do Amazonas",2013,"XXXIV Congresso Brasileiro de Ciência do Solo",,1
"Acfafd9bf","CONGRESSO_RESUMO_EXP","Distribuição Espacial da Emissão de CO2 em área de Campo Natural no Município de Humaitá-Amazonas",2013,"XXXIV Congresso Brasileiro de Ciência do Solo",,1
"A6a6d55c0","CONGRESSO_RESUMO_EXP","Variabilidade Espacial de Horizonte Antrópico com um Solo Adjacente na Região de Manicoré-AM",2013,"XXXIV Congresso Brasileiro de Ciência do Solo",,1
"A123d8179","CONGRESSO_RESUMO_EXP","Caracterização e Classificação de Terras Pretas Arqueológicas na Região de Apuí-AM",2013,"XXXIV Congresso Brasileiro de Ciência do Solo",,1
"Ace5ff8ed","CONGRESSO_RESUMO_EXP","Distribuição Espacial da Granulometria do Solo em uma área de Agrofloresta na região de Humaitá, AM",2012,"XIX Reunião Brasileira de Manejo e Conservação do Solo e da Água",,1
"A38de1901","CONGRESSO_RESUMO_EXP","Distribuição Espacial da Emissão de CO2 em áreas manejadas em Humaitá-Amazonas.",2012,"XIX Reunião Brasileira de Manejo e Conservação do Solo e da Água",,1
"A90efd09c","CONGRESSO_RESUMO_EXP","Variabilidade espacial da resistência do solo à penetração em área de cana-de-açúcar no Estado do Amazonas",2012,"XIX Reunião Brasileira de Manejo e Conservação do Solo e da Água",,1
"A699af1c3","CONGRESSO_RESUMO_EXP","Caracterização Química de Solos em uma Topossequência Sob Terraços Aluviais na Região do Médio Rio Madeira (AM)",2012,"FERTBIO 2012 - A Responsabilidade Socioambiental da Pesquisa Agrícola",,1
"A51f9f524","CONGRESSO_RESUMO_EXP","Caracterização física e química de solos de campos naturais e degradados na região de Humaitá,AM.",2011,"XXXIII Congresso Brasileiro de Ciências do Solo.",,1
"Ac2f67abc","CONGRESSO_RESUMO_EXP","Variabilidade espacial da Estabilidade dos Agregados em uma área de agrofloresta na região de Humaitá,AM.",2011,"XXXIII Congresso Brasileiro de Ciência do Solo",,1
"A5250a27a","CONGRESSO_RESUMO_EXP","Variabilidade espacial de algunas atributos físicos do solo em uma área sob agrofloresta na região de Humaitá,AM.",2011,"XXXIII Congresso Brasileiro de Ciência do Solo",,1
"Aea367dd5","CONGRESSO_RESUMO_EXP","Variabilidade espacial de atributos físicos do solo em uma área de Terra Preta Arqueológica na região Sul do Amazonas",2011,"XXXIII Congresso Brasileiro de Ciência do Solo",,1
"Aebca9549","CONGRESSO_RESUMO_EXP","Variabilidade espacial da textura em um sítio de Terra preta Arqueológica na região de Manicoré,AM",2011,"XXXIII Congresso Brasileiro de Ciência do Solo",,1
"A77288f13","CONGRESSO_RESUMO","PRODUÇÃO DE BIOFERTILIZANTES E ADUBOS ORGÂNICOS",2010,"I MIEPEX",,1
"A1f0b2156","CONGRESSO_RESUMO","EXPERIÊNCIAS PRÁTICAS COM SOLOS PARA ALUNOS DE 3°ANO DO ENSINO FUNDAMENTAL NA ESCOLA IRMÃ CARMEN, HUMAITÁ, AM.",2010,"I MIEPEX",,1
"A1ad0876b","APRESENTACAO","Caracterização física e química de solos de campos naturais e degradados na região de Humaitá,AM.",2011,,,1
"Ac6bcc4f1","APRESENTACAO","Variabilidade Espacial da Estabilidade dos agregados em uma área de agrofloresta na região de Huamitá,AM.",2011,,,1
"A71969697","BANCA_MESTRADO","DRENAGEM URBANA E SOLUÇÕES BASEADAS NA NATUREZA: ESTRATÉGIAS PARA O CONTROLE DE ALAGAMENTOS EM JOÃO PESSOA, PARAÍBA",2026,"Universidade Federal da Paraíba",,1
"Acdc7ff67","BANCA_MESTRADO","?Diagnóstico e percepção ambiental dos agentes sociais sobre o uso e destino do lixo hospitalar do município de Humaitá/AM",2025,"Universidade Federal do Amazonas",,1
"A80eb89d5","BANCA_MESTRADO","A Política de segurança pública no Estado do Amazonas no combate ao desmatamento ilegal na fronteira do Sul do Amazonas, Brasil",2025,"Universidade Federal do Amazonas",,1
"A286013f6","BANCA_MESTRADO","Qualidade da água destinada ao consumo humano na zona rural de Humaitá-AM",2025,"Universidade Federal do Amazonas",,1
"Ae0abbb44","BANCA_MESTRADO","Desenvolvimento de Modelo Matemático pra o Monitoramento da Qualidade em Parques Urbanos",2024,"Universidade Federal de Mato Grosso",,1
"Ada2e09d5","BANCA_DOUTORADO","Avaliação de Risco Ambiental e Exposição Humana do Uso de Agrotóxicos no Sul do Amazonas",2022,"Universidade Federal do Amazonas",,1
"Aaf52ad0a","BANCA_TCC","Avaliação dos atributos do solo em áreas de terras pretas de índio sob diferentes uso na Amazônia Ocidental",2017,"IEAA",,1
"Ac25dada6","BANCA_TCC","Variação espacial de atributos químicos em Terra Preta Arqueológica sob cultivo em Apuí-AM",2017,"IEAA",,1
"Ac809f2b9","BANCA_TCC","Avaliação de resíduos sólidos em restaurantes comerciais de Humaitá,AM",2016,,,1
"A38b04d72","BANCA_TCC","Avaliação de diferentes modelos de elvação da delimitação de bacias hidrográficas na região Sul do Amazonas",2016,,,1
"A0a82accc","BANCA_TCC","Avaliação de doses de Nitrogênio e Fósforo no arroz (Oryza satira L.) na região de Humaitá-AM",2015,"Universidade Federal do Amazonas",,1
"A8c4a5059","BANCA_TCC","Variabilidade espacial dos agregados e carbono orgânico total do solo em áreas de terras pretas arqueológicas sob diferentes manejos",2015,"Universidade Federal do Amazonas",,1
"Ade2f51e5","BANCA_TCC","Avaliação dos caracteres agronômicos de cultivares de sorgo sacarino (Sorghum bicolor (L.) Moench) na região de Humaitá, AM",2015,"IEAA",,1
"A6bd04fa8","BANCA_TCC","Avaliação de cultivares de arroz (Oryza sativa L.) em terras altas no município de Humaitá -AM",2015,,,1
"Aa1be267a","BANCA_TCC","Distribuição espacial da emissão de CO2 e sua relação com os atributos do solo em uma área de campo natural na região de Humaitá, AM",2013,"Universidade Federal do Amazonas",,1
"Ad453f876","BANCA_TCC","Variabilidade espacial da granulometria em uma area de Terra Preta Arqueologica sob pastagem na regiao de Manicore, AM",2013,"Universidade Federal do Amazonas",,1
"Aecd07e74","BANCA_TCC","Variabilidade Espacial da Estabilidade dos agregados do solo em uma área de Terra Preta Arqueológia na região de Manicoré, AM",2013,"Universidade Federal do Amazonas",,1
"Ae4b13a58","ORIENTACAO_MESTRADO","Avaliação do uso e ocupação do solo e modelagem de cenários futuro para o município de Boca do Acre, Amazonas",2025,"Universidade Federal de Goiás",,1
"Ab1321064","ORIENTACAO_MESTRADO","Avaliação integrada da qualidade da água para o consumo humano em municípios da Mesorregião Sul do Amazonas",2025,"Universidade Federal de Goiás",,1
"A9db7ac42","ORIENTACAO_IC","Avaliação da qualidade da água do rio atininga no município de Manicoré/AM",2025,,,1
"A65734229","ORIENTACAO_IC","Caracterização da qualidade da água do trecho urbano do rio purus no município de lábrea/am",2025,,,1
"Ad2b2c97a","ORIENTACAO_IC","Diagnóstico da disposição final dos resíduos sólidos dos municípios de Manicoré e Lábrea no Estado do Amazonas",2025,,,1
"A7a4b04f7","ORIENTACAO_TCC","Influência do lixão a céu aberto na qualidade da água em um corpo hídrico no distrito de Santo Antônio do Matupi",2025,,,1
"Ae606710b","ORIENTACAO_TCC","Avaliação da qualidade ambiental de corpos hídricos urbanos do município de Manicoré/AM",2024,"IEAA",,1
"A4738bbee","ORIENTACAO_TCC","Avaliação sazonal da qualidade da água do Rio Purus no município de Lábrea/AM",2024,"IEAA",,1
"A88a8fcb4","ORIENTACAO_TCC","AVALIAÇÃO DA QUALIDADE DA ÁGUA EM ÁREA DE INFLUÊNCIA DO LIXÃO DO MUNICÍPIO DE A LABREA/AM",2024,"Instituto de Educação",,1
"A016f64c0","ORIENTACAO_TCC","ANÁLISE DA CONTAMINAÇÃO DO SOLO POR METAIS TÓXICOS PROVENIENTES DE RESÍDUOS SÓLIDOS URBANOS NO MUNICÍPIO DE LÁBREA-AM",2024,"iNSTITUO DE EDUCAÇÃO",,1
"Ab14664ff","ORIENTACAO_TCC","AVALIAÇÃO DA QUALIDADE DA ÁGUA PARA CONSUMO HUMANO DE DUAS FONTES SUBTERRÂNEAS DE ABASTECIMENTO NO MUNICÍPIO DE LÁBREA/AM",2024,"IEAA",,1
"Ad0cd1c0d","ORIENTACAO_TCC","AVALIAÇÃO DA QUALIDADE DA ÁGUA PARA O CONSUMO HUMANO DO MUNICÍPIO DE MANICORÉ-AM",2024,"IEAA",,1
"Af4e597ea","ORIENTACAO_TCC","DIAGNÓSTICO DA DISPOSIÇÃO FINAL DE RESÍDUOS SÓLIDOS NO VAZADOURO DO MUNICÍPIO DE MANICORÉ-AM",2024,"IEAA",,1
"Affdc9c21","ORIENTACAO_TCC","AVALIAÇÃO DA QUALIDADE DA ÁGUA PARA CONSUMO HUMANO NA COMUNIDADE RURAL BOM JARDIM DO MUNICÍPIO DE LÁBREA ? AM",2024,"IEAA",,1
"A12599d20","ORIENTACAO_TCC","AVALIAÇÃO DA QUALIDADE DA ÁGUA EM POÇOS ARTESIANOS NO DISTRITO DE SANTO ANTÔNIO DO MATUPI EM MANICORÉ-AM",2024,"IEAA",,1
"Aae21f2a9","ORIENTACAO_TCC","ANÁLISE DA VIABILIDADE DA UTILIZAÇÃO DE SISTEMA ALAGADO CONSTRUÍDO EM ESCOAMENTO VERTICAL (SAC-EV) COMO FERRAMENTA DE TRATAMENTO DE ESGOTO DESCENTRALIZADO",2023,"Instituto de Educação",,1
"Ae2b22dbe","ORIENTACAO_TCC","Diagnóstico da disposição final de resíduos sólidos no município de Manicoré-AM",2022,"Instituto de Educação",,1
"A493534ba","ORIENTACAO_TCC","Rebouças. Qualidade da água em poços artesianos de abastecimento da população no município de Lábrea",2022,"Instituto de Educação",,1
"Abedb4f52","ORIENTACAO_TCC","Avaliação do potencial de aproveitamento sustentável de caroço de açaí como fonte de nutrientes no solo para uma destinação adequada dos resíduos da produção do açaí",2022,"Instituto de Educação",,1
"A09c5d571","ORIENTACAO_TCC","A percepção da Educação Ambiental nas escolas de ensino médio do município de Lábrea-AM",2022,"Instituto de Educação",,1
"A0a5fcebb","ORIENTACAO_TCC","USO DOS PROCESSOS DE VERMICOMPOSTAGEM E COMPOSTAGEM COMO FERTILIZANTES NA PRODUÇÃO DA PIMENTA BIQUINHO",2022,"Instituto de Educação",,1
"A9ffdb675","ORIENTACAO_TCC","Qualidade da água para abastecimento público e caracterização do uso e ocupação do solo no município de Lábre-AM",2018,"IEAA",,1
"A47f22f49","ORIENTACAO_TCC","Modelagem ambiental da pressão de preconsolidação de solos antropogênicos",2018,"UNIVERSIDADE FEDERAL DO AMAZONAS",,1
"Aaa30f6b9","ORIENTACAO_TCC","ATRIBUTOS QUÍMICOS DO SOLO EM UMA ÁREA DE AGROFLORESTA NA REGIÃO DE HUMAITÁ, AM",2017,"UNIVERSIDADE FEDERAL DO AMAZONAS",,1
"Ab972e83e","ORIENTACAO_TCC","Avaliação do índice de qualidade da água superficial do rio Beem",2017,"iNSTITUO DE EDUCAÇÃO",,1
"A2be6c201","ORIENTACAO_TCC","Avaliação da dinâmica do desmatamento no assentamento Rio Juma no município de Apuí-AM",2017,"iNSTITUO DE EDUCAÇÃO",,1
"Acc806cc1","ORIENTACAO_IC","Diagnóstico do Estado trófico da água superficial no rio Caititu no município de Lábrea-AM",2025,,,1
"A3ea56edf","ORIENTACAO_IC","Avaliação da qualidade da água subterrânea para consumo humano em áreas de influência de lixões",2025,,,1
"A64484cdd","ORIENTACAO_IC","Avaliação da qualidade da água do rio Caxangá no município de Manicoré/AM",2025,,,1
"A1cd9b686","ORIENTACAO_IC","Avaliação da qualidade de corpo hídrico urbano no município de Manicoré-AM",2025,,,1
"Ae137972c","ORIENTACAO_IC","O LICENCIAMENTO AMBIENTAL COMO POLÍTICA PÚBLICA NA MESORREGIÃO SUL DO AMAZONAS: ESTUDO DE CASO",2024,"iNSTITUO DE EDUCAÇÃO",,1
"A4acb8fca","ORIENTACAO_IC","DIAGNÓSTICO DA DISPOSIÇÃO FINAL DE RESÍDUOS SÓLIDOS NA ZONA URBANA DO MUNICÍPIO DE MANICORÉ ? AM",2024,"iNSTITUO DE EDUCAÇÃO",,1
"Aa780cb61","ORIENTACAO_IC","AVALIAÇÃO SAZONAL DA QUALIDADE DA ÁGUA EM POÇOS ARTESIANOS NO DISTRITO DE SANTO ANTÔNIO DO MATUPI EM MANICORÉ-AM",2024,"iNSTITUO DE EDUCAÇÃO",,1
"A34b24e41","ORIENTACAO_IC","AVALIAÇÃO DA QUALIDADE ÁGUA EM POÇOS ATERSIANOS NA CIDADE DE LÁBREA/AM",2024,"iNSTITUO DE EDUCAÇÃO",,1
"A87558e1e","ORIENTACAO_IC","A PERCEPÇÃO DA EDUCAÇÃO AMBIENTAL NAS ESCOLAS DE ENSINO MÉDIO DO MUNICÍPIO DE LÁBREA ? AMAZONAS",2024,"iNSTITUO DE EDUCAÇÃO",,1
"Ace54fa70","ORIENTACAO_IC","O diagnóstico dos indicadores sanitários e ambientais dos bairros: conjunto uruapiara e parque das mangabeiras no município de Humaitá-AM",2022,"Instituto de Educação",,1
"A10599614","ORIENTACAO_IC","AVALIAÇÃO DA QUALIDADE DA ÁGUA NA SUB-BACIA DO RIO CAITITU NO MUNICÍPIO DE LÁBREA - AM",2022,"Instituto de Educação",,1
"Aa6c348dd","ORIENTACAO_IC","A Logística reversa no município de Humaitá: Uma análise emanada das políticas públicas",2021,"Instituto de Educação",,1
"Acc2d8cd4","ORIENTACAO_IC","A GERAÇÃO DE RESÍDUOS DA CONSTRUÇÃO CIVIL NO MUNICÍPIO DE HUMAITÁ: UMA ANÁLISE EMANADA DAS POLÍTICAS PÚBLICAS AMBIENTAIS",2021,"Instituto de Educação",,1
"A6a59a920","ORIENTACAO_IC","A Educação Ambiental na perspectiva dos alunos e professores de ensino médio de uma escola de Ensino Integral ? CETI Humaitá",2021,"Instituto de Educação",,1
"A39a5037d","ORIENTACAO_IC","Análise dos indicadores ambientais relacionados ao saneamento básico em diferentes bairros no município de Humaitá",2020,"Universidade Federal do Amazonas",,1
"Af1a7f954","ORIENTACAO_IC","AVALIAÇÃO DA CONTAMINAÇÃO DE ÁGUAS SUBTERRÂNEAS POR POSTOS DE REVENDAS DE COMBUSTÍVEIS",2019,"Instituto de Educação",,1
"Aeb0b59db","ORIENTACAO_IC","Determinação dos parâmetros físico-químicos da água de abastecimento em diferentes bairros do município de Humaitá - AM",2019,,,1
"Ae9e24fb2","ORIENTACAO_IC","Avaliação de qualidade das águas e Balneabilidade na Sub- Bacia do Rio Caititu no município de Lábrea-AM",2019,,,1
"Ad73a5f8c","ORIENTACAO_IC","AVALIAÇÃO DA QUALIDADE DA ÁGUA PARA ABASTECIMENTO PÚBLICO DO MUNICÍPIO DE LÁBREA/AM: LAGO PRETO",2018,"Instituto de Educação",,1
"Ab56cc087","ORIENTACAO_IC","Variabilidade Espacial da erodibilidade do solo em Terras Pretas Arqueológicas sob cultivo de Pastagem e Floresta",2017,"IEAA",,1
"A0a0666fa","ORIENTACAO_IC","Avaliação do uso e ocupação do solo na qualidade de água na microbacia no Rio Been no município de Humaitá-AM",2017,"IEAA",,1
"A2a6add65","ORIENTACAO_IC","Qualidade Física do solo em Terras Pretas Arqueológicas Transformadas e Naturais",2015,"Universidade Estadual de Campinas",,1
"Ae6c5d80e","ORIENTACAO_IC","Atributos químicos do solo e emissão de CO2 em áreas de Campo Natural/Floresta, Humaita,AM",2015,"UNIVERSIDADE FEDERAL DO AMAZONAS",,1
"A74f6c033","ORIENTACAO_OUTRA","E. S. (Org.) ; SOARES, M. D. R. (Org.) . A Geração de resíduos sólidos da construção civil no município de Humaitá: Uma análise emanada das políticas públicas ambientais. 1. ed. ,",2022,,,1
"A27ba253d","PROJETO_PESQUISA","Avaliação de Cenários sobre a Fragmentação da Paisagem do Bioma Cerrado",2010,"Conselho Nacional de Desenvolvimento Científico e Tecnológico",,1
"A6c08e3de","PROJETO_PESQUISA","Avaliação da Qualidade Ambiental da Bacia Hidrográfica e do Reservatório do Ribeirão João Leite",2010,"Fundação de Amparo a Pesquisa do Estado de Goiás",,1
"A279d2dcf","PROJETO_PESQUISA","Avaliação de Imapctos Ambientais da Expansão Urbana da Região Metropolitana de Goiânia",2010,"Fundação de Amparo a Pesquisa do Estado de Goiás",,1
"A844303a0","PROJETO_PESQUISA","Geoprocessamento Aplicado na Análise da Qualidade Ambiental",2010,"Fundação de Amparo a Pesquisa do Estado de Goiás",,1
"A987c4f4f","PROJETO_PESQUISA","Mapeamento e Caracterização Biofísica de Áreas de Pastagens Cultivadas no Bioma Cerrado",2009,"Conselho Nacional de Desenvolvimento Científico e Tecnológico",,1
"A187aaa21","PROJETO_PESQUISA","Monitoramento Sistemático dos Desmatamentos no Bioma Cerrado",2009,"Conservação Internacional - Cooperação",,1
"A50b71384","PROJETO_PESQUISA","Integração de Informações Espaciais para o Planejamento e Gestão Estratégica do Cerrado - Projeto IPÊ",2005,"Conselho Nacional de Desenvolvimento Científico e Tecnológico",,1
"Aab02fd1e","PROJETO_PESQUISA","Sistema Integrado de Alerta de Desmatamentos para o Estado de Goias (SIAD - GO)",2005,"Governo do Estado de Goiás",,1
"A6140b86d","PROJETO_PESQUISA","Sistema Integrado de Alerta de Desmatamentos para a Amazonia Legal (SIAD - AM)",2004,"Centro Gestor e Operacional do Sistema de Proteção da Amazônia",,1
"A47b4aa43","ARTIGO","Análise espaço-temporal da evolução do uso e cobertura da terra com ocorrência de fogo no estado de Goiás",2026,"Revista Contexto Geográfico","10.28998/contegeo.11i.25.19749",1
"Aa589ab90","ARTIGO","Uso e cobertura do solo e suas implicações na temperatura de superfície utilizando dados Landsat e Mapbiomas na cidade de Rio Verde - GoiásLand use /land cover implications on land surface temperature using Landsat and MapBiomas data in Rio Verde city - G",2026,"Revista Brasileira de Climatologia","10.55761/abclima.v38i22.19591",1
"Ac334b0a7","ARTIGO","Hydrological analyses for drought assessment in the Meia Ponte River basin, southern Goiás State, central Brazil",2026,"Journal of the Geological Survey of Brazil - JGSB",,1
"Af7530bc4","ARTIGO","ANÁLISE DA RECORRÊNCIA DOS IMPACTOS CAUSADOS POR FOGO NO DISTRITO FEDERAL COM USO SIG",2025,"Revista FLAMMAE",,1
"A3e9119a4","ARTIGO","INCÊNDIOS FLORESTAIS: DIAGNÓSTICO E EVOLUÇÕES IMPLEMENTADAS PARA COMBATE, ESPÍRITO SANTO, BRASIL",2025,"Revista FLAMMAE",,1
"A876035cd","ARTIGO","Análise da severidade do fogo no Cerrado - NDVI Ponderado",2025,"REVISTA DE GEOGRAFIA","10.51359/2238-6211.2025.266971",1
"Ac1b66305","ARTIGO","VARIABILIDADE TEMPORAL E ESPACIAL DA EROSIVIDADE DAS CHUVAS NO ESTADO DE GOIÁS SEGUNDO TRÊS MODELOS",2025,"Ravista Geonorte","10.21170/geonorte.2025.v.16.n.55.206.228",1
"A2865072a","ARTIGO","DINÂMICA ESPACIAL E TEMPORAL DO USO E COBERTURA DA TERRA EM COMUNIDADES QUILOMBOLAS DO CERRADO GOIANO",2024,"Ravista Geonorte","10.21170/geonorte.2024.v.15.n.47.18.39",1
"A8be14090","ARTIGO","Análise Temporal do Uso e Cobertura da Terra na Bacia Hidrográfica do Rio Meia Ponte-GO",2023,"GEOCIÊNCIAS (SÃO PAULO. ONLINE)",,1
"A993231f3","ARTIGO","DETERMINAÇÃO DE ÁREAS IMPERMEÁVEIS POR MEIO DE FERRAMENTAS DE GEOPROCESSAMENTO",2022,"GEOCIÊNCIAS (SÃO PAULO. ONLINE)","10.5016/geociencias.v40i04.16169",1
"A589165d3","ARTIGO","Long-Term Landsat-Based Monthly Burned Area Dataset for the Brazilian Biomes Using Deep Learning",2022,"Remote Sensing",,1
"A3a3e22c3","ARTIGO","Spatiotemporal variability of precipitation and surface temperature in the southern mesoregion of amazonas, Brazil, during the occurrence of ENSO",2022,"CIÊNCIA E NATURA","10.5902/2179460x65690",1
"Ac6beecb7","ARTIGO","Fire regime in Goiás - Brazil and Mozambique between 2010 and 2019: frequency, recurrence, and most affected cover classes",2022,"Revista Brasileira de Ciências Ambientais (Online)","10.5327/z2176-94781303",1
"A4b6aa5d1","ARTIGO","A distribuição da rede gravimétrica no Brasil e o desenvolvimento da infraestruturanacional",2021,"REVISTA BRASILEIRA DE GEOMÁTICA","10.3895/rbgeo.v9n1.12680",1
"A4c1e0454","ARTIGO","SIMULAÇÃOHIDROSSEDIMENTOLÓGICADABACIAHIDROGRÁFICAEDORESERVATÓRIODEABASTECIMENTODORIBEIRÃOJOÃOLEITE,UTILIZANDOOMODELOSWAT",2021,"GEOCIÊNCIAS (SÃO PAULO. ONLINE)",,1
"Ad5e9166f","ARTIGO","Landscape quality and soil loss across the simulation of environmental scenarios in the Brazilian savannah",2020,"SOCIEDADE & NATUREZA (UFU. ONLINE)","10.14393/sn-v32-2020-47029",1
"A92d40346","ARTIGO","Pastagens degradadas, uma herança dos imóveis rurais desapropriados para os assentamentos rurais do Cerrado goiano",2020,"Campo.Território","10.14393/rct153508",1
"Ae6bd4d2b","ARTIGO","Evaluation of ionizing radiation as a risk factor for the incidence of breast cancer: long-term analysis after the cesium-137 accident in Goiânia, Brazil. An ecological study",2020,"SAO PAULO MEDICAL JOURNAL","10.1590/1516-3180.2020.0041.r1.04052020",1
"A3f83bc55","ARTIGO","Dinâmica espaço-temporal da extração seletiva de madeiras no estado de Mato Grosso entre 1992 e 2016",2020,"CIÊNCIA FLORESTAL (ONLINE)","10.5902/1980509836802",1
"A273229d2","ARTIGO","CONFLITOS AMBIENTAIS EM SUB-BACIAS HIDROGRÁFICAS COM ASSENTAMENTOS DE REFORMA AGRÁRIA EM GOIÁS",2020,"RP 3 - REVISTA DE PESQUISAS EM POLÍTICAS PÚBLICAS","10.18829/2105",1
"A1ef6f7d2","ARTIGO","Mapping Land Use and Land Cover of Mozambique Using Google Earth Engine Platform",2019,"ANUÁRIO DO INSTITUTO DE GEOCIÊNCIAS (UFRJ. IMPRESSO)","10.11137/2019_1_336_345",1
"A8c12d280","ARTIGO","Análise da pressão antrópica, evapotranspiração e temperatura em áreas especiais no sul da Amazônia brasileira",2019,"REVISTA GEOGRÁFICA VENEZOLANA",,1
"Ade26c11d","ARTIGO","SENSORIAMENTO REMOTO EM ECOLOGIA DA PAISAGEM: ESTADO DA ARTE",2019,"GEOCIÊNCIAS (SÃO PAULO. ONLINE)",,1
"A6f3aed54","ARTIGO","Difficult Access and Poor Productivity: Mammography Screening in Brazil",2019,"Asian Pacific Journal of Cancer Prevention",,1
"A4d62e5b4","ARTIGO","Evolução da Infraestrutura Gravimétrica no Brasil",2018,"GEOCIÊNCIAS (SÃO PAULO. ONLINE)",,1
"A0ede2abc","ARTIGO","Modelagem da Perda Superficial de Solo para Cenários de Agricultura e Pastagem na Região Metropolitana de Goiânia",2018,"RBC. REVISTA BRASILEIRA DE CARTOGRAFIA (ONLINE)","10.14393/rbcv70n4-46513",1
"A944d1fe9","ARTIGO","The Geoid Model of Goiás - MODGEO-GO",2018,"Anuário do Instituto de Geociências - UFRJ","10.11137/2018_3_460_469",1
"A773dc6f3","ARTIGO","Bibliometrics trends in oncoplastic surgery and breast reconstruction from 1980 to 2016",2018,"EUROPEAN JOURNAL OF CANCER","10.1016/s0959-8049(18)30488-x",1
"A5137bca4","ARTIGO","A EXPANSÃO DA IRRIGAÇÃO POR PIVÔS CENTRAIS NO ESTADO DE GOIÁS (1984-2015)",2017,"Boletim Goiano de Geografia","10.5216/bgg.v37i2.49158",1
"A772e0f6c","ARTIGO","Análise evolutiva de processo erosivo acelerado em uma área urbana da cidade de Goiânia",2015,"Revista Monografias Ambientais",,1
"A488e3de2","ARTIGO","Padrões e impactos ambientais da expansão atual do cultivo da cana-de-açúcar: uma proposta para o seu ordenamento no bioma Cerrado",2015,"Ateliê Geográfico (UFG)","10.5216/ag.v9i2.28770",1
"A5dabe77f","ARTIGO","Determinação de locais para obras de proteção de mananciais contra acidentes rodoviários mediante SIG - Microbacia do Ribeirão João Leite, Goiás",2015,"Revista ANTT",,1
"A443428ff","ARTIGO","Avaliação da Expansão do Cultivo da Cana-de-Açúcar no Bioma Cerrado por Meio de Modelagem Dinâmica da Paisagem",2015,"RBC. Revista Brasileira de Cartografia (Online)",,1
"A25a0670f","ARTIGO","Padrões e impactos ambientais da expansão atual do cultivo da cana-de-açúcar: uma proposta para o seu ordenamento no bioma Cerrado",2015,"Ateliê Geográfico (UFG)",,1
"A0fba764c","ARTIGO","Avaliação multitemporal do uso e cobertura do solo da bacia hidrográfica do Ribeirão João Leite utilizando imagens landsat-5",2015,"Revista Brasileira de Ciências Ambientais (Online)","10.5327/z2176-947820159813",1
"Ad2f870b4","ARTIGO","AVALIAÇÃO DA TURBIDEZ EM AMOSTRAS DE ÁGUA TRATADA COLETADAS NOS MUNICÍPIOS DO ESTADO DE GOIÁS",2014,"Revista Monografias Ambientais","10.5902/2236130813526",1
"Ad8300e05","ARTIGO","Análise da vulnerabilidade natural da paisagem em relação aos diferentes níveis de ocupação da bacia hidrográfica do Rio Vermelho, estado de Goiás",2014,"Sociedade & Natureza (UFU. Online)","10.1590/1982-451320140213",1
"A46311e0a","ARTIGO","AVALIAÇÃO DA OCUPAÇÃO E USO DA TERRA NAS BACIAS HIDROGRÁFICAS DA REGIÃO METROPOLITANA DE GOIÂNIA/GO (2010)",2014,"Ateliê Geográfico (UFG)","10.5216/ag.v8i2.32099",1
"A1b944ddd","ARTIGO","Análise comparativa de redes hidrológicas geradas a partir de superfícies hidrologicamente consistentes",2014,"Boletim de Ciências Geodésicas (Online)","10.1590/s1982-21702014000400045",1
"A034e87e6","ARTIGO","Avaliação da qualidade da água para abastecimento no assentamento de reforma agrária Canudos, Estado de Goiás",2014,"Revista Ambiente e Agua",,1
"A5dabeb0d","ARTIGO","MAPEAMENTO DA VEGETAÇÃO NATIVA ORIGINAL EM ÁREAS ANTROPIZADAS NO ESTADO DE GOIÁS E DISTRITO FEDERAL UTILIZANDO GEOESTATÍSTICA",2013,"Boletim Goiano de Geografia (Online)","10.5216/bgg.v33i1.23640",1
"A6aa437cd","ARTIGO","Caracterização Exploratória-Espacial da Bacia Hidrográfica do Ribeirão João Leite/Goiás",2013,"HOLOS Environment (Online)",,1
"Ada051eef","ARTIGO","Padrões de Distribuições Espaciais e Temporais de Temperaturas Associados ao Bioma Cerrado",2011,"Mercator (Fortaleza. Online)","10.4215/rm2011.1021. 0013",1
"Af5398ef7","ARTIGO","ANÁLISE DO TURISMO AMBIENTAL EM MUNICÍPIOS GOIANOS",2011,"Boletim Goiano de Geografia (Online)","10.5216/bgg.v31i1.15404",1
"A57c8def4","ARTIGO","Avaliação das condições das captações de água do assentamento Canudos - Goiás",2011,"Revista da Pesquisa & Pós-Graduação",,1
"Accc47700","ARTIGO","Assessing the response of the MODIS vegetation indices to landscape disturbance in the forested areas of the legal Brazilian Amazon",2010,"International Journal of Remote Sensing (Print)","10.1080/01431160902897817",1
"A7ecc3b84","ARTIGO","Expansão sucroalcooleira no estado de Goiás: uma análise exploratória a partir de dados sócio-econômicos e cartográficos",2010,"Geografia (Rio Claro. Impresso)",,1
"Ac604df9c","ARTIGO","Ativos ambientais do bioma Cerrado: uma análise da cobertura vegetal nativa e sua relação com o preço da terra no Estado Goiás",2009,"RBC. Revista Brasileira de Cartografia",,1
"A85ce0a69","ARTIGO","Avaliação de Modelos Digitais de Elevação para Delimitação Automática de Bacias Hidrográficas",2009,"RBC. Revista Brasileira de Cartografia (Online)",,1
"Afe2216ed","ARTIGO","Dinâmica Agrícola e Desmatamentos em Áreas de Cerrado: Uma Análise a Partir de Dados Censitários e Imagens de Resolução Moderada",2009,"RBC. Revista Brasileira de Cartografia (Online)",,1
"A7b49d688","ARTIGO","Sensoriamento remoto da vegetação: evolução e estado-da-arte",2008,"Acta Scientiarum. Biological Sciences","10.4025/actascibiolsci.v30i4.5868",1
"A91385b2e","ARTIGO","Otimização de medidas de entropia da paisagem como subsídio ao planejamento ambiental - região de Goiânia ? GO",2008,"Boletim Goiano de Geografia",,1
"Ac7dd6e00","ARTIGO","Deforestation Hotspots in the Brazilian Amazon: Evidence and Causes as Assessed from Remote Sensing and Census Data",2007,"Earth Interactions","10.1175/ei201.1",1
"A0a7c8785","ARTIGO","An operational deforestation mapping system using MODIS data and spatial context analysis",2007,"International Journal of Remote Sensing (Print)","10.1080/01431160600835861",1
"Af93d099b","ARTIGO","Sistema de reserva legal extra-propriedade em Goiás: análise de custos e benefícios econômicos e ambientais à escala da paisagem",2007,"Boletim Goiano de Geografia",,1
"A4646f9b2","ARTIGO","Base de dados territoriais necessárias à análise de um sistema de reserva legal extra-propriedade no estado de Goiás",2007,"Boletim Goiano de Geografia",,1
"Ac2870336","ARTIGO","Preço da terra em Goiás: Pressupostos e modelos",2007,"Boletim Goiano de Geografia",,1
"A38582863","ARTIGO","Riscos de desmatamentos e potencial de regeneração da vegetação nativa: Definindo prioridades e estratégias",2007,"Boletim Goiano de Geografia",,1
"A75981353","ARTIGO","Ampliação de ambientes ripários como alternativa às reservas legais: Conciliando política florestal e conservação dos recursos hídricos do bioma cerrado",2007,"Boletim Goiano de Geografia",,1
"A95c534a0","LIVRO","Poesia [CD-ROM] : programa de observação espacial : série várzea amazônica",2007,"ProVárzea",,1
"A0e12d74d","LIVRO","Aplicações e Ferramentas Geotecnológicas para a Gestão Ambiental Urbana",2024,"Editora UnB",,1
"A268a3bef","LIVRO","Aspectos geográficos e ambientais",2020,"CEGRAF",,1
"Ab7d0ad74","LIVRO","Expansão da Fronteira Agrícola e Evolução da Ocupação e Uso do Espaço no Estado de Goiás: Subsídios à Política Ambiental",2008,"Editora UFG",,1
"A08b35af8","LIVRO","Base de Dados Geográficos para a Gestão Territorial e Ambiental do Estado de Goiás",2008,"Editora UFG",,1
"A63038c8e","LIVRO","Cobertura Vegetal Remanescente em Goiás: Distribuição, Viabilidade Ecológica e Monitoramento",2008,"Editora da UFG",,1
"Af94d36a6","LIVRO","Modelagem do Sistema de Informações Geográficas do PROVÁRZEA",2007,"Edições IBAMA",,1
"A3ba596e2","TEXTO_JORNAL","Sistema Integrado de Alerta de Desmatamentos do Estado de Goiás SIAD-GO",2006,"Revista InfoGeo",,1
"A0ce98a1d","TEXTO_JORNAL","O sensor MODIS abordo das plataformas Terra e Aqua: Novas possibilidades com o sensoriamento remoto de alta resolucao temporal, moderada resolucao espacial e de custo zero",2004,"Revista Infogeo",,1
"A4674ba8e","TEXTO_JORNAL","GEO Fiscalizando o Desmatamento",1999,"Revista Infogeo",,1
"Abb0c007f","CONGRESSO_COMPLETO","MAPEAMENTO DA SENSIBILIDADE AMBIENTAL DA ÁREA URBANA DO MUNICÍPIO DE PIRENÓPOLIS-GO",2023,"XX-SBSR - Simpósio Brasileiro de Sensoriamento Remoto",,1
"A29b6a0f1","CONGRESSO_COMPLETO","ANÁLISE DE SENSIBILIDADE AMBIENTAL DO MUNICÍPIO DE ÁGUAS LINDAS-GO",2023,"XX-SBSR - Simpósio Brasileiro de Sensoriamento Remoto",,1
"A7dd7ad53","CONGRESSO_COMPLETO","MAPEAMENTO DE CAMPOS DE MURUNDUS NO ESTADO DE GOIÁS",2023,"XX-SBSR - Simpósio Brasileiro de Sensoriamento Remoto",,1
"A5c224e9d","CONGRESSO_COMPLETO","DINÂMICA DO USO E OCUPAÇÃO DO SOLO DA BACIA HIDROGRÁFICA DO RIO MEIA PONTE: UMA ANÁLISE TEMPORAL DE 1987-2017",2021,"Congresso Nacional de Saneamento da ASSEMAE, 50º",,1
"A29412a1d","CONGRESSO_COMPLETO","GRIDS INSPECTION: UMA FERRAMENTA DESTINADA À INSPEÇÃO VISUAL DE GRIDS EM SÉRIES HISTÓRICAS DE IMAGENS DE SENSORIAMENTO REMOTO",2019,"XIX Simpósio Brasileiro de Sensoriamento Remoto",,1
"Ac17123ad","CONGRESSO_COMPLETO","AVALIAÇÃO DE SÉRIES TEMPORAIS PLUVIOMÉTRICAS DE ALTA RESOLUÇÃO NA REGIÃO METROPOLITANA DE GOIÂNIA E NO ESTADO DE GOIÁS",2019,"XIX Simpósio Brasileiro de Sensoriamento Remoto",,1
"A2d057731","CONGRESSO_COMPLETO","ANÁLISE DE CORRELAÇÃO DA UMIDADE DOS SOLOS & ÍNDICE DE VIGOR DOS PASTOS (PVI) NOS BIOMAS BRASILEIROS",2019,"XIX Simpósio Brasileiro de Sensoriamento Remoto",,1
"A3314310d","CONGRESSO_COMPLETO","PLANEJAMENTO URBANO SOB A ÓTICA INTEGRADA DOS RECURSOS HÍDRICOS E DO SANEAMENTO - PERSPECTIVAS FUTURAS PARA A REGIÃOMETROPOLITANA DE GOIÂNIA",2018,"48o Congresso Nacional de Saneamento da ASSEMAE",,1
"A5e1f451b","CONGRESSO_COMPLETO","A expansão da irrigação por pivôs centrais em áreas de captação para abastecimento público no estado de Goiás",2017,"Simpósio Brasileiro de Sensoriamento Remoto - SBSR-2017",,1
"Aff5ba487","CONGRESSO_COMPLETO","Análise exploratória-espacial do município de Santo Antônio de Goiás - Go",2017,"XVIII Simpósio Brasileiro de Sensoriamento Remoto",,1
"Adddee979","CONGRESSO_COMPLETO","Avaliação de séries temporais pluviométricas nas microbacias de abastecimento público no estado de Goiás",2017,"XVIII Simpósio Brasileiro de Sensoriamento Remoto",,1
"Ab123b708","CONGRESSO_COMPLETO","Mapeamento da Vulnerabilidade Ambiental da Região Metropolitana de Goiânia",2017,"XVIII Simpósio Brasileiro de Sensoriamento Remoto",,1
"Ac3cb31bc","CONGRESSO_COMPLETO","Simulação de cenários de perda do solo por erosão laminar na região metropolitana de Goiânia.",2017,"XVIII Simpósio Brasileiro de Sensoriamento Remoto",,1
"Add821815","CONGRESSO_COMPLETO","Análise da variação da concentração de cloro residual livre nas águas distribuídas em cidade do estado de Goiás",2016,"XXXV Congreso Interamericano de Ingeniería Sanitaria y Ambiental e 59º Congreso Internacional Agua, Saneamiento, Ambiente y Energías Renovables,",,1
"Ae5acd4c4","CONGRESSO_COMPLETO","Management Assessment of Municipal Solid Waste Landfill in Goiânia County, Goiás State, Brazil, using Landfill Quality Index - IQA.",2016,"59° Congreso Internacional del Agua, Saneamiento, Ambiente y Energías Renovables, y el XXXV Congreso Interamericano de Ingeniería Sanitaria y Ambienta",,1
"Aa4c94e1b","CONGRESSO_COMPLETO","DESAFIOS PARA GESTÃO DE RECURSOS HÍDRICOS NA BACIA HIDROGRAFICA DOS RIOS TURVO E DOS BOIS NOS MUNICÍPIOS DA REGIÃO METROPOLITANA DE GOIÂNIA",2016,"XIV Encontro Nacional de Estudantes de Engenharia Ambiental",,1
"A068e0f39","CONGRESSO_COMPLETO","Proposição de Mapa de Qualidade Iônica da Água para Regiões Metropolitanas: Estudo de Caso Senador Canedo",2015,"26.o Encontro Técnico AESabesp - Congresso Nacional de Saneamento e Meio Ambiente",,1
"A5cd894bd","CONGRESSO_COMPLETO","ANÁLISE DO USO E COBERTURA DO SOLO DA MICROBACIA DO CÓRREGO DOS MACACOS NOS MUNICÍPIOS DE TEREZÓPOLIS DE GOIÁS E GOIANÁPOLIS - GOIÁS",2015,"XXI Simpósio Brasileiro de Recursos Hídricos",,1
"Af79b1ced","CONGRESSO_COMPLETO","DIAGNÓSTICO PRELIMINAR DA QUALIDADE AMBIENTAL DE TRECHOS DE QUATRO RIOS DE ABASTECIMENTO PÚBLICO DA REGIÃO METROPOLITANA DE GOIÂNIA/GO",2015,"XXI Simpósio Brasileiro de Recursos Hídricos",,1
"Af8091af5","CONGRESSO_COMPLETO","AVALIAÇÃO DE DADOS PLUVIOMÉTRICOS OBTIDOS PELO SENSOR TRMM E ESTAÇÕES PLUVIOMÉTRICAS NO ESTADO DE GOIÁS PARA O ANO DE 2012",2014,"XI Congresso Nacional de Meio Ambiente",,1
"Ad2d21c0f","CONGRESSO_COMPLETO","MAPEAMENTO DA SOJA E MILHO NO ESTADO DE GOIÁS COM IMAGENS DE SENSORES REMOTOS ORBITAIS PARA APOIO AO GERENCIAMENTO DE RECURSOS HÍDRICOS.",2014,"XI Congresso Nacional de Meio Ambiente",,1
"Ab9521c13","CONGRESSO_COMPLETO","AVALIAÇÃO MULTITEMPORAL DO USO DO SOLO DAS BACIAS DE CAPTAÇÃO DE ÁGUA PARA ABASTECIMENTO PÚBLICO NA REGIÃO METROPOLITANA DE GOIÂNIA",2014,"XI Congresso Nacional de Meio Ambiente",,1
"A14b49fc7","CONGRESSO_COMPLETO","ANÁLISE COMPARATIVA DE REDES HIDROLÓGICAS GERADAS A PARTIR DE SUPERFÍCIES HIDROLOGICAMENTE CONSISTENTES",2014,"XI Congresso Nacional de Meio Ambiente",,1
"Ab4b72d69","CONGRESSO_COMPLETO","SELEÇÃO PRELIMINAR DE ÁREAS PARA INSTALAÇÃO DE ATERROS SANITÁRIOS NA REGIÃO METROPOLITANA DE GOIÂNIA",2014,"XI Congresso Nacional de Meio Ambiente",,1
"A5375fa6c","CONGRESSO_COMPLETO","TEMPERATURA DE SUPERFÍCIE E EXPANSÃO URBANA NA REGIÃO METROPOLITANA DE GOIÂNIA - GO",2014,"XI Congresso Nacional de Meio Ambiente",,1
"Ae6216a27","CONGRESSO_COMPLETO","AVALIAÇÃO DO USO E COBERTURA DO SOLO DA BACIA HIDROGRÁFICA DO RIBEIRÃO JOÃO LEITE",2013,"Simpósio Brasileiro de Recursos Hídricos",,1
"A2d6cf74b","CONGRESSO_COMPLETO","MAPEAMENTO GEOMORFOMÉTRICO DA BACIA HIDROGRÁFICA DORIBEIRÃO JOÃO LEITE - GO, UTILIZANDO SOFTWARE LIVRE",2013,"SIMPÓSIO BRASILEIRO DE RECURSOS HÍDRICOS",,1
"A0e941be5","CONGRESSO_COMPLETO","ANÁLISE EXPLORATÓRIA DA PLUVIOMETRIA OBTIDA PELA MISSÃO TRMM NO BIOMA CERRADO",2013,"Simpósio Brasileiro de Recursos Hídricos",,1
"A0dbe4270","CONGRESSO_COMPLETO","AVALIAÇÃO DA EXPANSÃO DO CULTIVO DA CANA-DE-AÇÚCAR NO BIOMA CERRADO E SEUS IMPACTOS SOBRE USO DO SOLO E RECURSOS HÍDRICOS",2013,"XX Simpósio Brasileiro de Recursos Hídricos",,1
"A6e064ad7","CONGRESSO_COMPLETO","Utilização de SIG para a seleção de parcelas agrícolas para reutilização de águas residuárias tratadas na região da Cova da Beira",2012,"15. Encontro de Engenharia Sanitária e Ambiental (ENaSB)",,1
"A60c4b2cc","CONGRESSO_COMPLETO","Análise do Passivo Ambiental do Município de Trindade-GO Através da Utilização de Imagens CBERS 2B HRC/CCD e Landsat-TM",2011,"XV Simpósio Brasileiro de Sensoriamento Remoto",,1
"Af6ae8c49","CONGRESSO_COMPLETO","Avaliação da Impermeabilização do Solo na Área Urbana em Goiânia",2011,"XV Simpósio Brasileiro de Sensoriamento Remoto",,1
"Ac7cac672","CONGRESSO_COMPLETO","Avaliação da ocupação antrópica em relação à legislação ambiental na macrozona rural do ribeirão João Leite, município de Goiânia ? GO",2011,"XV Simpósio Brasileiro de Sensoriamento Remoto",,1
"Abb1bc935","CONGRESSO_COMPLETO","Avaliação do Passivo Ambiental do Município de Goiânia Utilizando Imagens de Alta Resolução Espacial",2011,"XV Simpósio Brasileiro de Sensoriamento Remoto",,1
"A61ecc958","CONGRESSO_COMPLETO","Distribuição espacial da temperatura de superfície no bioma cerrado: uma análise a partir de dados orbitais de resolução moderada, para o período de 2003 a 2008",2011,"XV Simpósio Brasileiro de Sensoriamento Remoto",,1
"A652752e2","CONGRESSO_COMPLETO","Geoprocessamento aplicado na análise temporal da expansão da área ocupada pela cana-de-açúcar no município de Santa Helena de Goiás - GO entre 2005 e 2007",2011,"XV Simpósio Brasileiro de Sensoriamento Remoto",,1
"A74938e3b","CONGRESSO_COMPLETO","A Protocol for Expedite and Effective Retrieval of Land Conversion Information in Savanna Environments",2011,"2011 IEEE International Geoscience & Remote Sensing Symposium",,1
"Aec2750e7","CONGRESSO_COMPLETO","Assessing Deforestation Related Carbon Emission in the Brazilian Savanna Based on Moderate Resolution Imagery",2011,"2011 IEEE International Geoscience & Remote Sensing Symposium",,1
"A184f4027","CONGRESSO_COMPLETO","Avaliação da Qualidade Ambiental das Bacias Hidrográficas da Região Metropolitana de Goiânia",2011,"XIX Simpósio Brasileiro de Recursos Hídricos",,1
"Ad82fc40e","CONGRESSO_COMPLETO","Avaliação da Qualidade de Modelos Digitais de Elevação para Delineamento Automático de Bacias Hidrográficas no Município de Goiânia-GO",2011,"XIX Simpósio Brasileiro de Recursos Hídricos",,1
"A0f3e2e12","CONGRESSO_COMPLETO","Avaliação das Condições das Captações de Água do Assentamento Canudos - Goiás",2011,"XIX Símpósio Brasileiro dos Recursos Hídricos",,1
"Aa9c04f8e","CONGRESSO_COMPLETO","Avaliação Ambiental Integrada de Recursos Hídricos sob a Perspectiva de Gênero: Estudo de Caso do Projeto de Assentamento Canudos em Goiás",2011,"XIX Simpósio Brasileiro de Recursos Hídricos",,1
"A6e535083","CONGRESSO_COMPLETO","Avaliação de Imagens Orbitais para o Mapeamento de Áreas Urbanas Impermeabilizadas",2011,"XIX Simpósio Brasileiro de Recursos Hídricos",,1
"A6ab2e822","CONGRESSO_COMPLETO","Análise Multitemporal para o Monitoramento Ambiental de Drenagens Urbanas nos Municípios de Goiânia e Aparecida de Goiânia-GO",2011,"XIX Simpósio Brasileiro de Recursos Hídricos",,1
"A32926de3","CONGRESSO_COMPLETO","Revisão e Detalhamento da Carta de Risco do Município de Goiânia",2009,"XIV Simpósio Brasileiro de Sensoriamento Remoto",,1
"A3cc14ccd","CONGRESSO_COMPLETO","Elaboração do Zoneamento Ecológico-Econômico do Município de Goiânia",2009,"XIV Simpósio Brasileiro de Sensoriamento Remoto",,1
"Aee421421","CONGRESSO_COMPLETO","Avaliação da Exatidão Cartográfica da Ortoimagem Quickbird e da Ortofoto Digital do Município de Goiânia",2009,"XIV Simpósio Brasileiro de Sensoriamento Remoto",,1
"A103f41e5","CONGRESSO_COMPLETO","Proposta metodológica para elaboração de mapa de tendência de uso da terra no Vão do Paranã, Goiás, baseada em condicionantes ambientais e sócio-econômicos",2009,"XIV Simpósio Brasileiro de Sensoriamento Remoto",,1
"Ac4ee2072","CONGRESSO_COMPLETO","Cerrado Online: Plataforma de Distribuição de Informações Geográficas Produzidas pelo Programa de Monitoramento de Desmatamentos do Bioma Cerrado",2009,"XIV Simpósio Brasileiro de Sensoriamento Remoto",,1
"Aff908508","CONGRESSO_COMPLETO","Expansão da Cana-de-Açúcar no Bioma Cerrado: Uma analise a partir da modelagem perceptiva de dados cartográficos e orbitais",2009,"XIV Simpósio Brasileiro de Sensoriamento Remoto",,1
"Ad4e3d8c0","CONGRESSO_COMPLETO","Atlas do Projeto de Manejo dos Recursos Naturais da Várzea",2009,"XIV Simpósio Brasileiro de Sensoriamento Remoto",,1
"A05f59fda","CONGRESSO_COMPLETO","Distribuição Espacial dos Dados de Alertas de Desmatamentos do Bioma Cerrado para o Período 2003-2007",2009,"XIV Simpósio Brasileiro de Sensoriamento Remoto",,1
"Ae13edd7e","CONGRESSO_COMPLETO","Geoprocessamento aplicado na identificação de áreas com lançamentos clandestinos de resíduos da construção civil no município de Goiânia",2009,"XIV Simpósio Brasileiro de Sensoriamento Remoto",,1
"A80599594","CONGRESSO_COMPLETO","Distribuição Espacial de Temperaturas de Superfície - LST e sua Co-Relação com o Uso da Terra para o Bioma Cerrado",2009,"XIV Simpósio Brasileiro de Sensoriamento Remoto",,1
"A3fdb6e0c","CONGRESSO_COMPLETO","A identificação do Potencial Turístico das Áreas Prioritária para a Conservação da Biodiversidade em Goiás",2009,"XIV Simpósio Brasileiro de Sensoriamento Remoto",,1
"Ad1a847c8","CONGRESSO_COMPLETO","Preço da Terra e Remanescentes do Bioma Cerrado: Uma Análise Integrada para o Estado de Goiás",2008,"V Encontro Nacional da Anppas",,1
"A2d8e0d26","CONGRESSO_COMPLETO","Mapeamento e análise dos desmatamentos no bioma Cerrado para o período 2004-2005",2008,"IX Simpósio Nacional Cerrado e II Simpósio Internacional Savanas Tropicais",,1
"Ae90a287e","CONGRESSO_COMPLETO","Desmatamentos no bioma Cerrado: uma análise temporal (2001-2005) com base nos dados MODIS (Aceito para apresentação oral)",2007,"XIII Simpósio Brasileiro de Sensoriamento Remoto",,1
"A250d37c2","CONGRESSO_COMPLETO","Physical Basis Supporting Land Conversion in the Brazilian Savanna Areas (accepted for Oral Presentation at IGARSS 2007)",2007,"International Geosciense and Remote Sensing Symposium",,1
"Af33e124a","CONGRESSO_COMPLETO","Land Conversion in the Amazon Forest: Assessing Anthropogenic Causes and Ecological Impacts (accepted for Oral Presentation at IGARSS 2007)",2007,"International Geoscience and Remote Sensing Symposium",,1
"A855c46a8","CONGRESSO_COMPLETO","Proposta metodológica para a definição de traçados alternativos de trilhas no Parque Estadual de Terra Ronca (GO) a partir de rotinas de apoio à decisão em Sistemas de Informações Geográficas",2007,"XIII Simpósio Brasileiro de Sensoriamento Remoto",,1
"A66f6eb6b","CONGRESSO_COMPLETO","Sistema de disponibilização de informações geográficas do estado de Goiás na Internet",2007,"XIII Simpósio Brasileiro de Sensoriamento Remoto",,1
"Ab494078b","CONGRESSO_COMPLETO","Critérios para setorização e espacialização de dados pesqueiros na região de Parintins - AM e Santarém - PA",2007,"XIII Simpósio Brasileiro de Sensoriamento Remoto",,1
"A8f3dc514","CONGRESSO_COMPLETO","Estratégia de espacialização de dados de estatística pesqueira para integração em um sistema de informações geográficas",2007,"XIII Simpósio Brasileiro de Sensoriamento Remoto",,1
"A1cf32c52","CONGRESSO_COMPLETO","Discriminação sazonal de classes de cobertura da terra em Goiás a partir de imagens MODIS índices de vegetação",2007,"XIII Simpósio Brasileiro de Sensoriamento Remoto",,1
"Ad28239cc","CONGRESSO_COMPLETO","Banco de Dados do Mapeamento das Ameaças Múltiplas para Atendimentos à Emergências",2007,"XIII Simpósio Brasileiro de Sensoriamento Remoto",,1
"A8394b0e7","CONGRESSO_COMPLETO","Base de dados espaciais para o monitoramento biofísico-ambiental do bioma Cerrado",2007,"XIII Simpósio Brasileiro de Sensoriamento Remoto",,1
"A20a3e57b","CONGRESSO_COMPLETO","Causas e Efeitos dos Desmatamentos na Amazônia: Uma análise a partir de dados orbitais, cartográficos e censitários",2007,"XIII Simpósio Brasileiro de Sensoriamento Remoto",,1
"A23380dfa","CONGRESSO_COMPLETO","Avaliação da Exatidão Cartográfica da Ortofoto Digital do Município de Goiânia - GO",2007,"II Simpósio Brasileiro de Geomática e V Colóquio Brasileiro de Ciências Geodésicas",,1
"Aaf2aa9c7","CONGRESSO_COMPLETO","A Comparative Analysis on the Response of the MODIS Vegetation Indices to Land Conversion in the Amazon Forest",2006,"International Geoscience and Remote Sensing Symposium",,1
"A092518ab","CONGRESSO_COMPLETO","Um Modelo de Sistema de Informação Geográfica para os Dados de Desembraque Pesqueiro no Baixo Amazonas (Parintins-AM e Santarém-PA)",2005,"XVI Encontro Brasileiro de Ictiologia",,1
"A4f09ec30","CONGRESSO_COMPLETO","Transferência de Informações Ambientais Geograficamente Referenciadas no Estado de Goiás: Subsídio à Gestão Territorial e Ambiental Integrada e Democrática",2005,"XII Simpósio Brasileiro de Sensoriamento Remoto",,1
"A07781189","CONGRESSO_COMPLETO","Distribuição espacial e temporal de nuvens e sombras na Região Amazônica: Uma análise a partir dos metadados do produto MOD13A2",2005,"XII Simpósio Brasileiro de Sensoriamento Remoto",,1
"Aedc1372b","CONGRESSO_COMPLETO","Verificação preliminar do sinergismo entre dados ópticos de resolução moderada (MODIS) e dados SAR aerotransportados (SIPAM) para o monitoramento da cobertura vegetal na região Amazônica",2005,"XII Simpósio Brasileiro de Sensoriamento Remoto",,1
"A263a59c9","CONGRESSO_COMPLETO","Análise de vetores de crescimento para a quantificação das transformações urbanas no município de Goiânia",2005,"XII Simpósio Brasileiro de Sensoriamento Remoto",,1
"A80ba9b1c","CONGRESSO_COMPLETO","A Comparative Analysis of Different Mapping Approaches and Strategies",2005,"International Geoscience and Remote Sensing Symposium",,1
"A61d8bee7","CONGRESSO_COMPLETO","Elaboração de Mapa de Tendência do Desmatamento ? Município De Buritis (RO)",2004,"XV Reunião Brasileira de Manejo e Conservação do Solo e da Água",,1
"A69083a6f","CONGRESSO_COMPLETO","Evaluation of MODIS vegetation indices and change thresholds for the monitoring of the Brazilian Cerrado",2004,"International Geoscience and Remote Sensing Symposium",,1
"A7237b134","CONGRESSO_COMPLETO","Sistema Integrado de Alerta de Desmatamentos (SIAD) para o Bioma Cerrado: Uma Nova Abordagem para o Monitoramento Sistemático e Efetivo da Região",2004,"10º Simpósio Ambientalista Brasileiro no Cerrado",,1
"Acdd23a85","CONGRESSO_COMPLETO","Possibilidades dos Produtos MODIS no Monitoramento Agrícola e Ambiental no Estado de Goiás",2003,"GIS-BRASIL 2003",,1
"A063a4e1e","CONGRESSO_COMPLETO","Sistema Integrado de Monitoramento de Fogo Multi-Satélite - SIMM-FIRE",2003,"Simpósio Brasileiro de Sensoriamento Remoto",,1
"A6fd21219","CONGRESSO_COMPLETO","POESIA - Programa de Observação Espacial",2000,"GIS-BRASIL 2000",,1
"Af3ac74a3","CONGRESSO_COMPLETO","GEO - Fiscalizando o Desmatamento",1999,"GEO - Fiscalizando o Desmatamento",,1
"A66c7f50e","CONGRESSO_COMPLETO","Reserva extrativista do rio ouro preto-RO : construção de um sistema de informações geográficas",1999,"XIX CONGRESSO BRASILEIRO DE CARTOGRAFIA -SBC",,1
"A85b1bf2c","CONGRESSO_COMPLETO","Workshop SIVAM",1999,"Workshop do projeto SIVAM/SIPAM",,1
"A8f11331b","CONGRESSO_COMPLETO","Distribuição de Imagens de Satélites no Brasil",1998,"GIS Brasil 98",,1
"A06178795","CONGRESSO_COMPLETO","O sistema Ambiental-SIG",1998,"GIS BRASIL 98",,1
"A180d6656","CONGRESSO_COMPLETO","Sistema de Informações Geográficas do Centro de Sensoriamento Remoto do IBAMA",1996,"GeoDigital'96",,1
"A9f8e404e","CONGRESSO_COMPLETO","Reflexões sobre o uso e a aplicação do termo SIG",1996,"GeoDigital'96",,1
"A0f6cf19d","CONGRESSO_COMPLETO","Desenvolvimento de um Sistema de Mapeamento Digital",1991,"III Congresso de Iniciação Científica da UNESP",,1
"Abd949df5","CONGRESSO_COMPLETO","Pré-Análise de Redes Geodésicas Utilizando o Método Direto",1990,"II Congresso de Iniciação Científica da UNESP",,1
"A22d1a462","CONGRESSO_COMPLETO","Otimização de Redes Geodésicas e Topográficas",1989,"XIV Congresso Brasileiro de Cartografia",,1
"Acf3d8d58","CONGRESSO_COMPLETO","Implantação de um Sistema de Cartografia Automatizado",1989,"I Congresso de Iniciação Científica da UNESP",,1
"A8ede7853","CONGRESSO_COMPLETO","Implantação de um Pacote de Programas para Ajustamento de Observações",1989,"I Congresso de Iniciação Científica da UNESP",,1
"A86024cb5","CONGRESSO_COMPLETO","Digitalização Utilizando Coordenatógrafo de Precisão",1988,"V ENECART - Encontro Nacional de Engenheiros Cartógrafos",,1
"A9db923f0","CONGRESSO_COMPLETO","Pré-Análises em Redes Geodésicas",1988,"V ENECART - Encontro Nacional de Engenheiros Cartógrafos",,1
"A84522610","CONGRESSO_COMPLETO","Orientação Relativa Semi-Analítica",1988,"XIV Congresso Brasileiro de Cartografia",,1
"A78e059e9","CONGRESSO_RESUMO_EXP","A QUESTÃO DA ESCALA CARTOGRÁFICA NA SELEÇÃO DE ÁREAS PARA IMPLANTAÇÃO DE ATERROS SANITÁRIOS",2022,"50º Congresso Nacional de Saneamento da ASSEMAE",,1
"A2ec21774","CONGRESSO_RESUMO_EXP","OCORRÊNCIA DE FOCOS DE CALOR, NOS ÚLTIMOS 10 ANOS, EM UNIDADES DE CONSERVAÇÃO, TERRITÓRIOS DE POPULAÇÕES TRADICIONAIS E BACIAS DE CAPTAÇÃO PARA ABASTECIMENTO MUNICIPAL NO ESTADO DE GOIÁS",2022,"50º Congresso Nacional de Saneamento da ASSEMAE",,1
"A104e3105","CONGRESSO_RESUMO_EXP","Sistema Automático de Detecção de Desmatamentos para o Estado de Goiás a partir de Imagens Índices de Vegetação MODIS",2005,"XII Simpósio Brasileiro de Sensoriamento Remoto",,1
"A761f773b","CONGRESSO_RESUMO","AVALIAÇÃO DE PROCESSOS EROSIVOS SEVEROS NO MUNICÍPIO DE CRISTALINA-GO, POR MEIO DE AEROFOTOGRAMETRIA POR VEÍCULO AÉREO NÃO TRIPULADO",2023,"51 Congresso Nacional de Saneamento da Assemae",,1
"Ab60f83f0","CONGRESSO_RESUMO","ELABORAÇÃO DA CARTA DE RISCO AMBIENTAL DO MUNICÍPIO DE ALTO HORIZONTE-GO",2023,"51 Congresso Nacional de Saneamento da Assemae",,1
"A6e006961","CONGRESSO_RESUMO","MAPEAMENTO DA VULNERABILIDADE AMBIENTAL DO MUNICÍPIO DE AFOGADOS DA INGAZEIRA-PE",2023,"51 Congresso Nacional de Saneamento da Assemae",,1
"A95a9526a","CONGRESSO_RESUMO","PROPOSIÇÃO DE UM MOSAICO DE UNIDADES DE CONSERVAÇÃO NO MUNICÍPIO DE SENADOR CANEDO-GO",2023,"51 Congresso Nacional de Saneamento da Assemae",,1
"Aa3e12b1d","CONGRESSO_RESUMO","SELEÇÃO DE ÁREAS PARA IMPLANTAÇÃO DE ATERRO SANITÁRIO NO MUNICÍPIO DE GOIATUBA - GO",2023,"51 Congresso Nacional de Saneamento da Assemae",,1
"A6b6f5113","CONGRESSO_RESUMO","ZONEAMENTO AMBIENTAL DO MUNICÍPIO DE QUIRINÓPOLIS-GO",2023,"51 Congresso Nacional de Saneamento da Assemae",,1
"Af0a293dd","CONGRESSO_RESUMO","ANÁLISE ESPACIAL DA OCORRÊNCIA E POTENCIAL DE PROPAGAÇÃO DE INCÊNDIOS FLORESTAIS NO TERRITÓRIO QUILOMBOLA KALUNGA",2023,"51 Congresso Nacional de Saneamento da Assemae",,1
"A8f2eecb6","CONGRESSO_RESUMO","MODELAGEM COMPUTACIONAL DE ESPALHAMENTO DE INCÊNDIOS FLORESTAIS NO TERRITÓRIO QUILOMBOLA KALUNGA",2023,"51 Congresso Nacional de Saneamento da Assemae",,1
"A0fc506d8","CONGRESSO_RESUMO","ESTIMATION OF EXPOSURE TO GAMMA RADIATION OUTDOORS IN THE CITY OF GOIÂNIA - 28 YEARS AFTER THE RADIOLOGICAL ACCIDENT AS CESIUM 137",2017,"GBCS - Goiania Breast Cancer Symposium 2017",,1
"A09fe433b","APRESENTACAO","Cidades Inteligentes e Inteligência Artificial",2024,,,1
"A0915486c","APRESENTACAO","Proposição de Mapa de Qualidade Iônica da Água para Regiões Metropolitanas: Estudo de Caso Senador Canedo",2015,,,1
"Abc2b47e4","APRESENTACAO","Assessing Deforestation Related Carbon Emission in the Brazilian Savanna Based on Moderate Resolution Imagery",2011,,,1
"A12586319","APRESENTACAO","Monitoring Savanna Ecosystems Based on Moderate Resolution Imagery",2010,,,1
"Aafda580f","APRESENTACAO","Avaliação da Exatidão Cartográfica da Ortoimagem Quickbird e da Ortofoto Digital do Município de Goiânia",2009,,,1
"A78a6161f","APRESENTACAO","Revisão e Detalhamento da Carta de Risco do Município de Goiânia",2009,,,1
"A22a7ad9e","APRESENTACAO","Elaboração do Zoneamento Ecológico-Econômico do Município de Goiânia",2009,,,1
"A9edcdbca","APRESENTACAO","Preservação do Cerrado: dos Saberes tradicionais ao conhecimento científico",2009,,,1
"A3bea85cc","APRESENTACAO","Organização e representação profissional do Tecnólogo em Geoprocessamento",2009,,,1
"A1e7db3ab","APRESENTACAO","As Oportunidades Acadêmicas do Tecnólogo em Geoprocessamento",2009,,,1
"A92070aa4","APRESENTACAO","O Mercado de Trabalho para o Tecnólogo em Geoprocessamento",2009,,,1
"A834e7da3","APRESENTACAO","Disponibilização da Base de Dados Geográficos do Projeto ProVárzea",2008,,,1
"Ab843b760","APRESENTACAO","Assessing the Response of the MODIS Vegetation Indices to Landscape Disturbance in the Forested Areas of the Legal Brazilian Amazon",2008,,,1
"Ad2eb45c2","APRESENTACAO","Tendências do Geoprocessamento",2008,,,1
"A996cb9b1","APRESENTACAO","Mesa-Redonda - Geografia de Goiás: (re)conhecento este espaço",2008,,,1
"A87a6cb52","APRESENTACAO","Cenários propostos e diretrizes delineadas para o ZEE - Goiânia - subsídios ao debate (Debatedor do tema)",2008,,,1
"A82bd5bcf","APRESENTACAO","As ferramentas de Geoprocessamento aplicadas na proposição dos cenários do ZEE-Goiânia",2008,,,1
"Af3b704cc","APRESENTACAO","Land Conversion in the Amazon Forest: Assessing Anthropogenic Causes and Ecological Impacts",2007,,,1
"A0adf385d","APRESENTACAO","Causas e Efeitos dos Desmatamentos na Amazônia: Uma análise a partir de dados orbitais, cartográficos e censitários",2007,,,1
"A6eeae3e1","APRESENTACAO","Mesa-Redonda: Mudanças Climáticas Globais, Impactos Locais, Cenários e Alternativas para o Bioma Cerrados",2007,,,1
"A3fb85994","APRESENTACAO","Modelagem do Sistema de Informações Geográficas do ProVárzea",2007,,,1
"A1a64e453","APRESENTACAO","Geotecnologia Aplicadas ao Monitoramento da Expansão Sucroalcooleira",2007,,,1
"A90092d86","APRESENTACAO","Mini-curso: Espacialização de dados sócio-econômicos",2006,,,1
"Ab7becb17","APRESENTACAO","Monitoramento por Satélite do Bioma Cerrado: Possibilidades, Estratégias e Implicações para a Agricultura no Estado de Goiás",2006,,,1
"Ab158b3b4","APRESENTACAO","Transferência de Informações Ambientais Geograficamente Referenciadas no Estado de Goiás: Subsídio à Gestão Territorial e Ambiental Integrada e Democrática",2005,,,1
"Af015ea43","APRESENTACAO","Distribuição espacial e temporal de nuvens e sombras na Região Amazônica: Uma análise a partir dos metadados do produto MOD13A2",2005,,,1
"A97f5a0b3","APRESENTACAO","Gestão Territorial e Ambiental do Bioma Cerrado",2005,,,1
"Aea45cdb2","APRESENTACAO","Curso: Sistema Integrado de Alerta de Desmatamentos (SIAD): para o Bioma Cerrado: Uma Abordagem para o Monitoramento Sistemático e Efetivo da Região",2004,,,1
"A321d450b","APRESENTACAO","GIS BRASIL 2000 - 6o Show de Geotecnologias",2000,,,1
"Acadacd04","OUTRA_PRODUCAO","Atlas da Várzea: Amazônia Brasil",2007,,,1
"Ab55a12fa","OUTRA_PRODUCAO","Modelo Conceitual, Lógico e Físico de um Sistema para o Monitoramento Integrado e Sistemático da Floresta Amazônica a partir da Análise de Produtos de Sensoriamento Remoto, Dados Censitários e Cartográficos",2006,,,1
"A68758410","OUTRA_PRODUCAO","Desenvolvimento de um Sistema de Mono-Restituição Auxiliado por Computador 1997 (Dissertação de Mestrado)",1997,,,1
"A26e47bc6","BANCA_MESTRADO","ANÁLISE DA SEVERIDADE DO FOGO NO BIOMA CERRADO",2025,"Universidade Federal de Goiás",,1
"A7418b3da","BANCA_MESTRADO","Avaliação da Ocorrência do Fogo na Bacia do Rio Araguaia e sua Relação com a Degradação dos Campos Úmidos",2024,"Universidade Federal de Goiás",,1
"Adcbb421e","BANCA_MESTRADO","Potencial de recuperação de pastagens degradadas do estado de Goiás segundo declividade e tipos de solo",2024,"Universidade Federal de Goiás",,1
"Ad4e935d1","BANCA_MESTRADO","Mapeamento supervisionado de áreas irrigadas por pivôs usando imagens cbers para fins da análise de outorga",2023,"Universidade Federal de Uberlândia",,1
"Ac637fa1f","BANCA_MESTRADO","Influência de comunidades quilombolas na conservação do Cerrado",2023,"Universidade Federal de Goiás",,1
"A53d4eeeb","BANCA_MESTRADO","A governança da água na Bacia Hidrográfica do Rio Paranaíba",2019,"Universidade Federal de Goiás",,1
"A4fe705e1","BANCA_MESTRADO","Instrumentos de Política Ambiental para Redução da Geração dos Resíduos Sólidos Urbanos: A percepção de especialistas no município de Goiânia-GO",2019,"Universidade Federal de Goiás",,1
"Aef1791f5","BANCA_MESTRADO","Segurança Hídrica: os conflitos de uso da água na bacia hidrográfica do Rio Meia Ponte",2019,"Universidade Federal de Goiás",,1
"A7ba733ff","BANCA_MESTRADO","Cenários Sobre a Perda de Solos na Região Metropolitana de Goiânia, e Alternativas para Mitigação",2018,"Universidade Federal de Goiás",,1
"A3d2237fe","BANCA_MESTRADO","Proposta de Processo Decisório para Reabilitação das Áreas de Disposição Final de Resíduos Sólidos Urbanos na Região Metropolitana de Goiânia",2017,"Universidade Federal de Goiás",,1
"Af32982c2","BANCA_MESTRADO","Integração dos Métodos AHP e SIG como Instrumento de Análise do Nível de Qualidade Ambiental em Bacias Hidrográficas: Estudo de Caso Bacia do Rio Melchior - DF",2015,"Universidade de Brasília",,1
"A8eaea0bc","BANCA_MESTRADO","Estudo dos Impactos das Atividades Aeroportuárias Utilizando Dados de Sensoriamento Remoto",2014,"Universidade de Brasília",,1
"Aa97c13b8","BANCA_MESTRADO","Construção de Banco de Dados Pluviométricos Obtidos pelo Sensor TRMM e Estações Pluviométricas no Estado de Goiás",2014,"Universidade Federal de Goiás",,1
"A96531448","BANCA_MESTRADO","Mapeamento Agricola com Imagens de Sensores Remotos Orbitais para Apoio ao Gerenciamento de Recursos Hídricos",2014,"Universidade Federal de Goiás",,1
"A34d8e83b","BANCA_MESTRADO","Mapeamento de culturas anuais no estado de Goiás com séries temporais de dados MODIS",2014,"Universidade Federal de Goiás",,1
"Ac2470cd6","BANCA_MESTRADO","Expansão Urbana da Região Metropolitana de Goiânia e os Impactos sobre os Recursos Hídricos",2013,"Universidade Federal de Goiás",,1
"A93cdc05e","BANCA_MESTRADO","Avaliação da Qualidade Ambiental da Paisagem da Bacia Hidrográfica e do Reservatório do Ribeirão João Leite",2013,"Universidade Federal de Goiás",,1
"A52852cf3","BANCA_MESTRADO","Determinação do Índice de Qualidade da Água Tratada Distribuída aos Municípios do Estado de Goiás",2013,"Universidade Federal de Goiás",,1
"A362a4b9f","BANCA_MESTRADO","Técnicas de Sensoriamento Remoto e Geoestatística Aplicadas em um Povoamento de Eucalyptus Urophylla S.T. Blake para Estimativa de Volume",2013,"Universidade de Brasília",,1
"A69342441","BANCA_MESTRADO","Contribuições para o Mapeamento da Cobertura Vegetal Nativa Original de Goiás e Distrito Federal",2012,"Universidade Federal de Goiás",,1
"A449348b3","BANCA_MESTRADO","Avaliação da Expansão Urbana no Município de Goiânia. Periodo 1990 a",2010,"Pontifícia Univeridade Católica de Goiás",,1
"A98f7bccb","BANCA_MESTRADO","Seleção de Área para Implantação de Aterro Sanitário Simplificado - Estudo de Caso para o Município de Guapó (GO)",2011,"Universidade Federal de Goiás",,1
"Af6353c85","BANCA_MESTRADO","Análise de Métodos de Realce Espectral e Temporal Aplicados à Discriminação de Classes de Cobertura e Uso da Terra em Áreas de Cerrado",2010,"Universidade Federal de Goiás",,1
"A09feda13","BANCA_MESTRADO","O Potencial Turístico em Áreas Prioritárias para a Conservação da Biodiversidade no Cerrado de Goiás",2010,"Universidade Federal de Goiás",,1
"A2279026a","BANCA_MESTRADO","Análise Socioambiental da Bacia Hidrográfica do Rio Babilônia",2010,"Universidade Federal de Goiás",,1
"A76042084","BANCA_MESTRADO","Mapeamento das Áreas Queimadas no Bioma Cerrado a Partir de Dados MODIS MCD45A1",2010,"Universidade Federal de Goiás",,1
"A1d0e0d6a","BANCA_MESTRADO","Taxas de Desmatamento Anuais no Bioma Cerrado: Uma Análise a partir de Dados para o Período de 2003 a",2007,"Universidade Federal de Goiás",,1
"A41de3260","BANCA_MESTRADO","Atributos Quimicos e Textura do Solo em Veredas Conservadas e Antropizadas no Bioma Cerrado",2009,"Universidade Federal de Goiás",,1
"Ad6f564c5","BANCA_MESTRADO","A Utilização das Geotecnologias para Mapeamento e Análise Multitemporal da Cobertura Vegetal do Parque Estadual do Jalapão (PEJ) - Tocantins",2008,"Universidade Federal do Tocantins",,1
"A9d703ab1","BANCA_MESTRADO","Uso do Sensoriamento Remoto Para Delimitação e Identificação de Áreas Inundáveis (Várzea) na Bacia Amazônica",2008,"Universidade de Brasília",,1
"Aed86176f","BANCA_MESTRADO","Áreas prioritárias para conservação da biodiversidade em Goiás: caracterização e análise à escala da paisagem",2007,"Universidade Federal de Goiás",,1
"Ab5733285","BANCA_DOUTORADO","O que adotamos como Intensificação Sustentável? Limites e contradições da Pecuária bovina baseada em pastagens no Cerrado",2025,"Universidade Federal de Goiás",,1
"Acc8eb064","BANCA_DOUTORADO","Modelagem de processos erosivos em margens de reservatório hidrelétrico com a utilização do modelo HEC-RAS 2D",2024,"Universidade Federal de Goiás",,1
"A364e7d77","BANCA_DOUTORADO","Queimadas e Incêndios em Savanas: estudo comparativo entre Moçambique e Goiás-Brasil",2024,"Universidade Federal de Goiás",,1
"A19bbb4fc","BANCA_DOUTORADO","ESPRAIAMENTO URBANO E PLANEJAMENTO INTEGRADO NA REGIÃO METROPOLITANA DE GOIÂNIA: ANÁLISE E CENÁRIOS",2024,"Universidade Federal de Goiás",,1
"A319bf203","BANCA_DOUTORADO","A posse da terra: reconfiguração fundiária no espaço da fronteira agrícola na bacia hidrográfica do rio Araguaia em Goiás",2023,"Universidade Federal de Goiás",,1
"A66e72413","BANCA_DOUTORADO","Análise quantitativa e espaço-temporal da perda de solo por erosão laminar em bacias hidrográficas de primeira e segunda ordem do rio Pirapó - PR",2023,"Universidade Estadual de Maringá",,1
"A965fb799","BANCA_DOUTORADO","Identificação de áreas prioritárias para recuperação e conservação ambiental em uma bacia hidrográfica do bioma Cerrado",2023,"Universidade Federal de Goiás",,1
"A38d09eff","BANCA_DOUTORADO","Monitoramento e modelagem de processos erosivos em canal de drenagem urbana",2022,"Universidade Federal de Goiás",,1
"Acfbae2ba","BANCA_DOUTORADO","Indicadores socioambientais para avaliação de sistemas de drenagem urbana",2022,"Universidade Federal de Goiás",,1
"A5773b46b","BANCA_DOUTORADO","Desmatamento no bioma Cerrado: Contexto, padrões e tendências, impactos e alternativas",2022,"Universidade Federal de Goiás",,1
"Add42bf1b","BANCA_DOUTORADO","Manejo e Monitoramento de Impactos sobre o Ecossistema em Áreas Protegidas de Cerrado: Estrutura da Vegetação, Gramíneas Exóticas e Incêndios",2019,"Universidade Federal de Goiás",,1
"A6b7df2bb","BANCA_DOUTORADO","Arcabouço Gravimétrico Brasileiro e o Meio Ambiente: Possibilidades e Perspectivas",2018,"Universidade Federal de Goiás",,1
"A1912cb6d","BANCA_DOUTORADO","Modelagem da Dinâmica de Algas e Cianobactéria em um Reservatório de Abastecimento",2018,"Universidade Federal de Goiás",,1
"A09a35268","BANCA_DOUTORADO","EXTRAÇÃO SELETIVA E PRODUÇÃO DE MADEIRAS NATIVAS NO ESTADO DE MATO GROSSO",2018,"Universidade de Brasília",,1
"A24a08caa","BANCA_DOUTORADO","Avaliação de parâmetros biofísicos, derivados de dados satelitários, na área de influência do reservatório da UHE Luís Eduardo Magalhães - TO",2017,"Universidade Federal de Goiás",,1
"A72c4b436","BANCA_DOUTORADO","A capacidade de suporte de cursos d'água urbanos sob a perspectiva técnica e epitemológica da engenharia",2015,"Universidade Federal de Goiás",,1
"Ab3357ded","BANCA_DOUTORADO","Avaliação de áreas queimadas no Bioma Cerrado: Proposições para o Monitoramento e Conservação",2015,"Universidade Federal de Goiás",,1
"Ac43654bd","BANCA_DOUTORADO","Modelagem de Processos Erosivos Hídricos Lineares no Município de Mineiros-GO",2015,"Universidade Federal de Goiás",,1
"A6709e17a","BANCA_DOUTORADO","A Expansão da Cana-de-Açúcar na Região Centro-Oeste de Minas Gerais: Cenário Atual e Tendências Futuras",2014,"Universidade Federal de Goiás",,1
"Ab8bb0231","BANCA_DOUTORADO","Variabilidade da Qualidade de Água Bruta e seus Efeitos sobre a Saúde Pública e o Saneamento em Goiás",2014,"Universidade Federal de Goiás",,1
"A492511a6","BANCA_DOUTORADO","Dinâmica da Paisagem e a Fragilidade Natural e Antrópica da Fronteira Agrícola no Oeste da Bahia: Uma Análise de Riscos na Bacia do Rio Preto",2014,"Universidade Federal de Goiás",,1
"A72d857ac","BANCA_DOUTORADO","Avaliação da Resolução Espacial de Sensores Ópticos Orbitais",2014,"Instituto Nacional de Pesquisas Espaciais",,1
"A16f848ff","BANCA_DOUTORADO","Formação e Expansão da Fronteira Agrícola em Goiás: A Construção de Indicadores de Modernização",2010,"Universidade Federal de Goiás",,1
"A34e268ae","BANCA_DOUTORADO","Modelagem da Dinâmica de Paisagem do Cerrado",2009,"Universidade Federal de Goiás",,1
"A32870a7d","BANCA_DOUTORADO","Modelagem Matemática para Seleção de Áreas Prioritárias para Cconservação: Métodos, Cenários e Contribuições para a Gestão Territorial em Goiás",2009,"Universidade Federal de Goiás",,1
"A1cdfc3bb","BANCA_DOUTORADO","Caracterização do Meio Físico por Meio de Geoprocessamento e Sensoriamento Remoto, Aplicada ao Zoneamento Geoambiental no Município de Colorado D´Oeste",2008,"Universidade Estadual Paulista",,1
"Aa8762ade","BANCA_DOUTORADO","Relações entre Qualidade de Água e Uso do Solo em Bacias Hidrográficas no Cerrado Brasileiro: Aspectos Físicos e Sociais e Proposição de Diretrizes",2007,"Universidade Federal de Goiás",,1
"Ac3ad16c1","BANCA_DOUTORADO","As Influências das Pastagens na Ocorrência de Fogo no Bioma Cerrado",2025,"Universidade Federal de Goiás",,1
"A01a945c6","BANCA_DOUTORADO","O Estado da Arte do Sensoriamento Remoto Orbital Aplicado ao Mapeamento e Qualificação Produtiva das Pastagens Brasileiras",2024,"Universidade Federal de Goiás",,1
"Ad9ce65c6","BANCA_DOUTORADO","Mudança no uso do solo na África Ocidental",2024,"Universidade Federal de Goiás",,1
"A9cca9f42","BANCA_DOUTORADO","Regularização fundiária de Áreas Protegidas da Amazônia Legal e sua influência na conversão do uso da terra",2024,"Universidade Federal de Goiás",,1
"Ae0544060","BANCA_DOUTORADO","Influências de comunidades quilombolas na conservação do Cerrado",2022,"Universidade Federal de Goiás",,1
"Add4da4a2","BANCA_DOUTORADO","Aplicação do WEAP na Avaliação de Alocação de Água do Reservatório dos Pequenos Libombos - Moçambique",2019,"Universidade Federal de Goiás",,1
"A8667c371","BANCA_DOUTORADO","Avaliação da Disponibilidade Hídrica Superficial no Estado de Goiás",2019,"Universidade Federal de Goiás",,1
"A7b3d3cda","BANCA_DOUTORADO","Caracterização biofísica das pastagens brasileiras em suporte a intensificação sustentável da pecuária bovina",2017,"Universidade Federal de Goiás",,1
"A90743ec0","BANCA_DOUTORADO","Análise e Monitoramento da Temperatura de Superfície na Área de Influência do Reservatório da UHE Luís Eduardo Magalhães-TO através do Uso de Geotecnologias",2015,"Universidade Federal de Goiás",,1
"A222d7a06","BANCA_DOUTORADO","Gravimetria e Meio Ambiente",2015,"Universidade Federal de Goiás",,1
"A8f9c8005","BANCA_DOUTORADO","Análise ambiental para fins de criação de corredores ecológicos na bacia hidrográfica do rio das almas via SIG e banco de dados relacional",2007,"Universidade de Brasília",,1
"Acc6c35b5","BANCA_MESTRADO","Análise da influência de fatores ambientais nos riscos ocupacionais das atividades de combate aos incêndios florestais",2025,"Universidade Federal de Goiás",,1
"Aa8c8069f","BANCA_MESTRADO","FRONTEIRAS E A PERMANÊNCIA CONDICIONADA DA VEGETAÇÃO NO CERRADO GOIANO",2025,"Universidade Federal de Goiás",,1
"A55e2fee4","BANCA_MESTRADO","Análise de Eventos Extremos de Precipitação em Goiás",2025,"Universidade Federal de Goiás",,1
"A2ada9766","BANCA_MESTRADO","Influência da Escala Espacial na Avaliação da Sustentabilidade: Aplicação do modelo SSAM nos setores censitários de Senador Canedo-GO",2025,"Universidade Federal de Goiás",,1
"A15dc002b","BANCA_MESTRADO","ESTUDO DE IMPACTOS AMBIENTAIS NO PROJETO DE ASSENTAMENTO MANCHETE LOCALIZADO NA BACIA DO RIO DO COCO - TO",2024,"Universidade Federal do Tocantins",,1
"Ae0e2900b","BANCA_MESTRADO","NOVAS FACES DO DESMATAMENTO NO ESTADO DE GOIAS",2024,"Universidade Federal de Goiás",,1
"A28a3fc62","BANCA_MESTRADO","Previsão de Enchentes e Análise da Vulnerabilidade Ambiental com Base no Uso e Cobertura da Terra na Bacia Hidrográfica do Rio Meia Ponte-Região Metropolitana de Goiânia",2024,"Universidade Federal de Goiás",,1
"A4cc35b11","BANCA_MESTRADO","Análise ambiental integrada das bacias hidrográfica de abastecimento público da região metropolitana de Goiânia-RMG",2023,"Universidade Federal de Goiás",,1
"A9d40723d","BANCA_MESTRADO","Avaliação da importância das unidades de conservação na proteção das bacias hidrográficas e na segurança hídrica",2023,"Universidade Federal de Goiás",,1
"Aaba9c11b","BANCA_MESTRADO","Avaliação do potencial de recuperação de pastagens degredadas no Estado de Goiás",2023,"Universidade Federal de Goiás",,1
"Abcbefd04","BANCA_MESTRADO","Avaliação da ocorrência de fogo na bacia hidrográfica do rio Araguaia",2022,"Universidade Federal de Goiás",,1
"A6d0e99d3","BANCA_MESTRADO","Modelagem ambiental dos focos de queimadas no sul do Amazonas utilizando o princípio da máxima entropia",2019,"Universidade Federal do Amazonas",,1
"A8a057c9c","BANCA_MESTRADO","Violência como expressão da expansão da fronteira na Amazônia Legal",2019,"Universidade Federal de Goiás",,1
"A9e974390","BANCA_MESTRADO","Vulnerabilidade territorial e a distribuição de conflitos no uso múltiplos das águas",2019,"Universidade Federal de Goiás",,1
"Aa1d1b678","BANCA_MESTRADO","Preenchimento de Falhas de Preciptação Considerando Estimativas por Satélite",2018,"Universidade Federal de Goiás",,1
"A8708b714","BANCA_MESTRADO","Uso e cobertura atual na Reg. Metrop. de Goiânia, principais ameaças e potencialidades",2017,"Universidade Federal de Goiás",,1
"A6f89b3fd","BANCA_MESTRADO","Sistema de detecção de desmatamento no Bioma Cerrado: desafios para o monitoramento sistematico",2017,"Universidade Federal de Goiás",,1
"A45492ca7","BANCA_ESPECIALIZACAO","Fogo e atividades agropastoris: identificação de áreas queimadas em Mirador - MA",2024,"Universidade Federal de Goiás",,1
"A36da59cb","BANCA_ESPECIALIZACAO","AVALIAÇÃO DO EMPREGO DE RPAs NOS CORPOS DE BOMBEIROS MILITARES DO BRASIL",2024,"Universidade Federal de Goiás",,1
"A52f838e3","BANCA_ESPECIALIZACAO","S. Dias & Jonathan A. Soares & Ivalci J. M. França. O USO DE TÉCNICAS E TECNOLOGIAS PARA ANÁLISE EXPLORATÓRIA DOS INCÊNDIOS NOS PARQUES ESTADUAIS DE GOIÁS: Parque Estadual Altamiro de Moura Pacheco (PEAMP) e Parque Estadual do João Leite (PEJOL)",2024,"Universidade Federal de Goiás",,1
"Ad58b3b4a","BANCA_ESPECIALIZACAO","FOCO DE CALOR RELACIONADO À OCORRÊNCIA DE INCÊNDIOS FLORESTAIS E QUEIMADAS NO MUNICÍPIO DE CLÁUDIA - MT",2024,"Universidade Federal de Goiás",,1
"A378a325e","BANCA_ESPECIALIZACAO","USO DA EDUCAÇÃO AMBIENTAL COMO FERRAMENTA PARA PREVENÇÃO AOS INCÊNDIOS FLORESTAIS NO MUNICÍPIO DE PARAUAPEBAS/PA",2024,"Universidade Federal de Goiás",,1
"Ad2452a4d","BANCA_ESPECIALIZACAO","Análise Espacial do Consumo de Água e das Variáveis Censitárias do Município do Goiânia",2007,"Instituto Federal de Educação",,1
"A6de6570d","BANCA_ESPECIALIZACAO","de P.; Nelson L. Z.; Pedro P. P.; Wilson B. S.. Mapeamento com Imagem de Alta Resolução Empregando SRTM",2007,"Instituto Federal de Educação",,1
"Adec0ed5a","BANCA_ESPECIALIZACAO","O., Leonardo N. Q. e Giácomo H. T.. SIAR-Sistema Integrado de Administração Rural",2007,"Instituto Federal de Educação",,1
"A0e32c9ed","BANCA_TCC","DINÂMICA MULTITEMPORAL (2013-2023) DOS SEDIMENTOS EM SUSPENSÃO NAS PCHS GOIANDIRA E NOVA AURORA VIA SENSORIAMENTO REMOTO",2025,"Universidade Federal de Goiás",,1
"A21dee86f","BANCA_TCC","Caracterização do risco potencial associado a postos revendedores de combustíveis no contexto urbano",2024,"Universidade Federal de Goiás",,1
"A5114601b","BANCA_TCC","Análise da Pressão Antrópica Sobre Áreas Indígenas na Região Hidrográfica da Amazônia",2023,"Universidade Federal de Goiás",,1
"Ae37970a8","BANCA_TCC","Influência dos focos de calor no perfil hidrossedimentológico da bacia hidrográfica do ribeirão João Leite",2023,"Universidade Federal de Goiás",,1
"Aedd7404a","BANCA_TCC","Análise da vulnerabilidade a perdas de solo em unidades de conservação próximas a empreendimentos agropecuários no cenro sul do Matopiba",2019,"Universidade Federal de Goiás",,1
"Aa7516631","BANCA_TCC","Análise de Dados de Satélite GRACE e da rede GNSS SIRGAS para o monitoramento de águas subterrâneas",2017,"Universidade Federal de Goiás",,1
"A27928507","BANCA_TCC","Nogueira; Isabella A. Costa; Uendel A. Pereira.Análise de Parâmetros Físico-Quimicos da Água e do Uso e Ocupação do Solo na Sub-Bacia do Córrego Água Branca no Município de Nerópolis - Goiás",2015,"Universidade Federal de Goiás",,1
"A9d0d2303","BANCA_TCC","Seleção Preliminar de Áreas para Instalação de Aterros Sanitários na Região Metropolitana de Goiânia",2013,"Universidade Federal de Goiás",,1
"A5ef5fdae","BANCA_TCC","Uso de SIG no Mapeamento de Áreas de Risco de Inundação do Rio Meia Ponte no Município de Goiânia-GO",2011,"Instituto Federal de Goiás",,1
"A0a00694b","BANCA_TCC","SIG WEB Aplicado ao Controle de Áreas na Mineração",2011,"Instituto Federal de Educação",,1
"A90c08d4e","BANCA_TCC","S.; Silva Jr., O.; Silva, P. P.; Guimarães Jr.; R..Identificação e Análise do Passivo Ambiental do Município de Aparecida de Goiânia - GO",2011,"Instituto Federal de Educação",,1
"A4fce60fe","BANCA_TCC",";Pacheco, R. A. L.; Marques, W. R..Análise Espacial da Viabilidade de Implatação da Extensão do IFG - Campus Goiânia, na Região Oeste do Município",2011,"Instituto Federal de Goiás",,1
"A765dced1","BANCA_TCC","Almeida; Natalia C. Lino; Victor T. de Oliveira.Avaliação do Passivo Ambiental do Município de Goiânia Utilizando Imagens de Alta Resolução Espacial",2010,"Instituto Federal de Educação",,1
"Aa0d72713","BANCA_TCC","Análise do Passivo Ambiental do Município de Trindade Através da Utilização de Imagens CBERS 2B HRC/CCD e Landsat TM",2010,"Instituto Federal de Educação",,1
"Ab20f9437","BANCA_TCC","Sistema de Informações Geográficas Aplicado à Gestao do Patrimônio Arqueológico através da Internet",2010,"Instituto Federal de Goiás",,1
"A10392b30","BANCA_TCC","A.; Brito, L. M.; Barra, M. M.; Junqueira, R. A..Uso de SIG para Auxiliar na Escolha da Melhor Área para Realocação do Distrito de Mutum-Paraná(RO) Atingido pelo Empreendimento AHE Jirau",2010,"Instituto Federal de Goiás",,1
"Ac490ac98","BANCA_TCC","Análise Histórica Espacial e Sazonal da Precipitação Pluviométrica no Estado de Goiás e Distrito Federal",2010,"Pontifícia Univeridade Católica de Goiás",,1
"Ac885fc74","BANCA_TCC","Avaliação da Impermeabilidade do Solo na Área Urbana de Goiânia",2010,"Instituto Federal de Educação",,1
"A4e81d6d6","BANCA_TCC","Zoneamento Agroclimático da Cana-de-Açúcar para o Estado de Goiás, Utilizando Técnicas de Geoprocessamento",2009,"Instituto Federal de Goiás",,1
"A71cc1487","BANCA_TCC","Simulação de uma Mancha de Inundação para o Município de Goiânia: Estudo de Caso Córrego Cascavél",2009,"Instituto Federal de Educação",,1
"A3eb88f86","BANCA_TCC","Junior; Martinho T. de Souza e Vanilde F. Serafim.Análise Multitemporal do Uso do Solo do Município de Senador Canedo-GO, Utilizando Geoprocessamento",2009,"Instituto Federal de Educação",,1
"A16059b31","BANCA_TCC","Geoprocessamento Aplicado ao Planejamento Urbano: O Caso de Hidrolândia - GO",2009,"Instituto Federal de Educação",,1
"A8d53103d","BANCA_TCC","Análise dos Padrões Radiométricos dos Alertas de Desmatamentos no Bioma Cerrado",2009,"Universidade Federal de Goiás",,1
"A2407ed86","BANCA_TCC","Elaboração do Mapa de Uso e Cobertura da Terra da Fazenda Capivara, Sede da EMBRAPA Arroz e Feijão, a partir de Imagens ALOS",2009,"Instituto Federal de Goiás",,1
"A2f2d3d9b","BANCA_TCC","A; Rosa, G. F. N; Júnior, J. C. S.Identificação de Macrófita Aquática da Espécie Salvinia Auriculata Utilizando Imagem do Sensor SAR R-99",2008,"Centro Federal de Educação Tecnológica de Goiás",,1
"A3f3c71ec","BANCA_TCC","Avaliação do Potencial de Regeneração do Cerrado",2008,"Centro Federal de Educação Tecnológica de Goiás",,1
"A635912cf","BANCA_TCC","Monitoramento do Mosquito Transmissor da Dengue por Meio do Geoprocessamento",2008,"Centro Federal de Educação Tecnológica de Goiás",,1
"A8c81a587","BANCA_TCC","Elaboração da Carta Turística do Município de Pirenópolis - GO: Utilizando Técnicas de Geoprocessamento",2008,"Centro Federal de Educação Tecnológica de Goiás",,1
"Af2dac6cd","BANCA_TCC","S. Mateus; Marcos V. A. Silva & Rejane M. da Silva.Avaliação da Ocupação Antrópica em Relação à Legislação Ambiental na Macrozona Rural do Ribeirão João Leite, Município de Goiânia - GO",2008,"Instituto Federal de Educação",,1
"A09c7126e","BANCA_TCC","Uso de ferramentas de geoprocessamento no mapeamento histórico do município de Trindade",2007,"Centro Federal de Educação Tecnológica de Goiás",,1
"A48eabdd4","BANCA_TCC","Uso de Geotecnologias na Análise do Aterro Sanitário de Goiânia-GO",2007,"Instituto Federal de Educação",,1
"A7ccb5800","BANCA_TCC","Análise do Padrão de Exatidão Cartográfica de Imagem Google Earth, Tendo Como Área de Estudo a Imagem da Cidade de Goiânia",2007,"Centro Federal de Educação Tecnológica de Goiás",,1
"Af7f4d39d","BANCA_TCC","Discriminação sazonal de classes de cobertura da terra em Goiás a partir de imagens MODIS índices de vegetação",2006,"Universidade Federal de Goiás",,1
"A4d44735d","BANCA_TCC","da Silva; Emilia da Silva e Marcos A. Caixeta.Sistema de informação geográfica aplicado a agropecuária: produção do leite a pasto",2005,"Centro Federal de Educação Tecnológica de Goiás",,1
"A86862fee","BANCA_TCC","Análise e implementação de primitivas básicas de geometria computacional em AutoCad, empregando a linguagem Visual Basic for Applications",2003,"Centro Federal de Educação Tecnológica de Goiás",,1
"Aa0d4e2a3","BANCA_TCC","Sistema de Geoprocessamento de Ocorrências",1998,"Universidade Estadual Paulista Júlio de Mesquita Filho",,1
"Ad388f667","ORIENTACAO_DOUTORADO","AS INFLUÊNCIAS DA PASTAGEM NA OCORRÊNCIA DE FOGO NO BIOMA CERRADO",2022,"Universidade Federal de Goiás",,1
"A65897bb7","ORIENTACAO_MESTRADO","Previsão de enchentes e análise da vulnerabilidade ambiental com base no uso e cobertura da terra na bacia hidrográfica do rio Meia Ponte, região metropolitana de Goiânia",2025,"Universidade Federal de Goiás",,1
"Aa149267d","ORIENTACAO_MESTRADO","ANÁLISE DA SEVERIDADE DO FOGO NO BIOMA CERRADO",2025,"Universidade Federal de Goiás",,1
"A6dca9120","ORIENTACAO_MESTRADO","AVALIAÇÃO DA OCORRÊNCIA DO FOGO NA BACIA DO RIO ARAGUAIA E SUA RELAÇÃO COM A DEGRADAÇÃO DOS CAMPOS ÚMIDOS",2024,"Universidade Federal de Goiás",,1
"A0350b40d","ORIENTACAO_MESTRADO","Potencial de recuperação de pastagens degradadas do estado de Goiás segundo declividade e tipos de solo",2024,"Universidade Federal de Goiás",,1
"Ad062538e","ORIENTACAO_MESTRADO","INFLUÊNCIA DE COMUNIDADES QUILOMBOLAS NA CONSERVAÇÃO DO CERRADO",2023,"Universidade Federal de Goiás",,1
"Ae191fa86","ORIENTACAO_MESTRADO","Avaliação ambiental das bacias de captação de água no estado de Goiás",2022,"Universidade Federal de Goiás",,1
"A00cff980","ORIENTACAO_MESTRADO","Determinação de áreas impermeáveis por meio de ferramentas de geoprocessamento",2021,"Universidade Federal de Goiás",,1
"Aa8144fa9","ORIENTACAO_MESTRADO","A dinâmica hidrográfica na região sul do estado de Goiás",2020,"Universidade Federal de Goiás",,1
"A1b4b1d1d","ORIENTACAO_MESTRADO","Cenários sobre a Perda de Solos na Região Metropolitana de Goiânia, e Alternativas para Mitigação",2018,"Universidade Federal de Goiás",,1
"A2481383b","ORIENTACAO_MESTRADO","Proposta de Processo Decisório para Reabilitação das Áreas de Disposição Final de Resíduos Sólidos Urbanos na Região Metropolitana de Goiânia",2017,"Universidade Federal de Goiás",,1
"Aef4129d6","ORIENTACAO_MESTRADO","Avaliação do risco à perda da qualidade ambiental do aquífero freático na região metropolitana de Goiânia",2017,"Universidade Federal de Goiás",,1
"Afcdee3fe","ORIENTACAO_MESTRADO","Construção de Banco de Dados Pluviométricos Obtidos pelo Sensor TRMM e Estações Pluviométricas no Estado de Goiás",2014,"Universidade Federal de Goiás",,1
"A38766373","ORIENTACAO_MESTRADO","Mapeamento Agrícola com Imagens de Sensores Remotos Orbitais para Apoio ao Gerenciamento de Recursos Hídricos",2014,"Universidade Federal de Goiás",,1
"Ad746a041","ORIENTACAO_MESTRADO","Avaliação da qualidade ambiental da paisagem da bacia hidrográfica e do reservatório do Ribeirão João Leite",2013,"Universidade Federal de Goiás",,1
"A5d48f7be","ORIENTACAO_MESTRADO","Expansão urbana da Região Metropolitana de Goiânia e os impactos sobre os recursos hídricos",2013,"Universidade Federal de Goiás",,1
"A5bfcead5","ORIENTACAO_MESTRADO","Contribuições para o Mapeamento da Cobertura Vegetal Nativa Ooriginal de Goiás e Distrito Federal",2012,"Universidade Federal de Goiás",,1
"A5af9f5f3","ORIENTACAO_MESTRADO","Análise da Paisagem das Bacias Hidrográficas da Região Metropolitana de Goiânia",2012,"Universidade Federal de Goiás",,1
"A3585e510","ORIENTACAO_MESTRADO","O Potencial Turistico em Áreas Prioritárias para a Conservação da Biodiversidade no Cerrado de Goiás",2010,"Universidade Federal de Goiás",,1
"A6a6a59b9","ORIENTACAO_MESTRADO","Análise Socioambiental da Bacia Hidrográfica do Rio Babilônia",2010,"Universidade Federal de Goiás",,1
"A3bbe3f04","ORIENTACAO_MESTRADO","Caracterização Sócio-Ambiental das Bacias Hidrográficas do Estado de Goiás e Distrito Federal",2009,"Universidade Federal de Goiás",,1
"A75df847f","ORIENTACAO_DOUTORADO","Queimadas e Incêndios em Savanas: estudo comparativo entre Moçambique e Goiás-Brasi",2024,"Universidade Federal de Goiás",,1
"Acf4a4547","ORIENTACAO_DOUTORADO","ANÁLISE TEMPORAL DA DINÂMICA DO USO E OCUPAÇÃO DO SOLO DE UMA BACIA HIDROGRÁFICA ANTROPIZADA: ESTUDO DE CASO DA BACIA HIDROGRÁFICA DO RIO MEIA PONTE",2023,"Universidade Federal de Goiás",,1
"A94d53277","ORIENTACAO_DOUTORADO","INFLUÊNCIA DA EXPANSÃO AGRÍCOLA SOBRE A PERDA DE SOLO NO ESTADO DE GOIÁS",2020,"Universidade Federal de Goiás",,1
"A34881595","ORIENTACAO_DOUTORADO","A Ocupação de Áreas Savânicas no Brasil e Moçambique",2020,"Universidade Federal de Goiás",,1
"Af3d0f2ad","ORIENTACAO_DOUTORADO","UMA AVALIAÇÃO INTEGRADA ENTRE PAISAGEM, CLIMA E HIDROLOGIA POR MEIO DE ANÁLISE ESPACIAL",2019,"Universidade Federal de Goiás",,1
"A3316c728","ORIENTACAO_DOUTORADO","Arcabouço Gravimétrico Brasileiro e o Meio Ambiente: Possibilidades e Perspectivas",2018,"Universidade Federal de Goiás",,1
"A4c9a2420","ORIENTACAO_DOUTORADO","Mapeamento do Preço da Terra no Estado de Goiás com o Uso de Geoestatística",2013,"Universidade Federal de Goiás",,1
"A0888eab2","ORIENTACAO_DOUTORADO","Distribuição espacial e temporal de temperaturas de superfície no bioma Cerrado: Uma análise integrada a partir de dados orbitais de resolução moderada",2010,"Universidade Federal de Goiás",,1
"Aea29bb00","ORIENTACAO_ESPECIALIZACAO","Avaliação da Impermeabilidade do Solo na Área Urbana em Goiânia",2010,"Instituto Federal de Educação",,1
"A92ca68b3","ORIENTACAO_ESPECIALIZACAO","Disponibilização de Dados Geográficos Digitais de Assentamentos Rurais na Internet: O Caso do Bom Pastor",2001,"Universidade de Brasília",,1
"Aa1a84b41","ORIENTACAO_ESPECIALIZACAO","Modelos de Análise Espacial Aplicados no Planejamento de Rede Escolar Rural",2001,"Universidade de Brasília",,1
"A562ea195","ORIENTACAO_ESPECIALIZACAO","O Conceito de Infraestrutura de Dados e Informações Espaciais IDIE e o Geoprocessamento no Brasil. Pressuposto ou Heresia?",2001,"Universidade de Brasília",,1
"Abae193e9","ORIENTACAO_ESPECIALIZACAO","Proposta de Desenvolvimento de um Sistema de Informações Georreferenciadas para Unidades de Proteção Integral e de Uso Sustentável do Distrito Federal",2001,"Universidade de Brasília",,1
"A466b96e0","ORIENTACAO_ESPECIALIZACAO","Mapeamento de Risco para AIDS nos Municípios Brasileiros no Período de 1995-1999: Uma Análise Espacial",2001,"Universidade de Brasília",,1
"A56bf6cd8","ORIENTACAO_ESPECIALIZACAO","O Geoprocessamento no Mapeamento Educacional Urbano",2001,"Universidade de Brasília",,1
"Ac7c6fe6e","ORIENTACAO_ESPECIALIZACAO","Mapeamento das Potencialidades Pesqueiras do Amapá Visando o Desenvolvimento da Pesca Amadora no Estado",2001,"Universidade de Brasília",,1
"A89b015f8","ORIENTACAO_ESPECIALIZACAO","Sensoriamento Remoto (Geoprocessamento) como instrumento de gestão ambiental",1999,"Universidade de Brasília",,1
"A9e64c0e9","ORIENTACAO_ESPECIALIZACAO","Utilização de Informações Georreferenciadas Na Gestão do FGTS",1999,"Universidade de Brasília",,1
"A54680735","ORIENTACAO_TCC","Nogueira; Isabella A. Costa; Uendel A. Pereira. Análise de Parâmetros Fisico-Quimicos da Água e do Uso e Ocupação do Solo na Sub-Bacia do Córrego da Água Branca no Município de Nerópolis - Goiás",2015,"Universidade Federal de Goiás",,1
"A3fc4572f","ORIENTACAO_TCC","SELEÇÃO PRELIMINAR DE ÁREAS PARA INSTALAÇÃO DE ATERROS SANITÁRIOS NA REGIÃO METROPOLITANA DE GOIÂNIA",2013,"Universidade Federal de Goiás",,1
"A5f2fcfcc","ORIENTACAO_TCC","SIG WEB Aplicado ao Controle de Áreas na Mineração",2011,"Instituto Federal de Educação",,1
"A98a78d35","ORIENTACAO_TCC","S.; Silva Jr., O.; Silva, P. P.; Guimarães Jr., R.. Identificação e Análise do Passivo Ambiental do Município de Aparecida de Goiânia",2011,"Instituto Federal de Goiás",,1
"Afe5186c5","ORIENTACAO_TCC","Análise do Passivo Ambiental do Município de Trindade Através da Utilização de Imagens CBERS 2B HRC/CCD e Landsat TM",2010,"Instituto Federal de Educação",,1
"Ab5e11ba8","ORIENTACAO_TCC","Oliveira; Natalia C. Lino; Victor T. de Oliveira. Avaliação do Passivo Ambiental do Município de Goiânia Utilizando Imagens de Alta Resolução Espacial",2010,"Instituto Federal de Educação",,1
"Ae74cdc2a","ORIENTACAO_TCC","Geoprocessamento Aplicado ao Planejamento Urbano: O Caso de Hidrolândia - GO",2009,"Instituto Federal de Educação",,1
"Aea75eb7d","ORIENTACAO_TCC","Zoneamento Agroclimático da Cana-de-Açúcar para o Estado de Goiás, Utilizando Técnicas de Geoprocessamento",2009,"Centro Federal de Educação Tecnológica Goiás",,1
"A72bf3c35","ORIENTACAO_TCC","Avaliação do Potencial de Regeneração do Cerrado",2008,"Instituto Federal de Educação",,1
"A13baa4de","ORIENTACAO_TCC","Monitoramento do Mosquito Transmissor da Dengue por Meio do Geoprocessamento",2008,"Centro Federal de Educação Tecnológica de Goiás",,1
"A88357592","ORIENTACAO_TCC","S. Mateus; Marcos V. A. Silva & Rejane M. da Silva.. Avaliação da Ocupação Antrópica em Relação à Legislação Ambiental na Macrozona Rural do Ribeirão João Leite, Município de Goiânia - GO",2008,"Centro Federal de Educação Tecnológica Goiás",,1
"Af9db408a","ORIENTACAO_TCC","Domínio de Sistemas de Informações Geográficas para o Mapeamento Automático de Bacias Hidrográficas",2007,"Centro Federal de Educação Tecnológica de Goiás",,1
"A931de088","ORIENTACAO_TCC","Banco de Dados do Mapeamento das Ameaças Múltiplas para Atendimentos à Emergências",2006,"Centro Federal de Educação Tecnológica Goiás",,1
"Ab0e75e51","ORIENTACAO_TCC","Comparação entre Imagens MODIS e Landsat ETM+ para Detecção do Índice de Vegetação na Região do Distrito Federal",2006,"Centro Federal de Educação Tecnológica Goiás",,1
"Aeb5beaa4","ORIENTACAO_TCC","Magalhaes; Rafael A. Ferreira; Thiago Assis. Dominio da Tecnologia Mapserver no Desenvolvimento de Sistemas de Informacoes Geograficas Para Internet",2006,"Centro Federal de Educação Tecnológica de Goiás",,1
"Afea26de2","ORIENTACAO_TCC","Investigação da Ocorrência de Fluorose Associada ao Consumo de Água Subterrânea na Região Nordeste do Estado de Goiás Utilizando Sistema de Informações Geográficas",2006,"Centro Federal de Educação Tecnológica de Goiás",,1
"Ad67c8306","ORIENTACAO_TCC","Sistema de Disponibilização de Informações Geográficas do Estado de Goiás na Internet (SIG-OnLine)",2005,"Centro Federal de Educação Tecnológica Goiás",,1
"Acf1b149a","ORIENTACAO_TCC","Sistema para Visualização e Análise da Qualidade das Imagens MOD13",2005,"Centro Federal de Educação Tecnológica Goiás",,1
"A2574d8ef","ORIENTACAO_TCC","Proposta Metodológica para Definição de Traçados Alternativos de Trilhas no Parque Estadual de Terra Ronca/GO a partir de Rotinas de Apoio à Decisão em Sistemas de Informações Geográficas (SIG)",2005,"Centro Federal de Educação Tecnológica Goiás",,1
"A7e3a17a7","ORIENTACAO_TCC","Ramos; Márcia F. Rodrigues e Marta N. O. Rocha. Ferramenta computacional multimídia para treinamento em georreferenciamento de imóveis rurais",2005,"Centro Federal de Educação Tecnológica de Goiás",,1
"Aa95ae5a2","ORIENTACAO_TCC","V.; Ribeiro, N. V.; Nunes, M. A.. Reserva extrativista do rio ouro preto-ro: construção de um sistema de informações geográficas",1997,"Universidade Estadual Paulista Júlio de Mesquita Filho",,1
"A47500088","ORIENTACAO_IC","MAPEAMENTO GEOMORFOMÉTRICO DA BACIA HIDROGRÁFICA DO RIBEIRÃO JOÃO LEITE - GO, UTILIZANDO SOFTWARE LIVRE",2013,"Universidade Federal de Goiás",,1
"A60ab808c","ORIENTACAO_IC","ANÁLISE EXPLORATÓRIA DA PLUVIOMETRIA OBTIDA PELA MISSÃO TRMM NO BIOMA CERRADO",2013,"Universidade Federal de Goiás",,1
"A0a796557","ORIENTACAO_IC","Ensino Livre de Software Livre: Curso de gvSIG para Internet",2009,"Instituto Federal de Educação",,1
"Aa676051d","PROJETO_PESQUISA","Mapeamento Participativo de Comunidades Tradicionais em Goiás para Inclusão na Plataforma de Territórios Tradicionais e Promoção do Saneamento Inclusivo",2025,"Deutsche Gesellschaft für Internationale Zusammenarbeit",,1
"A280c6a35","PROJETO_PESQUISA","Solução sustentável para esgotamento sanitário em comunidades rurais",2025,"Fundação de Amparo a Pesquisa do Estado de Goiás",,1
"Af4ee32d6","PROJETO_PESQUISA","WASH nas comunidades rurais: Gestão da água e saneamento nas comunidades quilombolas",2025,"ASSOCIACAO BRAZIL FOUNDATION",,1
"A6c155cad","PROJETO_PESQUISA","Avaliação da influência da adição de materiais alternativos nos parâmetros geotécnicos de um solo empregado como camada de cobertura de um aterro de resíduos sólidos",2023,"Fundação de Amparo a Pesquisa do Estado de Goiás",,1
"A280a9888","PROJETO_PESQUISA","Desenvolvimento Sustentável: Grupos de Trabalhos com vistas ao cumprimento da Agenda 2030",2023,"Fundação de Amparo a Pesquisa do Estado de Goiás",,1
"Ac91bf072","PROJETO_PESQUISA","Análise situacional de comunidades quilombolas de Goiás e compartilhamento de boas práticas em saneamento",2023,"Deutsche Gesellschaft für Internationale Zusammenarbeit",,1
"A79a8d93a","PROJETO_PESQUISA","Projeto Solidariedade acadêmica",2023,"Coordenação de Aperfeiçoamento de Pessoal de Nível Superior",,1
"Aec61e8ec","PROJETO_PESQUISA","Tratamento de água para consumo humano em pequenas comunidades usando FIME (FiME-UFG)",2021,"Fundação Nacional da Saúde",,1
"Ae99f3c37","PROJETO_PESQUISA","Avaliação da vigilância da fluoretação da água de abastecimento público no Estado de Goiás: situação atual e perspectivas",2021,"Fundação de Amparo a Pesquisa do Estado de Goiás",,1
"Aee2b3115","PROJETO_PESQUISA","Fiber Materials and Environmental Technologies (FibEnTech)",2020,"Fundação para a Ciência e a Tecnologia",,1
"A1b46524f","PROJETO_PESQUISA","PROJETO PRIORITÁRIO DE EFICIÊNCIA ENERGÉTICA E ESTRATÉGICO DE PD: EFICIÊNCIA ENERGÉTICA E MINIGERAÇÃO NO INSTITUTO FEDERAL DE EDUCAÇÃO, CIÊNCIA E TECNOLOGIA DE GOIÁS IFG",2018,,,1
"A0d6535e1","PROJETO_PESQUISA","Avaliação da Presença de Fármacos e Desreguladores Endócrinos em Águas para Consumo Humano e Mananciais de Abastecimento",2016,"Fundação Nacional da Saúde",,1
"Ab4e00c92","PROJETO_PESQUISA","Desenvolvimento de Anodos para remediação e monitoramento ambiental de cianotoxinas",2013,,,1
"Ac24913c6","PROJETO_PESQUISA","Avaliação da autodepuração do Córrego Salobinha",2013,"Prefeitura Municipal de Montes Claros de Goiás",,1
"A5139b8fd","PROJETO_PESQUISA","Avaliação das condições de saneamento nos municipios do Estado de Goiás operados pelas Prefeituras",2011,"Fundação de Amparo a Pesquisa do Estado de Goiás",,1
"A04d2e0af","PROJETO_PESQUISA","Mulheres do Cerrado - Gênero e Recursos Hídricos em Assentamentos de Reforma Agrária em Goiás",2011,"Conselho Nacional de Desenvolvimento Científico e Tecnológico",,1
"A49beb861","PROJETO_PESQUISA","Avaliação da qualidade da água distribuída à população dos municípios do Estado de Goiás, cujos prestadores de serviço sejam regulados pela Agência Goiana de Regulamentação.",2011,"AGÊNCIA GOIANA DE REGULAÇÃO, CONTROLE E FISCALIZAÇÃO DE SERVIÇOS PÚBLICOS",,1
"A5c0cd54e","PROJETO_PESQUISA","Estudo em bancada da recirculação do lodo de decantador em Estação de Tratamento de Água",2010,"Conselho Nacional de Desenvolvimento Científico e Tecnológico",,1
"Af8483ea9","PROJETO_PESQUISA","Gênero e Gestão Integrada dos Recursos Hídricos e Saneamento face a luta contra a pobreza",2010,"Conselho Nacional de Desenvolvimento Científico e Tecnológico",,1
"Adf77343b","PROJETO_PESQUISA","Estudos com tratamento de água",2009,,,1
"A281e93ff","PROJETO_EXTENSAO","Colaboração internacional entre UFG e Universidade de Brescia com enfase no atendimento aos objetivos do desenvolvimento sustentável",2026,"Fundação de Amparo a Pesquisa do Estado de Goiás",,1
"Ad62da9c3","PROJETO_EXTENSAO","Cooperação UFG e Universidade de Brescia no contexto ambiental e de desenvolvimento sustentável",2025,"Fundação de Amparo a Pesquisa do Estado de Goiás",,1
"Aa81c2ad8","PROJETO_EXTENSAO","Cooperação UFG e Universidade do Porto no âmbito de desenvolvimento sustentável em ecossistemas aquáticos",2024,"Fundação de Amparo a Pesquisa do Estado de Goiás",,1
"A68958a74","PROJETO_EXTENSAO","Cooperação UFG e UBI no contexto ambiental e de desenvolvimento sustentável",2024,"Fundação de Amparo a Pesquisa do Estado de Goiás",,1
"A0881195c","PROJETO_EXTENSAO","PPGEAS - CAPACITA Ações de Difusão de Conhecimento em Hidráulica e Saneamento",2024,,,1
"A32e054c6","PROJETO_EXTENSAO","Conhecendo o PPGEAS",2022,,,1
"Abe17c97d","PROJETO_EXTENSAO","Vigilância da fluoretação da água de abastecimento público em Goiás",2021,,,1
"A1385d117","PROJETO_EXTENSAO","Avaliação da qualidade da água e a estruturação de um modelo de a autodepuração em trecho do rio dos Bois, Goiás",2015,"Gelnex Industria e Comercio Ltda",,1
"A3b7eb9cc","PROJETO_EXTENSAO","Exposição de Experiências Municipais em Saneamento (Coordenação)",2008,,,1
"A6c4dbdff","PROJETO_EXTENSAO","Desenvolvimento e operação de um sistema de eletroflofiltração de bancada para tratamento de água de lavagem de filtro de estação de tratamento de água",2024,"Fundação de Amparo a Pesquisa do Estado de Goiás",,1
"A860d200f","ARTIGO","Sustainable material for filter fabric manufacturing: properties and feasibility",2026,"PROCEEDINGS OF THE ROYAL SOCIETY A-MATHEMATICAL PHYSICAL AND ENGINEERING SCIENCES","10.1098/rspa.2025.0875",1
"Aef53c5c6","ARTIGO","Evaluation of the technical feasibility of using water treatment plant sludge in landfill cover layers",2026,"SCIENTIA PLENA","10.14808/sci.plena.2026.019911",1
"A30f8a259","ARTIGO","Fluoride levels in the public water supply of two municipalities in Goiás, 2024: benefits and risks for oral health",2026,"REVISTA DE ODONTOLOGIA DA UNESP (ONLINE)","10.1590/1807-2577.20260005",1
"A190b26fe","ARTIGO","Utilization of Thermally Modified Water Treatment Plant Sludge as an Adsorbent for Fluoride Removal",2026,"ENVIRONMENTAL QUALITY MANAGEMENT (PRINT)","10.1002/tqem.70381",1
"Af9fb7af7","ARTIGO","Nitrate in drinking water in rural communities in Goiás, Brazil",2026,"Revista Brasileira de Ciências Ambientais (Online)","10.5327/z2176-94782577",1
"Aa2200e48","ARTIGO","Human adenovirus detection in rural community water sources in central-west Brazil",2026,"Academia Immunity and Disease","10.20935/acadimmunodis8447",1
"A99612877","ARTIGO","From batch to continuous electrocoagulation: integrating hydrodynamics and process parameters for efficient fluoride removal and reactor scale-up",2026,"Environmental Science and Pollution Research","10.1007/s11356-026-38203-y",1
"A86cc3340","ARTIGO","Reuse of Polymeric Resin for Production of Activated Hydrochar Applied in Removal of Bisphenol A and Diclofenac Synthetic Aqueous Solution",2025,"Coatings","10.3390/coatings15010027",1
"Ac15b3356","ARTIGO","Operation of a Zero-Discharge Evapotranspiration Tank for Blackwater Disposal in a Rural Quilombola Household, Brazil",2025,"Water","10.3390/w17142098",1
"A9b166ed2","ARTIGO","Design Criteria for Wastewater Treatment and Disposal by Evapotranspiration Systems",2025,"Sustainability","10.3390/su17177961",1
"Add0977e5","ARTIGO","From batch to continuous in electrocoagulation: key parameters for efficient scaling in water treatment",2025,"Environmental Science and Pollution Research","10.1007/s11356-025-36962-8",1
"A913a895f","ARTIGO","Polymeric hydrochars produced from ion exchange resin residue applied in the removal of emerging contaminants in water",2024,"International Journal of Environmental Science and Technology","10.1007/s13762-024-05666-w",1
"Aff6156fe","ARTIGO","Predictor variables in the dissemination of the Chagas Disease in rural areas",2024,"PATHOGENS","10.3390/pathogens13050394",1
"A95b3cc0c","ARTIGO","Ethylene Elimination Using Activated Carbons Obtained from Baru (Dipteryx alata vog.) Waste and Impregnated with Copper Oxide",2024,"MOLECULES","10.3390/molecules29122717",1
"Aceababc0","ARTIGO","Proposition and Application of a Conceptual Model for Risk Management in Rural Areas: Rural Basic Sanitation Safety Plan (RBSSP)",2024,"RESOURCES","10.3390/resources13070090",1
"A59d79127","ARTIGO","Short Communication: Rotavirus Group A Occurrence in Rural Water Source Samples in a Midwest Region State of Brazil, Comparing Wet and Dry Seasons",2024,"Viruses-Basel","10.3390/v16091452",1
"Aa171f69e","ARTIGO","By-products of Baru and Monguba: A Review of their potential",2024,"Food and Humanity","10.1016/j.foohum.2024.100477",1
"Ae1428155","ARTIGO","Surface water quality in rural communities in the state of Goiás during the dry season and its relationship with land use and occupation",2023,"ENGENHARIA SANITÁRIA E AMBIENTAL (ONLINE)","10.1590/s1413-415220220215",1
"Afdb00e92","ARTIGO","Factors which impact ond the implementation of water security plans",2023,"Water","10.3390/w15040678",1
"A3616994d","ARTIGO","Definição de metas de saneamento básico e saúde: experiência participativa em uma comunidade rural e tradicional do estado de Goiás, Brasil",2023,"Cadernos Técnicos Engenharia Sanitária e Ambiental","10.5327/276455760302010",1
"A2654ea5d","ARTIGO","Challenges and facilitating factores to implement water safety plans: a systematic review",2023,"RGSA (ANPAD)","10.24857/rgsa.v17n2-001",1
"Aba32bdda","ARTIGO","Low vaccine coverage and factors associated with incomplete childhood immunization in racial/ethnic minorities and rural groups, Central Brazil",2023,"Vaccines","10.3390/vaccines11040838",1
"A3c427856","ARTIGO","Association among the presence of Rotavirus group A and types of sources located in rural communities",2023,"Water","10.3390/w15091763",1
"A5b3e9940","ARTIGO","Environmental variables related to Aedes aegypti breeding spots and the occurrence of arbovirus diseases",2023,"Sustainability","10.3390/su15108148",1
"A186b15c8","ARTIGO","Use of agroindustrial materials as activated carbon precursors for cafferine removal: Global overview",2023,"RGSA (ANPAD)","10.24857/rgsa.v17n2-027",1
"A9bdd651b","ARTIGO","Prevalence of Enterovirus in Water Consumed in Rural Areas in a State in the Midwest Region of Brazil",2023,"Sustainability","10.3390/su15139886",1
"Ae7af87a9","ARTIGO","Fluoride Removal from Aqueous Medium Using Biochar Produced from Coffee Ground",2023,"RESOURCES","10.3390/resources12070084",1
"A938d48c2","ARTIGO","Production of activated carbon from exhausted coffee grounds chemically modified with natural eucalyptus ash lye and its use in the fluoride adsorption process",2023,"Environmental Science and Pollution Research","10.1007/s11356-023-28825-x",1
"Ad495d04e","ARTIGO","Water for Human Consumption in Rural Areas Worldwide: A Systematic Review of the Presence of <i>Cryptosporidium</i> spp. and <i>Giardia</i> spp.",2023,"Journal Of Ecological Engineering","10.12911/22998993/172052",1
"A22902ce0","ARTIGO","Avaliação sazonal dos índices de qualidade de água dos mananciais afluentes ao reservatório João Leite, no estado de Goiás, Brasil",2023,"OBSERVATORIO DE LA ECONOMÍA LATINOAMERICANA","10.55905/oelv21n11-096",1
"A6cef2e5c","ARTIGO","Levels of Access to Water and their Impacts on The Quality of Life",2023,"RGSA (ANPAD)","10.24857/rgsa.v18n3-050",1
"A8ed9eace","ARTIGO","Segurança do trabalho no laboratório de análises de águas da Universidade Federal de Goiás",2023,"REEC - Revista Eletrônica de Engenharia Civil","10.5216/reec.v19i2.77690",1
"A70a5ec39","ARTIGO","Cobrança de água e esgoto no estado de Goiás e sua regulação",2023,"REEC - Revista Eletrônica de Engenharia Civil",,1
"A43e42d87","ARTIGO","Proposition and application of an environmental salubrity index in rural agglomerations",2022,"REVISTA DE SAÚDE PÚBLICA (ONLINE)","10.11606/s1518-8787.2022056003548",1
"A90212680","ARTIGO","Evaluation of Water Quality of Buritis Lake",2022,"Water","10.3390/w14091414",1
"A930345c2","ARTIGO","Salubridade ambiental: conceituação e aplicabilidade",2022,"ENGENHARIA SANITÁRIA E AMBIENTAL (ONLINE)","10.1590/s1413-415220210294",1
"A40384011","ARTIGO","Assessment of surface water quality of the bois river (Goiás, Brazil) using an integrated physicochemical, microbiological and ecotoxicological approach",2022,"JOURNAL OF ENVIRONMENTAL SCIENCE AND HEALTH PART A-TOXIC/HAZARDOUS SUBSTANCES & ENVIRONMENTAL ENGINEERING","10.1080/10934529.2022.2060026",1
"A2c4ecc9e","ARTIGO","Habitação e Habitabilidade Rurais",2022,"Revista Ibero-americana de Ciências Ambientais","10.6008/cbpc2179-6858.2022.005.0015",1
"A02c6c443","ARTIGO","QUANTIFICAÇÃO DE VÍRUS ENTÉRICOS EM ESGOTO BRUTO E TRATADO NA CIDADE DE GOIÂNIA",2022,"Águas e Resíduos","10.22181/aer.2022.1103",1
"Af833ca1c","ARTIGO","How much are metals for next-generation clean technologies harmful to aquatic animal health? A study with cobalt and nickel effects in zebrafish (Danio rerio)",2022,"Journal of Hazardous Materials Advances","10.1016/j.hazadv.2022.100160",1
"A1301ec89","ARTIGO","Safety index of individual basic sanitation systems in rural area",2022,"FÓRUM AMBIENTAL DA ALTA PAULISTA","10.17271/1980082718320223302",1
"A1554ad7a","ARTIGO","Technique proposal and application for risk assessment in collective basic sanitation system in rural areas",2022,"FÓRUM AMBIENTAL DA ALTA PAULISTA","10.17271/1980082718320223316",1
"A78aba392","ARTIGO","Health Risks in a Brazilian Cerrado Population due to Patho-gens Transmitted through Water and Land Use Conditions",2022,"Water","10.3390/w15010158",1
"A567a3412","ARTIGO","Cobertura vacinal em crianças assentadas, quilombolas e ribeirinhas do estado de Goiás",2022,"Revista Imunizações",,1
"A2e89796c","ARTIGO","Risk to human health from protozoan (oo)cysts in water treatment plants",2021,"ENGENHARIA SANITÁRIA E AMBIENTAL (ONLINE)","10.1590/s1413-415220210030",1
"A908ece38","ARTIGO","Enzymatic Electroanalytical Biosensor Based on Maramiellus colocasiae Fungus for Detection of Phytomarkers in Infusions and Green Tea Kombucha",2021,"BIOSENSORS","10.3390/bios11030091",1
"Ad6283d02","ARTIGO","Escherichia coli, Species C Human Adenovirus, and Enterovirus in Water Samples Consumed in Rural Areas of Goiás, Brazil",2021,"Food and Environmental Virology","10.1007/s12560-021-09504-x",1
"A37a77fee","ARTIGO","Projeto Vigiflúor Goiás: a parceria ensino-serviço como estratégia de apoio à vigilância da fluoretação da água de abastecimento",2021,"REVISTA CIÊNCIA PLURAL",,1
"A6b0b2b41","ARTIGO","Biological index based on epiphytic diatom assemblages is more restrictive than the physicochemical index in water assessment on an Amazon floodplain, Brazil",2020,"Environmental Science and Pollution Research","10.1007/s11356-020-07658-y",1
"Aabb002b9","ARTIGO","Comparison of two methods for determining Q95 reference flow in the mouth of the surface catchment basin of the Meia Ponte river, state of Goiás, Brazil",2020,"OPEN ENGINEERING","10.1515/eng-2020-0053",1
"Aa5055e53","ARTIGO","Evaluation of the Caesium-137 Activity at the Rochedo Dam, Goiás, Brazil",2020,"KnE Engineering","10.18502/keg.v5i5.6951",1
"A3f569199","ARTIGO","Detection of Cryptosporidium spp. oocysts and Giardia spp. cysts in surface water destined for public supply in the state of Goiás, Brazil",2020,"ENGENHARIA SANITÁRIA E AMBIENTAL (ONLINE)","10.1590/s1413-4152202020200312",1
"Aa5069355","ARTIGO","Prevalence of endoparasitors in rural communities in Central Brazil: a cross-sectional study",2020,"EUROPEAN JOURNAL OF PUBLIC HEALTH","10.1093/eurpub/ckaa166.689",1
"A0de7a007","ARTIGO","Reuse of alum sludge for reducing flocculant addition in water treatment plants",2019,"Environment Protection Engineering","10.37190/epe190105",1
"Ac23d07f0","ARTIGO","Indicador de salubridade ambiental em 21 municípios do estado de Goiás com serviços públicos de saneamento básico operados pelas prefeituras",2019,"ENGENHARIA SANITÁRIA E AMBIENTAL (ONLINE)","10.1590/s1413-41522019188336",1
"Acd097c71","ARTIGO","Eletrocoagulação em lavagem automotiva",2019,"HYDRO (SÃO PAULO)",,1
"A476dca98","ARTIGO","Seasonal evaluation of surface water quality at the Tamanduá stream watershed (Aparecida de Goiânia, Goiás, Brazil) using the Water Quality Index",2019,"OPEN ENGINEERING","10.1515/eng-2019-0010",1
"Ab3fea487","ARTIGO","Evaluation of the raw water quality: physicochemical and toxicological approaches",2019,"ENVIRONMENTAL GEOCHEMISTRY AND HEALTH","10.1007/s10653-019-00292-9",1
"A6830c646","ARTIGO","Activated carbon produced from waste coffee grounds for an effective removal of bisphenol-A in aqueous medium",2019,"Environmental Science and Pollution Research","10.1007/s11356-019-05717-7",1
"A21059610","ARTIGO","Decaimento de cloro residual livre em águas distribuidas em redes de abastecimento",2019,"Brazilian Journal of Development","10.34117/bjdv5n9-187",1
"A6c75cf48","ARTIGO","Coleta e aproveitamento de água de aparelhos de ar-condicionado",2019,"Brazilian Journal of Development","10.34117/bjdv5n9-186",1
"A07371a4d","ARTIGO","Associação entre possíveis criadouros e Aedes e ocorrência de Dengue em assentamentos rurais",2019,"Gaceta Sanitaria",,1
"A2ed7fa56","ARTIGO","Evalution of water quality for consumption and prevalence of antibiotic-resistant bacteria: a study in quilombola communities of Goiás, Brazil",2019,"REVISTA SAPIÊNCIA: SOCIEDADE, SABERES E PRÁTICAS EDUCACIONAIS",,1
"A96c931a2","ARTIGO","Risco de contaminação pela presença de disposição final de resíduos sólidos em bacias de captação superficial de água",2018,"ENGENHARIA SANITÁRIA E AMBIENTAL (ONLINE)","10.1590/s1413-41522018174184",1
"A88bcc93b","ARTIGO","Real-scale comparison between simple and composite raw sewage sampling",2018,"OPEN ENGINEERING","10.1515/eng-2018-0019",1
"A79c75e1d","ARTIGO","Development of chemically modified electrode with methylene blue anchored onto silica/niobium for sulfide analysis",2017,"PERIÓDICO TCHÊ QUÍMICA (MEIO ELETRÔNICO)",,1
"A8ca52d38","ARTIGO","Avaliação de métodos para determinação de cloro residual livre em águas de abastecimento público",2016,"Semina. Ciências Exatas e Tecnológicas (Online)","10.5433/1679-0375.2016v37n1p119",1
"A02448b85","ARTIGO","Gestão dos serviços públicos de água e esgoto operados por municípios em Goiás, GO, Brasil",2016,"Revista Ambiente & Água","10.4136/ambi-agua.1739",1
"A11474de9","ARTIGO","Peroxidase de gramínea de Cerrado como alternativa no tratamento de efluentes agroindustriais",2016,"Revista Ambiente & Água","10.4136/ambi-agua.1735",1
"A2ccdd798","ARTIGO","Comparação entre dois métodos para determinação da qualidade da água tratada",2016,"Ciência & Engenharia","10.14393/19834071.2015.30122",1
"A2feefb78","ARTIGO","Avaliação da Gestão dos Resíduos Perigosos em Postos de combustíveis no Município de Hidrolândia ? GO, Brasil",2016,"Tecnia",,1
"A3ef7211f","ARTIGO","Gênero e Gestão Integrada dos Recursos Hídricos e Saneamento: aproximações da realidade cabo-verdiana e brasileira",2015,"Revista Monografias Ambientais",,1
"A72de32f1","ARTIGO","Caracterização de resíduos esgotados de fossas do município de Itumbiara no estado de Goiás",2015,"Revista Brasileira de Ciências Ambientais (Online)",,1
"Add016cf0","ARTIGO","Cenário da disposição do lodo de esgoto: uma revisão das publicações ocorridas no Brasil de 2004 a 2014",2015,"Multi-Science Journal",,1
"A3829443b","ARTIGO","Influência da válvula bloqueadora de ar instalada após o hidrômetro",2015,"Universitas (Araçatuba)",,1
"A8742b14f","ARTIGO","Soil-Cement Floor Produced with Alum Water Treatment Residues",2015,"World Academy of Science, Engineering and Technology",,1
"A805266ad","ARTIGO","Caracterização de resíduo de ETA visando sua disposição na saída de Lagoas de Estabilização",2014,"Revista Monografias Ambientais",,1
"Afebd2d6f","ARTIGO","Development of a Laccase Biosensor for Determination of Phenolic Micropollutants in Surface Waters",2014,"Chemické Listy (Print)",,1
"A612c41c3","ARTIGO","Substituição racional de hidrômetros em sistemas de abastecimento de água (doi:10.5216/reec.v9i3.31378)",2014,"REEC - Revista Eletrônica de Engenharia Civil","10.5216/reec.v9i3.31378",1
"A067aa1ee","ARTIGO","GESTÃO DO ÓLEO LUBRIFICANTE USADO EM POSTOS DE COMBUSTÍVEIS NO MUNICÍPIO DE TEREZÓPOLIS DE GOIÁS - GO, BRASIL",2014,"Revista Monografias Ambientais","10.5902/2236130815193",1
"A7359617c","ARTIGO","Filtração em cerâmica microporosa apicada à remoção de cor e turbidez de água para abastecimento público",2013,"Engenharia Ambiental (Online)",,1
"Aee7725ca","ARTIGO","Resistência específica do material sedimentado em ensaio de Jar Test, obtido com a adição de lodo de Estação de Tratamento de Água",2013,"Revista Brasileira de Engenharia Química",,1
"A2027f9d1","ARTIGO","Variação na micromedição do consumo de água no funcionamento correto e reversível do hidrômetro",2012,"REEC - Revista Eletrônica de Engenharia Civil","10.5216/reec.v6i1.21240",1
"A0aaf9384","ARTIGO","Avaliação da contribuição de vazamentos de água no sistema de esgoto",2012,"REEC - Revista Eletrônica de Engenharia Civil","10.5216/reec.v5i2.20956",1
"Ac3a7eee0","ARTIGO","Disposição de resíduos gerados em ETAs no decantador primário de ETEs",2011,"Hydro (São Paulo)",,1
"Ad7091975","ARTIGO","Autodepuração do Ribeirão das Cruzes após receber efluentes da estação de tratamento de esgotos do município de Araraquara-SP",2005,"Saúde e Sociedade",,1
"Acffe909d","ARTIGO","Monitoramento de parâmetros físico-químicos para avaliação da eficiência e dos impactos ambientais de uma estação de tratamento de esgotos",2003,"Anais da Associação Brasileira de Química",,1
"Afb200473","ARTIGO","Resistência específica de lodo em ensaio de clarificação, por sedimentação, da água de lavagem de filtros de ETA",1999,"Engenharia Sanitária e Ambiental",,1
"A8f06a75d","LIVRO","XXVII Exposição de Experiências Municipais em Saneamento",2024,"ASSEMAE",,1
"A0b2dfc27","LIVRO","XXIV Exposição de Experiências Municipais em Saneamento",2024,"ASSEMAE",,1
"Ae1f26668","LIVRO","Plano de Segurança do Saneamento Rural (PSSR): Comunidade de Extrema, Iaciara ? Goiás",2023,"CEGRAF",,1
"A9a1cc1a4","LIVRO","Plano de Segurança do Saneamento Rural (PSSR): Comunidade Arraial da Ponte, Água Limpa de Goiás ? Goiás",2023,"CEGRAF",,1
"A968bfb87","LIVRO","Plano de Segurança do Saneamento Rural (PSSR): Assentamento Rochedo, Professor Jamil ? Goiás",2023,"CEGRAF",,1
"Aaa688f35","LIVRO","Plano de Segurança do Saneamento Rural (PSSR): Assentamento Arraial das Antas II, Faina ? Goiás",2023,"CEGRAF",,1
"A300b2a3d","LIVRO","Plano de Segurança do Saneamento Rural (PSSR): Comunidade do Forte, São João da Aliança ? Goiás",2023,"CEGRAF",,1
"A8dbbd0ed","LIVRO","Plano de Segurança do Saneamento Rural (PSSR): Comunidade Canabrava, Flores de Goiás ? Goiás",2023,"CEGRAF",,1
"A7624719a","LIVRO","Plano de Segurança do Saneamento Rural (PSSR): Assentamento Madre Cristina, Goiandira ? Goiás",2023,"CEGRAF",,1
"Ab7ca885d","LIVRO","Plano de Segurança do Saneamento Rural (PSSR): Comunidade dos Almeidas, Silvânia ? Goiás",2023,"CEGRAF",,1
"A94ad7f07","LIVRO","Plano de Segurança do Saneamento Rural (PSSR): Comunidade de Baco Pari, Posse ? Goiás",2023,"CEGRAF",,1
"Adb48ae74","LIVRO","Plano de Segurança do Saneamento Rural (PSSR): Assentamento Julião Ribeiro, Niquelândia ? Goiás",2023,"CEGRAF",,1
"Acb3ae086","LIVRO","Plano de Segurança do Saneamento Rural (PSSR): Assentamento Lageado, São Miguel do Araguaia ? Goiás",2023,"CEGRAF",,1
"Af255117d","LIVRO","Plano de Segurança do Saneamento Rural (PSSR): Comunidade Landi, Nova Crixás ? Goiás",2023,"CEGRAF",,1
"A07529dda","LIVRO","Plano de Segurança do Saneamento Rural (PSSR): Assentamento Monte Moria, São Luíz do Norte ? Goiás",2023,"CEGRAF",,1
"Aebb9db34","LIVRO","Plano de Segurança do Saneamento Rural (PSSR): Comunidade de Porto Leucádio, São Luíz do Norte ? Goiás",2023,"CEGRAF",,1
"Aff2ba74b","LIVRO","Plano de Segurança do Saneamento Rural (PSSR): Comunidade Povoado Moinho, Alto Paraíso de Goiás ? Goiás",2023,"CEGRAF",,1
"A48b4d1b7","LIVRO","Plano de Segurança do Saneamento Rural (PSSR): Comunidade do Quilombo do Magalhães, Nova Roma ? Goiás",2023,"CEGRAF",,1
"A039a506e","LIVRO","Plano de Segurança do Saneamento Rural (PSSR): Assentamento Santa Fé da Laguna, Barro Alto ? Goiás",2023,"CEGRAF",,1
"A893cd470","LIVRO","Plano de Segurança do Saneamento Rural (PSSR): Assentamento Tarumã, Nova Crixás ? Goiás",2023,"CEGRAF",,1
"A848fd3e3","LIVRO","Plano de Segurança do Saneamento Rural (PSSR): Comunidade Água Limpa, Faina ? Goiás",2023,"CEGRAF",,1
"Ac2d85216","LIVRO","Plano de Segurança do Saneamento Rural (PSSR): Comunidade Córrego do Inhambú, Cachoeira Dourada ? Goiás",2023,"CEGRAF",,1
"A8a10adc5","LIVRO","Plano de Segurança do Saneamento Rural (PSSR): Comunidade de Mesquita, Cidade Ocidental ? Goiás",2023,"CEGRAF",,1
"A24f45054","LIVRO","Plano de Segurança do Saneamento Rural (PSSR): Comunidade Olhos D'Água, Gameleira de Goiás ? Goiás",2023,"CEGRAF",,1
"A119e85bc","LIVRO","Plano de Segurança do Saneamento Rural (PSSR): Assentamento Pouso Alegre, Mineiros ? Goiás",2023,"CEGRAF",,1
"Adbf446dd","LIVRO","Plano de Segurança do Saneamento Rural (PSSR): Comunidade Povoado Veríssimo, Goiandira ? Goiás",2023,"CEGRAF",,1
"A8f4feb97","LIVRO","Plano de Segurança do Saneamento Rural (PSSR): Comunidade José de Coleto, Colinas do Sul ? Goiás",2023,"CEGRAF",,1
"Aa4bda381","LIVRO","Plano de Segurança do Saneamento Rural (PSSR): Comunidade de Mimoso (Queixo Dantas), Mimoso de Goiás ? Goiás",2023,"CEGRAF",,1
"A957c63c5","LIVRO","Plano de Segurança do Saneamento Rural (PSSR): Comunidade de Quilombolas de Minaçu (Povoado Vermelho), Minaçu ? Goiás",2023,"CEGRAF",,1
"A40acd720","LIVRO","Plano de Segurança do Saneamento Rural (PSSR): Assentamento São Lourenço, Uruaçu ? Goiás",2023,"CEGRAF",,1
"A56c07aa9","LIVRO","Plano de Segurança do Saneamento Rural (PSSR): Comunidade de Sumidouro, Padre Bernardo ? Goiás",2023,"CEGRAF",,1
"A13e1ea3a","LIVRO","Plano de Segurança do Saneamento Rural (PSSR): Comunidade de Taquarussu, Campos Belos ? Goiás",2023,"CEGRAF",,1
"Af76b5af2","LIVRO","Plano de Segurança do Saneamento Rural (PSSR): Comunidade de Cedro, Mineiros ? Goiás",2023,"CEGRAF",,1
"Af907a1ea","LIVRO","Plano de Segurança do Saneamento Rural (PSSR): Assentamento Engenho da Pontinha, Santa Rita do Novo Destino ? Goiás",2023,"CEGRAF",,1
"A401c14d5","LIVRO","Plano de Segurança do Saneamento Rural (PSSR): Comunidade Quilombola da Fazenda Santo Antônio da Laguna, Barro Alto ? Goiás",2023,"CEGRAF",,1
"A4b431e78","LIVRO","Plano de Segurança do Saneamento Rural (PSSR): Comunidade Fio Velasco, São Miguel do Araguaia ? Goiás",2023,"CEGRAF",,1
"A0ea19073","LIVRO","Plano de Segurança do Saneamento Rural (PSSR): Comunidade Itacaiú, Britânia ? Goiás",2023,"CEGRAF",,1
"A275402f7","LIVRO","Plano de Segurança do Saneamento Rural (PSSR): Comunidade Registro do Araguaia, São Miguel do Araguai ? Goiás",2023,"CEGRAF",,1
"A2cf45af0","LIVRO","Plano de Segurança do Saneamento Rural (PSSR): Assentamento João de Deus, Silvânia ? Goiás",2023,"CEGRAF",,1
"A56104727","LIVRO","Proposição de Soluções de Saneamento Básico: Assentamento João de Deus, Silvânia ? Goiás",2023,"CEGRAF",,1
"A3ba11891","LIVRO","Proposição de Soluções de Saneamento Básico: Comunidade Quilombola de Extrema, Iaciara ? Goiás",2023,"CEGRAF",,1
"Ad1ff41a2","LIVRO","Proposição de Soluções de Saneamento Básico: Comunidade Quilombola Rafael Machado, Niquelândia ? Goiás",2023,"CEGRAF",,1
"A6734dc4c","LIVRO","Proposição de Soluções de Saneamento Básico: Comunidade Ribeirinha Arraial da Ponte, Água Limpa ? Goiás",2023,"CEGRAF",,1
"A22a73e1d","LIVRO","Proposição de Soluções de Saneamento Básico: Assentamento Rochedo, Professor Jamil ? Goiás",2023,"CEGRAF",,1
"A0f13a6a0","LIVRO","Proposição de Soluções de Saneamento Básico: Assentamento Arraial das Antas II, Faina ? Goiás",2023,"CEGRAF",,1
"A35351619","LIVRO","Proposição de Soluções de Saneamento Básico: Comunidade Quilombola do Forte, São João Da Aliança ? Goiás",2023,"CEGRAF",,1
"A1ae96d2c","LIVRO","Proposição de Soluções de Saneamento Básico: Comunidade Quilombola Canabrava, Flores de Goiás ? Goiás",2023,"CEGRAF",,1
"A606b8b1b","LIVRO","Proposição de Soluções de Saneamento Básico: Comunidade Quilombola Castelo/Retiro e Três Rios, Simolândia ? Goiás",2023,"CEGRAF",,1
"A4be2572c","LIVRO","Proposição de Soluções de Saneamento Básico: Assentamento Itajá II, Goianésia ? Goiás",2023,"CEGRAF",,1
"A88d18c74","LIVRO","Proposição de Soluções de Saneamento Básico: Assentamento Madre Cristina, Goiandira ? Goiás",2023,"CEGRAF",,1
"A1168c889","LIVRO","Proposição de Soluções de Saneamento Básico: Comunidade Quilombola dos Almeidas, Silvânia ? Goiás",2023,"CEGRAF",,1
"A49b60d20","LIVRO","Proposição de Soluções de Saneamento Básico: Comunidade Quilombola De Baco Pari, Iaciara/Posse ? Goiás",2023,"CEGRAF",,1
"A31eee2b6","LIVRO","Proposição de Soluções de Saneamento Básico: Assentamento Julião Ribeiro, Niquelândia ? Goiás",2023,"CEGRAF",,1
"Aac761c5b","LIVRO","Proposição de Soluções de Saneamento Básico: Comunidade Quilombola de Pelotas, Monte Alegre de Goiás ? Goiás",2023,"CEGRAF",,1
"Ab313d90e","LIVRO","Proposição de Soluções de Saneamento Básico: Assentamento Piracanjuba, Piracanjuba ? Goiás",2023,"CEGRAF",,1
"Aec938b36","LIVRO","Proposição de Soluções de Saneamento Básico: Assentamento Lageado, São Miguel do Araguaia ? Goiás",2023,"CEGRAF",,1
"Ace851e6a","LIVRO","Proposição de Soluções de Saneamento Básico: Comunidade Ribeirinha Landi, Nova Crixás ? Goiás",2023,"CEGRAF",,1
"A3fdca575","LIVRO","Proposição de Soluções de Saneamento Básico: Assentamento Monte Moria, São Luíz do Norte ? Goiás",2023,"CEGRAF",,1
"A5d00528b","LIVRO","Proposição de Soluções de Saneamento Básico: Comunidade Quilombola de Porto Leucádio, São Luiz do Norte ? Goiás",2023,"CEGRAF",,1
"A7d4c975e","LIVRO","Proposição de Soluções de Saneamento Básico: Comunidade Quilombola Povoado Moinho, Alto Paraíso de Goiás ? Goiás",2023,"CEGRAF",,1
"A5a6a4f2e","LIVRO","Proposição de Soluções de Saneamento Básico: Comunidade do Quilombo do Magalhães, Nova Roma ? Goiás",2023,"CEGRAF",,1
"A019bd6d8","LIVRO","Proposição de Soluções de Saneamento Básico: Assentamento Santa Fé da Laguna, Barro Alto ? Goiás",2023,"CEGRAF",,1
"Adf1f1acf","LIVRO","Proposição de Soluções de Saneamento Básico: Assentamento Tarumã, Nova Crixás ? Goiás",2023,"CEGRAF",,1
"Abf71a1fa","LIVRO","Proposição de Soluções de Saneamento Básico: Comunidade Quilombola Água Limpa, Faina ? Goiás",2023,"CEGRAF",,1
"A31e0b41e","LIVRO","Proposição de Soluções de Saneamento Básico: Comunidade Quilombola Córrego do Inhambú, Cacheira Dourada ? Goiás",2023,"CEGRAF",,1
"A34e682a2","LIVRO","Proposição de Soluções de Saneamento Básico: Comunidade Quilombola Mesquita, Cidade Ocidental ? Goiás",2023,"CEGRAF",,1
"Abadf3b0f","LIVRO","Proposição de Soluções de Saneamento Básico: Comunidade Ribeirinha Olhos d?Água, Gameleira de Goiás ? Goiás",2023,"CEGRAF",,1
"A18cb2cbe","LIVRO","Proposição de Soluções de Saneamento Básico: Assentamento Pouso Alegre, Mineiros ? Goiás",2023,"CEGRAF",,1
"Ac7673633","LIVRO","Proposição de Soluções de Saneamento Básico: Comunidade Ribeirinha Povoado Veríssimo, Goiandira ? Goiás",2023,"CEGRAF",,1
"A4a2a9f10","LIVRO","Proposição de Soluções de Saneamento Básico: Comunidade Quilombola São Domingos, Cavalcante ? Goiás",2023,"CEGRAF",,1
"A108210de","LIVRO","Proposição de Soluções de Saneamento Básico: Comunidade Quilombola Vazante, Divinópolis de Goiás ? Goiás",2023,"CEGRAF",,1
"A5c073f44","LIVRO","Proposição de Soluções de Saneamento Básico: Assentamento Céu Azul, Minaçu ? Goiás",2023,"CEGRAF",,1
"Aaad66382","LIVRO","Proposição de Soluções de Saneamento Básico: Comunidade Quilombola José de Coleto, Colinas do Sul ? Goiás",2023,"CEGRAF",,1
"Ae2afe7b4","LIVRO","Proposição de Soluções de Saneamento Básico: Comunidade de Mimoso (Queixo Dantas), Mimoso de Goiás ? Goiás",2023,"CEGRAF",,1
"A259a1a45","LIVRO","Proposição de Soluções de Saneamento Básico: Comunidade de Quilombolas de Minaçu (Povoado Vermelho), Minaçu ? Goiás",2023,"CEGRAF",,1
"A764edc8c","LIVRO","Proposição de Soluções de Saneamento Básico: Assentamento São Lourenço, Uruaçu ? Goiás",2023,"CEGRAF",,1
"A40028889","LIVRO","Proposição de Soluções de Saneamento Básico: Assentamento São Sebastião da Garganta, Silvânia ? Goiás",2023,"CEGRAF",,1
"A6cdeae69","LIVRO","Proposição de Soluções de Saneamento Básico: Comunidade de Quilombola Sumidouro, Padre Bernardo ? Goiás",2023,"CEGRAF",,1
"A2a0cc4ea","LIVRO","Proposição de Soluções de Saneamento Básico: Comunidade Quilombola de Taquarussu, Campos Belos ? Goiás",2023,"CEGRAF",,1
"Aa89e15d8","LIVRO","Proposição de Soluções de Saneamento Básico: Assentamento Engenho da Pontinha, Santa Rita do Novo Destino ? Goiás",2023,"CEGRAF",,1
"A09d091ff","LIVRO","Proposição de Soluções de Saneamento Básico: Comunidade Quilombola da Fazenda Santo Antônio da Laguna, Barro Alto ? Goiás",2023,"CEGRAF",,1
"Aa98c75a8","LIVRO","Proposição de Soluções de Saneamento Básico: Comunidade Ribeirinha Fio Velasco, São Miguel do Araguaia ? Goiás",2023,"CEGRAF",,1
"A6043efe4","LIVRO","Proposição de Soluções de Saneamento Básico: Assentamento Fortaleza, Piranhas ? Goiás",2023,"CEGRAF",,1
"A699f3c4a","LIVRO","Proposição de Soluções de Saneamento Básico: Comunidade Ribeirinha Itacaiú, Britânia ? Goiás",2023,"CEGRAF",,1
"Afa44e528","LIVRO","Proposição de Soluções de Saneamento Básico: Comunidade Quilombola de Pombal, Santa Rita do Novo Destino ? Goiás",2023,"CEGRAF",,1
"A29cdf804","LIVRO","Proposição de Soluções de Saneamento Básico: Comunidade Ribeirinha Registro do Araguaia, Montes Claros de Goiás ? Goiás",2023,"CEGRAF",,1
"Ad4eb83af","LIVRO","XXVI Exposição de Experiências Municipais em Saneamento",2023,"ASSEMAE",,1
"A58db1cc5","LIVRO","Proposição de Soluções de Saneamento Básico: Comunidade Quilombola de Cedro, Mineiros ? Goiás",2023,"CEGRAF",,1
"A0dca60ae","LIVRO","Metodologia para elaboração do Plano de Segurança do Saneamento Rural (PSSR)",2022,"CEGRAF",,1
"A425a3480","LIVRO","50° Congresso Nacional de Saneamento da Assemae",2022,"ASSEMAE",,1
"Ace6ebb03","LIVRO","Disponibilidade hídrica em comunidades rurais e tradicionais do Estado de Goiás - 2020",2021,"CEGRAF",,1
"A53eb65d1","LIVRO","Diagnóstico técnico participativo da Comunidade 17 de Abril: Faina ? Goiás: 2018",2021,"EGRAF",,1
"A46abd8ed","LIVRO","Diagnóstico técnico participativo da Comunidade de Abobreira: Nova Roma - Goiás: 2018",2021,"CEGRAF",,1
"A1920e583","LIVRO","Diagnóstico técnico participativo da Comunidade Acaba Vida: Niquelândia - Goiás: 2018",2021,"CEGRAF",,1
"A243ec905","LIVRO","Diagnóstico técnico participativo da Comunidade Água Limpa: Niquelândia - Goiás: 2018",2021,"CEGRAF",,1
"A4d415205","LIVRO","Diagnóstico técnico participativo da Comunidade Água Limpa: Faina - Goiás: 2019",2021,"CEGRAF",,1
"Acfe47adb","LIVRO","Diagnóstico técnico participativo da Comunidade Água Quente: Minaçu - Goiás: 2018",2021,"CEGRAF",,1
"A210cc517","LIVRO","Diagnóstico técnico participativo da Comunidade Ana Laura: Piracanjuba - Goiás: 2019",2021,"CEGRAF",,1
"A7a506ff9","LIVRO","Diagnóstico técnico participativo da Comunidade Aranha: Niquelândia - Goiás: 2019",2021,"CEGRAF",,1
"A5f8e5daf","LIVRO","Diagnóstico técnico participativo da Comunidade Balbino dos Santos: Santa Rita do Novo Destino - Goiás: 2019",2021,"CEGRAF",,1
"Aa97b44f2","LIVRO","Diagnóstico técnico participativo da Comunidade Boa Esperança: Piracanjuba - Goiás: 2018",2021,"CEGRAF",,1
"Ab2fd32f0","LIVRO","Diagnóstico técnico participativo da Comunidade Boa Nova: Professor Jamil - Goiás: 2019",2021,"CEGRAF",,1
"A0bf3263c","LIVRO","Diagnóstico técnico participativo da Comunidade de Brejão: Campos Belos - Goiás: 2019",2021,"CEGRAF",,1
"A045672a2","LIVRO","Diagnóstico técnico participativo da Comunidade Buracão: Mineiros - Goiás: 2019",2021,"CEGRAF",,1
"Aa302d9bc","LIVRO","Diagnóstico técnico participativo da Comunidade Buriti: Silvânia - Goiás: 2018",2021,"CEGRAF",,1
"Ae39e27e4","LIVRO","Diagnóstico técnico participativo da Comunidade Campo Alegre: São Miguel do Araguaia - Goiás: 2018",2021,"CEGRAF",,1
"Ac1120a96","LIVRO","Diagnóstico técnico participativo da Comunidade Cantoneiras: Nova Crixás - Goiás: 2018",2021,"CEGRAF",,1
"A1faf550f","LIVRO","Diagnóstico técnico participativo da Comunidade Canudos: Palmeiras de Goiás - Goiás: 2018",2021,"CEGRAF",,1
"A154d7c90","LIVRO","Diagnóstico técnico participativo da Comunidade Capela: Cavalcante - Goiás: 2019",2021,"CEGRAF",,1
"Aaf60aee4","LIVRO","Diagnóstico técnico participativo da Comunidade de Cedro: Mineiros - Goiás: 2019",2021,"CEGRAF",,1
"A84b58bed","LIVRO","Diagnóstico técnico participativo da Comunidade Céu Azul: Minaçu - Goiás: 2018",2021,"CEGRAF",,1
"Ab10bf1e9","LIVRO","Diagnóstico técnico participativo da Comunidade Conceição: Niquelândia - Goiás: 2018",2021,"CEGRAF",,1
"Adf1ea909","LIVRO","Diagnóstico técnico participativo da Comunidade Cora Coralina: Faina - Goiás: 2018",2021,"CEGRAF",,1
"Afe8543fa","LIVRO","Diagnóstico técnico participativo da Comunidade Diadema: Teresina de Goiás - Goiás: 2018",2021,"CEGRAF",,1
"A5741cda9","LIVRO","Diagnóstico técnico participativo da Comunidade Dom Roriz: Minaçu - Goiás: 2018",2021,"CEGRAF",,1
"Aa9608a25","LIVRO","Diagnóstico técnico participativo da Comunidade Engenho 2: Cavalcante - Goiás: 2019",2021,"CEGRAF",,1
"A6b0483d0","LIVRO","Diagnóstico técnico participativo da Comunidade Engenho da Pontinha: Santa Rita do Novo Destino - Goiás: 2018",2021,"CEGRAF",,1
"A27b6d109","LIVRO","Diagnóstico técnico participativo da Comunidade Engenho do Bom Sucesso: Niquelândia - Goiás: 2018",2021,"CEGRAF",,1
"Ac53c83e8","LIVRO","Diagnóstico técnico participativo da Comunidade Fazendo Santo Antônio da Laguna: Barro Alto - Goiás: 2019",2021,"CEGRAF",,1
"Aefa7e8d6","LIVRO","Diagnóstico técnico participativo da Comunidade Fio Velasco: São Miguel do Araguaia - Goiás: 2019",2021,"CEGRAF",,1
"Abcd7b5ed","LIVRO","Diagnóstico técnico participativo da Comunidade Florestan Fernandes: Nova Crixás - Goiás: 2018",2021,"CEGRAF",,1
"A0d1380da","LIVRO","Diagnóstico técnico participativo da Comunidade Formiguinha: Mineiros ? Goiás: 2019",2021,"CEGRAF",,1
"Acf973701","LIVRO","Diagnóstico técnico participativo da Comunidade de Fortaleza: Piranhas ? Goiás: 2018",2021,"CEGRAF",,1
"A764b09c4","LIVRO","Diagnóstico técnico participativo da Comunidade Goianinha: Palmeiras de Goiás ? Goiás: 2019",2021,"CEGRAF",,1
"Aa05edeb9","LIVRO","Diagnóstico técnico participativo da Comunidade Gustavo Martins: São Miguel do Araguaia ? Goiás: 2018",2021,"CEGRAF",,1
"A6bbc908f","LIVRO","Diagnóstico técnico participativo da Comunidade Independência: Santa Rita do Novo Destino ? Goiás: 2018",2021,"CEGRAF",,1
"A0789a0c6","LIVRO","Diagnóstico técnico participativo da Comunidade Itacaiú: Britânia ? Goiás: 2018",2021,"CEGRAF",,1
"Ab4a43095","LIVRO","Diagnóstico técnico participativo da Comunidade Jardim Cascata: Aparecida de Goiânia ? Goiás: 2019",2021,"CEGRAF",,1
"Aefbbc06e","LIVRO","Diagnóstico técnico participativo da Comunidade José Martí: Niquelândia ? Goiás: 2018",2021,"CEGRAF",,1
"A0004ba7a","LIVRO","Diagnóstico técnico participativo da Comunidade Urbana João Borges Vieira: Uruaçu ? Goiás: 2019",2021,"CEGRAF",,1
"A68fe692c","LIVRO","Diagnóstico técnico participativo da Comunidade José de Coleto: Colinas do Sul ? Goiás: 2019",2021,"CEGRAF",,1
"Aef8f8f65","LIVRO","Diagnóstico técnico participativo da Comunidade Kalunga dos Morros: Cavalcante ? Goiás: 2019",2021,"CEGRAF",,1
"Aabe3216f","LIVRO","Diagnóstico técnico participativo da Comunidade Lagoa do Lago: São Miguel do Araguaia ? Goiás: 2019",2021,"CEGRAF",,1
"Ad454c3ea","LIVRO","Diagnóstico técnico participativo da Comunidade Lagoa de Genipapo: Nova Crixás ? Goiás: 2018",2021,"CEGRAF",,1
"A726d9ebf","LIVRO","Diagnóstico técnico participativo da Comunidade Lagoa Santa: Santa Rita do Novo Destino ? Goiás: 2018",2021,"CEGRAF",,1
"Aa956e634","LIVRO","Diagnóstico técnico participativo da Comunidade Lagoa Seca: Santa Rita do Novo Destino ? Goiás: 2018",2021,"CEGRAF",,1
"A52f19e6b","LIVRO","Diagnóstico técnico participativo da Comunidade Limoeiro: Faina ? Goiás: 2018",2021,"CEGRAF",,1
"Abe088e39","LIVRO","Diagnóstico técnico participativo da Comunidade de Mimoso (Queixo Dantas): Mimoso de Goiás ? Goiás: 2019",2021,"CEGRAF",,1
"A0799f8ea","LIVRO","Diagnóstico técnico participativo da Comunidade Mucambão: Minaçu ? Goiás: 2018",2021,"CEGRAF",,1
"A821bddf4","LIVRO","Diagnóstico técnico participativo da Comunidade Nascente São Domingos: Piranhas ? Goiás: 2018",2021,"CEGRAF",,1
"A739e1916","LIVRO","Diagnóstico técnico participativo da Comunidade Noite Negra: Minaçu ? Goiás: 2018",2021,"CEGRAF",,1
"A01690824","LIVRO","Diagnóstico técnico participativo da Comunidade Novo Horizonte: São Luíz do Norte ? Goiás: 2018",2021,"CEGRAF",,1
"A52c851ef","LIVRO","Diagnóstico técnico participativo da Comunidade Pouso Alegre: Mineiros ? Goiás: 2019",2021,"CEGRAF",,1
"A137bc9f0","LIVRO","Diagnóstico técnico participativo da Comunidade de Povoado Levantado: Iaciara ? Goiás: 2019",2021,"CEGRAF",,1
"A9ad9b8b4","LIVRO","Diagnóstico técnico participativo da Comunidade Presente de Deus: Goianésia ? Goiás: 2018",2021,"CEGRAF",,1
"A383aa8c6","LIVRO","Diagnóstico técnico participativo da Comunidade de Quilombolas de Minaçu (Povoado Vermelho): Minaçu ? Goiás: 2019",2021,"CEGRAF",,1
"A26bdaa48","LIVRO","Diagnóstico técnico participativo da Comunidade Quilombola Nossa Senhora Aparecida: Cromínia ? Goiás: 2019",2021,"CEGRAF",,1
"Ad897659f","LIVRO","Diagnóstico técnico participativo da Comunidade Quilombo de Pombal: Santa Rita do Novo Destino ? Goiás: 2019",2021,"CEGRAF",,1
"Ae754387d","LIVRO","Diagnóstico técnico participativo da Comunidade Rio Araguaia: São Miguel do Araguaia ? Goiás: 2018",2021,"CEGRAF",,1
"A97a7aedd","LIVRO","Diagnóstico técnico participativo da Comunidade Rio Vermelho: Niquelândia ? Goiás: 2018",2021,"CEGRAF",,1
"A4e86ce80","LIVRO","Diagnóstico técnico participativo da Comunidade Raízes do Congo: Itumbiara ? Goiás: 2019",2021,"CEGRAF",,1
"A5945937a","LIVRO","Diagnóstico técnico participativo da Comunidade Recantos Dourados: Abadia de Goiás ? Goiás: 2019",2021,"CEGRAF",,1
"A6be57f85","LIVRO","Diagnóstico técnico participativo da Comunidade Registro do Araguaia: Montes Claros de Goiás ? Goiás: 2019",2021,"CEGRAF",,1
"Ad04c7417","LIVRO","Diagnóstico técnico participativo da Comunidade Roberto Martins Melo: Minaçu ? Goiás: 2018",2021,"CEGRAF",,1
"Acda11ae9","LIVRO","Diagnóstico técnico participativo da Comunidade Rosa Luxemburgo: Faina ? Goiás: 2018",2021,"CEGRAF",,1
"Afdbb9d19","LIVRO","Diagnóstico técnico participativo da Comunidade Salto para o Futuro: Niquelândia ? Goiás: 2018",2021,"CEGRAF",,1
"A92a4b756","LIVRO","Diagnóstico técnico participativo da Comunidade Santa Maria do Crixás Assu: Nova Crixás ? Goiás: 2018",2021,"CEGRAF",,1
"A97e8b7f3","LIVRO","Diagnóstico técnico participativo da Comunidade Santa Rita do Broeiro: Niquelândia ? Goiás: 2018",2021,"CEGRAF",,1
"A83aea604","LIVRO","Diagnóstico técnico participativo da Comunidade Santo Antônio das Areias: Faina ? Goiás: 2018",2021,"CEGRAF",,1
"A002837b6","LIVRO","Diagnóstico técnico participativo da Comunidade São José: São Miguel do Araguaia ? Goiás: 2018",2021,"CEGRAF",,1
"Aa12004ce","LIVRO","Diagnóstico técnico participativo da Comunidade São José do Piçarrão: Faina ? Goiás: 2018",2021,"CEGRAF",,1
"A8da94ea7","LIVRO","Diagnóstico técnico participativo da Comunidade São José dos Bandeirantes: Nova Crixás ? Goiás: 2019",2021,"CEGRAF",,1
"A81a6407b","LIVRO","Diagnóstico técnico participativo da Comunidade São Judas: Nova Crixás ? Goiás: 2018",2021,"CEGRAF",,1
"A4c906311","LIVRO","Diagnóstico técnico participativo da Comunidade São Lourenço: Uruaçu ? Goiás: 2018",2021,"CEGRAF",,1
"A1e68913a","LIVRO","Diagnóstico técnico participativo da Comunidade São Salvador: Minaçu ? Goiás: 2018",2021,"CEGRAF",,1
"Ad3ca26b1","LIVRO","Diagnóstico técnico participativo da Comunidade São Sebastião da Garganta: Silvânia ? Goiás: 2018",2021,"CEGRAF",,1
"Abb3a6d90","LIVRO","Diagnóstico técnico participativo da Comunidade São Thiago: Santa Rita do Novo Destino ? Goiás: 2018",2021,"CEGRAF",,1
"Abc205b53","LIVRO","Diagnóstico técnico participativo da Comunidade Sebastião Rosa da Paz: Uruaçu ? Goiás: 2018",2021,"CEGRAF",,1
"A1fa370b8","LIVRO","Diagnóstico técnico participativo da Comunidade Serra das Araras: Mineiros ? Goiás: 2019",2021,"CEGRAF",,1
"Afec4f2a0","LIVRO","Diagnóstico técnico participativo da Comunidade de Sumidouro: Padre Bernardo ? Goiás: 2019",2021,"CEGRAF",,1
"A7a04c0c6","LIVRO","Diagnóstico técnico participativo da Comunidade de Taquarussu: Campos Belos ? Goiás: 2019",2021,"CEGRAF",,1
"Aa0f01b75","LIVRO","Diagnóstico técnico participativo da Comunidade Tomás Cardoso: Barro Alto ? Goiás: 2019",2021,"CEGRAF",,1
"Ab40f16df","LIVRO","Diagnóstico técnico participativo da Comunidade Umuarama: São Miguel do Araguaia ? Goiás: 2018",2021,"CEGRAF",,1
"Adec713a1","LIVRO","Diagnóstico técnico participativo da Comunidade Valdemar de Oliveira: Goianésia ? Goiás: 2019",2021,"CEGRAF",,1
"A1452a02d","LIVRO","Diagnóstico técnico participativo da Comunidade Vitória: Goianésia ? Goiás: 2018",2021,"CEGRAF",,1
"A05354c73","LIVRO","Diagnóstico técnico participativo da Comunidade Vó Rita: Trindade ? Goiás: 2019",2021,"CEGRAF",,1
"Aa120eba4","LIVRO","Condições de saúde e saneamento da Comunidade Água Limpa: Faina-GO: 2019",2020,"CEGRAF",,1
"Abb72fda2","LIVRO","Condições de saúde e saneamento da Comunidade Arraial da Ponte: Água Limpa-GO: 2018-2019",2020,"CEGRAF",,1
"Ab762a2c9","LIVRO","Condições de saúde e saneamento da Comunidade Arraial das Antas II: Faina-GO: 2018-2019",2020,"CEGRAF",,1
"A7caa579e","LIVRO","Condições de saúde e saneamento da Comunidade de Baco Pari: Posse/Iaciara-GO: 2019",2020,"CEGRAF",,1
"Aae791cc1","LIVRO","Condições de saúde e saneamento da Comunidade Castelo, Retiro e Três Rios: Simolândia-GO: 2019",2020,"CEGRAF",,1
"A2bb69b1e","LIVRO","Condições de saúde e saneamento da Comunidade Céu Azul : Minaçu-GO: 2018-2019",2020,"CEGRAF",,1
"Acb1a45ef","LIVRO","Condições de saúde e saneamento da Comunidade Córrego do Inhambú: Cachoeira Dourada-GO: 2019",2020,"CEGRAF",,1
"A9b02cd54","LIVRO","Condições de saúde e saneamento da Comunidade Canabrava: Flores de Goiás-GO: 2019",2020,"CEGRAF",,1
"Ab53ca8e4","LIVRO","Condições de saúde e saneamento da Comunidade de Cedro: Mineiros-GO: 2019",2020,"CEGRAF",,1
"A104b74fa","LIVRO","Condições de saúde e saneamento da Comunidade de Extrema: Iaciara-GO: 2019",2020,"CEGRAF",,1
"Ae69ea234","LIVRO","Condições de saúde e saneamento da Comunidade do Forte: São João da Aliança-GO: 2019",2020,"CEGRAF",,1
"A5fb48d47","LIVRO","Condições de saúde e saneamento da Comunidade João de Deus: Silvânia-GO: 2018-2019",2020,"CEGRAF",,1
"Aef7857ee","LIVRO","Condições de saúde e saneamento da Comunidade Julião Ribeiro: Niquelândia-GO : 2018-2019",2020,"CEGRAF",,1
"Ac99a5d1f","LIVRO","Condições de saúde e saneamento da Comunidade Lageado: São Miguel do Araguaia-GO: 2018-2019",2020,"CEGRAF",,1
"A988e10fd","LIVRO","Condições de saúde e saneamento da Comunidade de Mesquita: Cidade Ocidental-GO: 2019",2020,"CEGRAF",,1
"A80355f23","LIVRO","Condições de saúde e saneamento da Comunidade Pouso Alegre: Mineiros-GO: 2019",2020,"CEGRAF",,1
"A3571cfdf","LIVRO","Condições de saúde e saneamento da Comunidade São Sebastião: Silvânia-GO: 2018-2019",2020,"CEGRAF",,1
"A8bd14007","LIVRO","Condições de saúde e saneamento da Comunidade de Sumidouro: Padre Bernardo-GO: 2019",2020,"CEGRAF",,1
"Af2a00dd5","LIVRO","Condições de saúde e saneamento da Comunidade do Quilombo do Magalhães: Nova Roma-GO: 2019",2020,"CEGRAF",,1
"A49d2b81b","LIVRO","Condições de saúde e saneamento da Comunidade dos Almeidas: Silvânia-GO: 2018-2019",2020,"CEGRAF",,1
"Ac002a9d9","LIVRO","Condições de saúde e saneamento da Comunidade Engenho da Pontinha: Santa Rita do Novo Destino-GO: 2018-2019",2020,"CEGRAF",,1
"A8f0cabff","LIVRO","Condições de saúde e saneamento da Comunidade da Fazenda Santo Antônio da Laguna: Barro Alto -GO: 2019",2020,"CEGRAF",,1
"A00429a59","LIVRO","Condições de saúde e saneamento da Comunidade Fio Velasco: São Miguel do Araguaia-GO: 2019",2020,"CEGRAF",,1
"A236fba55","LIVRO","Condições de saúde e saneamento da Comunidade Fortaleza: Piranhas-GO: 2018-2019",2020,"CEGRAF",,1
"Aac50d6f7","LIVRO","Diagnóstico técnico participativo da Comunidade dos Almeidas: Silvânia - Goiás: 2018",2020,"CEGRAF",,1
"Af632361b","LIVRO","Diagnóstico técnico participativo da Comunidade Arraial da Ponte: Água Limpa de Goiás - Goiás: 2018",2020,"CEGRAF",,1
"A7d500dec","LIVRO","Diagnóstico técnico participativo da Comunidade Córrego do Inhambú: Cachoeira Dourada - Goiás: 2019",2020,"CEGRAF",,1
"A3b759d43","LIVRO","Diagnóstico técnico participativo da Comunidade do Forte: São João da Aliança - Goiás: 2019",2020,"CEGRAF",,1
"A06837cda","LIVRO","Diagnóstico técnico participativo da Comunidade Piracanjuba: Piracanjuba - Goiás: 2018",2020,"CEGRAF",,1
"A14877658","LIVRO","Diagnóstico técnico participativo da Comunidade Povoado Moinho: Alto Paraíso de Goiás - Goiás: 2019",2020,"CEGRAF",,1
"A03e3800b","LIVRO","Diagnóstico técnico participativo da Comunidade Rafael Machado: Niquelândia - Goiás: 2019",2020,"CEGRAF",,1
"Aa9117019","LIVRO","Diagnóstico técnico participativo da Comunidade Rochedo: Professor Jamil - Goiás: 2019",2020,"CEGRAF",,1
"Aac10812b","LIVRO","Diagnóstico técnico participativo da Comunidade Tarumã: Nova Crixás - Goiás: 2018",2020,"CEGRAF",,1
"A46cddad7","LIVRO","Diagnóstico técnico participativo da Comunidade Vazante: Divinópolis de Goiás - Goiás: 2019",2020,"CEGRAF",,1
"Ac00ba9f1","LIVRO","Diagnóstico técnico participativo da Comunidade Canabrava: Flores de Goiás - Goiás: 2019",2020,"CEGRAF",,1
"Ade9f4985","LIVRO","Diagnóstico técnico participativo da Comunidade João de Deus: Silvânia - Goiás: 2018",2020,"CEGRAF",,1
"Ace4a2109","LIVRO","Diagnóstico técnico participativo da Comunidade de Mesquita: Cidade Ocidental - Goiás: 2019",2020,"CEGRAF",,1
"A4fb4bc8e","LIVRO","Diagnóstico técnico participativo da Comunidade do Quilombo do Magalhães: Nova Roma - Goiás: 2019",2020,"CEGRAF",,1
"A617e2772","LIVRO","Diagnóstico técnico participativo da Comunidade São Domingos: Cavalcante - Goiás: 2019",2020,"CEGRAF",,1
"Aad542f46","LIVRO","Condições de saúde e saneamento da Comunidade Itacaiú: Britânia - GO: 2018-2019",2020,"CEGRAF",,1
"Af21e5517","LIVRO","Condições de saúde e saneamento da Comunidade Itajá II: Goianésia-GO: 2018-2019",2020,"CEGRAF",,1
"A14a04a7a","LIVRO","Condições de saúde e saneamento da Comunidade de José de Coleto: Colinas do Sul-GO: 2019",2020,"CEGRAF",,1
"A6443a49f","LIVRO","Condições de saúde e saneamento da Comunidade Landi: Nova Crixás-GO: 2019",2020,"CEGRAF",,1
"Aa9adf31b","LIVRO","Condições de saúde e saneamento da Comunidade Madre Cristina: Goiandira-GO: 2018-2019",2020,"CEGRAF",,1
"A8bfde34c","LIVRO","Condições de saúde e saneamento da Comunidade de Mimoso: Mimoso de Goiás-GO: 2019",2020,"CEGRAF",,1
"A35f90412","LIVRO","Condições de saúde e saneamento da Comunidade Monte Moria: São Luiz do Norte-GO: 2018-2019",2020,"CEGRAF",,1
"Aaa498ebe","LIVRO","Condições de saúde e saneamento da Comunidade Olhos D?Água: Gameleira de Goiás-GO: 2018-2019",2020,"CEGRAF",,1
"A5a727d32","LIVRO","Condições de saúde e saneamento da Comunidade de Pelotas: Monte Alegre-GO: 2019",2020,"CEGRAF",,1
"Af28b2370","LIVRO","Condições de saúde e saneamento da Comunidade Piracanjuba: Piracanjuba-GO: 2018-2019",2020,"CEGRAF",,1
"A7139486f","LIVRO","Condições de saúde e saneamento da Comunidade de Quilombo de Pombal : Santa Rita do Novo Destino-GO: 2019",2020,"CEGRAF",,1
"Acb29a82b","LIVRO","Condições de saúde e saneamento da Comunidade de Porto Leucádio: São Luiz do Norte-GO: 2019",2020,"CEGRAF",,1
"Aea707571","LIVRO","Condições de saúde e saneamento da Comunidade Povoado Moinho: Alto Paraíso de Goiás-GO: 2019",2020,"CEGRAF",,1
"A7a7f5214","LIVRO","Condições de saúde e saneamento da Comunidade Povoado Veríssimo: Goiandira-GO: 2018-2019",2020,"CEGRAF",,1
"A816f8d05","LIVRO","Condições de saúde e saneamento da Comunidade Povoado Vermelho: Minaçu-GO: 2019",2020,"CEGRAF",,1
"Aa49e7e39","LIVRO","Condições de saúde e saneamento da Comunidade Vazante: Divinópolis de Goiás-GO: 2019",2020,"CEGRAF",,1
"Ac12e0689","LIVRO","Condições de saúde e saneamento da Comunidade Rafael Machado: Niquelândia-GO: 2019",2020,"CEGRAF",,1
"A8d1cd4fd","LIVRO","Condições de saúde e saneamento da Comunidade Registro do Araguaia: Montes Claros de Goiás-GO: 2019",2020,"CEGRAF",,1
"A58bcabf2","LIVRO","Condições de saúde e saneamento da Comunidade Santa Fé da Laguna: Barro Alto-GO: 2018-2019",2020,"CEGRAF",,1
"A1b6e2166","LIVRO","Condições de saúde e saneamento da Comunidade São Domingos: Cavalcante-GO: 2019",2020,"CEGRAF",,1
"A3b2293d9","LIVRO","Condições de saúde e saneamento da Comunidade São Lourenço: Uruaçu-GO: 2018-2019",2020,"CEGRAF",,1
"Ade5507a9","LIVRO","Condições de saúde e saneamento da Comunidade de Taquarussu: Campos Belos-GO: 2019",2020,"CEGRAF",,1
"A5f8236e9","LIVRO","Condições de saúde e saneamento da Comunidade de Taruma: Nova Crixás-GO: 2018-2019",2020,"CEGRAF",,1
"A2a0548d7","LIVRO","Diagnóstico técnico participativo da Comunidade Castelo/ Retiro e Três Rios: Simolândia - Goiás: 2019",2020,"CEGRAF",,1
"A47c189d2","LIVRO","Diagnóstico técnico participativo da Comunidade Arraial das Antas II: Faina - Goiás: 2018",2020,"CEGRAF",,1
"Ab6faa442","LIVRO","Diagnóstico técnico participativo da Comunidade de Baco Pari: Iaciara/Posse - Goiás: 2019",2020,"CEGRAF",,1
"A19b5399a","LIVRO","Diagnóstico técnico participativo da Comunidade Itajá II: Goianésia - Goiás: 2018",2020,"CEGRAF",,1
"A4c585189","LIVRO","Diagnóstico técnico participativo da Comunidade Julião Ribeiro: Niquelândia - Goiás: 2018",2020,"CEGRAF",,1
"Acefa295b","LIVRO","Diagnóstico técnico participativo da Comunidade Lageado: São Miguel do Araguaia - Goiás: 2018",2020,"CEGRAF",,1
"Af298aaef","LIVRO","Diagnóstico técnico participativo da Comunidade Landi: Nova Crixás - Goiás: 2019",2020,"CEGRAF",,1
"A85e3b600","LIVRO","Diagnóstico técnico participativo da Comunidade de Porto Leucádio: São Luíz do Norte - Goiás: 2019",2020,"CEGRAF",,1
"Ade992515","LIVRO","Diagnóstico técnico participativo da Comunidade de Extrema: Iaciara - Goiás: 2019",2020,"CEGRAF",,1
"Ac339b785","LIVRO","Diagnóstico técnico participativo da Comunidade Madre Cristina: Goiandira - Goiás: 2018",2020,"CEGRAF",,1
"Aa7979dd2","LIVRO","Diagnóstico técnico participativo da Comunidade Monte Moria: São Luíz do Norte - Goiás: 2018",2020,"CEGRAF",,1
"A061b585a","LIVRO","Diagnóstico técnico participativo da Comunidade Olhos D'Água: Gameleira de Goiás - Goiás: 2018",2020,"CEGRAF",,1
"Ac12f2313","LIVRO","Diagnóstico técnico participativo da Comunidade de Pelotas: Monte Alegre de Goiás - Goiás: 2019",2020,"CEGRAF",,1
"A4094aef8","LIVRO","Diagnóstico técnico participativo da Comunidade Povoado Veríssimo: Goiandira - Goiás: 2018",2020,"CEGRAF",,1
"A85859fda","LIVRO","Diagnóstico técnico participativo da Comunidade Santa Fé da Laguna: Barro Alto - Goiás: 2018",2020,"CEGRAF",,1
"A33a825c0","LIVRO","Atribuições das equipes do projeto SANRURAL",2019,"Gráfica UFG",,1
"A502c9e25","LIVRO","49 Congresso Nacional de Saneamento da Assemae",2019,"Assemae",,1
"Adc53bc0c","LIVRO","48 Congresso Nacional de Saneamento da Assemae",2018,"ASSEMAE",,1
"A896cf2a9","LIVRO","47 Congresso Nacional de Saneamento da Assemae",2017,"ASSEMAE",,1
"A1f3a48dc","LIVRO","20ª Exposição de Experiências Municipais em Saneamento",2016,"ASSEMAE",,1
"A47b1e8ee","LIVRO","Promoção da saúde de populações rurais e tradicionais com ênfase no saneamento ambiental",2023,"CEGRAF",,1
"Ad8ce0034","LIVRO","Proposição de soluções de abastecimento de água - v. 02",2023,"CEGRAF",,1
"Ad11f0053","LIVRO","Proposição de soluções de abastecimento de água - v. 03",2023,"CEGRAF",,1
"A49cc777d","LIVRO","Proposição de soluções de abastecimento de água - v. 04",2023,"CEGRAF",,1
"A9d00b03d","LIVRO","Proposição de soluções de abastecimento de água - v. 05",2023,"CEGRAF",,1
"A17013db9","LIVRO","Proposição de soluções de abastecimento de água - v. 06",2023,"CEGRAF",,1
"Ac070ffd1","LIVRO","Proposição de soluções de abastecimento de água - v. 07",2023,"CEGRAF",,1
"A09bf0958","LIVRO","Proposição de soluções de abastecimento de água - v. 08",2023,"CEGRAF",,1
"Ac10e46f5","LIVRO","Proposição de soluções de abastecimento de água - v. 09",2023,"CEGRAF",,1
"A5382b72f","LIVRO","Proposição de soluções de abastecimento de água - v. 10",2023,"CEGRAF",,1
"A07088061","LIVRO","Proposição de soluções de abastecimento de água - v. 11",2023,"CEGRAF",,1
"Af9aaab62","LIVRO","Proposição de soluções de abastecimento de água - v. 12",2023,"CEGRAF",,1
"Aa0cede5c","LIVRO","Proposição de soluções de abastecimento de água - v. 13",2023,"CEGRAF",,1
"Aca65bf4e","LIVRO","Proposição de soluções de abastecimento de água - v. 14",2023,"CEGRAF",,1
"Ab2fe4957","LIVRO","Proposição de soluções de abastecimento de água - v. 15",2023,"CEGRAF",,1
"A4fa74f29","LIVRO","Proposição de soluções de abastecimento de água - v. 16",2023,"CEGRAF",,1
"Aa340c671","LIVRO","Proposição de soluções de abastecimento de água - v. 17",2023,"CEGRAF",,1
"Af2133fec","LIVRO","Proposição de soluções de abastecimento de água - v. 18",2023,"CEGRAF",,1
"A0dbc247a","LIVRO","Proposição de soluções de abastecimento de água - v. 19",2023,"CEGRAF",,1
"A136b46b2","LIVRO","Proposição de soluções de abastecimento de água - v. 20",2023,"CEGRAF",,1
"Addce8846","LIVRO","Proposição de soluções de abastecimento de água - v. 21",2023,"CEGRAF",,1
"A4a0a3e9d","LIVRO","Proposição de soluções de abastecimento de água - v. 22",2023,"CEGRAF",,1
"Ab1eab48f","LIVRO","Proposição de soluções de abastecimento de água - v. 23",2023,"CEGRAF",,1
"A5dda003e","LIVRO","Proposição de soluções de abastecimento de água - v. 24",2023,"CEGRAF",,1
"A44517cd9","LIVRO","Proposição de soluções de abastecimento de água - v. 25",2023,"CEGRAF",,1
"A79ff0dfa","LIVRO","Proposição de soluções de abastecimento de água - v. 26",2023,"CEGRAF",,1
"A37fa11f0","LIVRO","Proposição de soluções de abastecimento de água - v. 27",2023,"CEGRAF",,1
"A03b5471e","LIVRO","Proposição de soluções de abastecimento de água - v. 28",2023,"CEGRAF",,1
"A8ef13226","LIVRO","Proposição de soluções de abastecimento de água - v. 29",2023,"CEGRAF",,1
"Ad81bf490","LIVRO","Proposição de soluções de abastecimento de água - v. 30",2023,"CEGRAF",,1
"A2d29c115","LIVRO","Proposição de soluções de abastecimento de água - v. 31",2023,"CEGRAF",,1
"A577e2a8c","LIVRO","Proposição de soluções de abastecimento de água - v. 32",2023,"CEGRAF",,1
"Ae9e817e2","LIVRO","Proposição de soluções de abastecimento de água - v. 33",2023,"CEGRAF",,1
"A9807be1e","LIVRO","Proposição de soluções de abastecimento de água - v. 34",2023,"CEGRAF",,1
"A0ccef446","LIVRO","Proposição de soluções de abastecimento de água - v. 35",2023,"CEGRAF",,1
"A5e61ccf0","LIVRO","Proposição de soluções de abastecimento de água - v. 36",2023,"CEGRAF",,1
"Aa585858b","LIVRO","Proposição de soluções de abastecimento de água - v. 37",2023,"CEGRAF",,1
"A95c21c14","LIVRO","Proposição de soluções de abastecimento de água - v. 38",2023,"CEGRAF",,1
"A50788308","LIVRO","Proposição de soluções de abastecimento de água - v. 39",2023,"CEGRAF",,1
"Af819441d","LIVRO","Proposição de soluções de abastecimento de água - v. 40",2023,"CEGRAF",,1
"A29cb7ed6","LIVRO","Proposição de soluções de abastecimento de água - v. 41",2023,"CEGRAF",,1
"A7170ab27","LIVRO","Proposição de soluções de abastecimento de água - v. 42",2023,"CEGRAF",,1
"Ac627c87a","LIVRO","Proposição de soluções de abastecimento de água - v. 44",2023,"CEGRAF",,1
"A50bab050","LIVRO","Proposição de soluções de abastecimento de água - v. 45",2023,"CEGRAF",,1
"A15be8f14","LIVRO","Proposição de soluções de abastecimento de água - v. 46",2023,"CEGRAF",,1
"A4f48881f","LIVRO","Proposição de soluções de abastecimento de água - v. 47",2023,"CEGRAF",,1
"A2e54ca49","LIVRO","Proposição de soluções de abastecimento de água - v. 48",2023,"CEGRAF",,1
"A23d4fd57","LIVRO","Proposição de soluções de abastecimento de água - v. 49",2023,"CEGRAF",,1
"A19cabcbe","LIVRO","Síntese das publicações técnico-científicas: Abadia de Goiás",2022,"CEGRAF",,1
"A00497285","LIVRO","Síntese das publicações técnico-científicas: Água Limpa",2022,"CEGRAF",,1
"Ae6ea11c7","LIVRO","Síntese das publicações técnico-científicas: Aparecida de Goiânia",2022,"CEGRAF",,1
"A8cb12449","LIVRO","Síntese das publicações técnico-científicas: Barro Alto",2022,"CEGRAF",,1
"Aa4ee6b51","LIVRO","Síntese das publicações técnico-científicas: Britânia",2022,"CEGRAF",,1
"A507152d7","LIVRO","Síntese das publicações técnico-científicas: Cachoeira Dourada",2022,"CEGRAF",,1
"A5bc88d74","LIVRO","Síntese das publicações técnico-científicas: Campos Belos",2022,"CEGRAF",,1
"A5cd16b9c","LIVRO","Síntese das publicações técnico-científicas: Colinas do Sul",2022,"CEGRAF",,1
"A3d97bfd5","LIVRO","Síntese das publicações técnico-científicas: Cromínia",2022,"CEGRAF",,1
"A8ff762c6","LIVRO","Síntese das publicações técnico-científicas: Divinópolis de Goiás",2022,"CEGRAF",,1
"Acd732780","LIVRO","Síntese das publicações técnico-científicas: Faina",2022,"CEGRAF",,1
"A0e3e2c27","LIVRO","Síntese das publicações técnico-científicas: Flores de Goiás",2022,"CEGRAF",,1
"A18aaac2a","LIVRO","Síntese das publicações técnico-científicas: Goiandira",2022,"CEGRAF",,1
"A4a2e767f","LIVRO","Síntese das publicações técnico-científicas: Goianésia",2022,"CEGRAF",,1
"A16ef68e3","LIVRO","Síntese das publicações técnico-científicas: Mineiros",2022,"CEGRAF",,1
"Ae3acb661","LIVRO","Síntese das publicações técnico-científicas: Nova Crixás",2022,"CEGRAF",,1
"Afd5733d7","LIVRO","Síntese das publicações técnico-científicas: Nova Roma",2022,"CEGRAF",,1
"Ac49bb7d1","LIVRO","Síntese das publicações técnico-científicas: Padre Bernardo",2022,"CEGRAF",,1
"A7b40d8ef","LIVRO","Síntese das publicações técnico-científicas: Piracanjuba",2022,"CEGRAF",,1
"Ab5dd11dc","LIVRO","Síntese das publicações técnico-científicas: Piranhas",2022,"CEGRAF",,1
"Ac9ddb0af","LIVRO","Síntese das publicações técnico-científicas: Professor Jamil",2022,"CEGRAF",,1
"A6fbb36cd","LIVRO","Síntese das publicações técnico-científicas: Santa Rita do Novo Destino",2022,"CEGRAF",,1
"A6195cdfe","LIVRO","Síntese das publicações técnico-científicas: São João d`Aliança",2022,"CEGRAF",,1
"Ae579ed58","LIVRO","Síntese das publicações técnico-científicas: São Luíz do Norte",2022,"CEGRAF",,1
"Ac568e262","LIVRO","Síntese das publicações técnico-científicas: Silvânia",2022,"CEGRAF",,1
"A84ccb4a2","LIVRO","Síntese das publicações técnico-científicas: Simolândia",2022,"CEGRAF",,1
"Af5d370ee","LIVRO","Síntese das publicações técnico-científicas: Teresina de Goiás",2022,"CEGRAF",,1
"A071e43d5","LIVRO","Síntese das publicações técnico-científicas: Trindade",2022,"CEGRAF",,1
"Aa477e194","LIVRO","Aspectos gerais do município: Abadia de Goiás",2022,"CEGRAF",,1
"A6e1cc816","LIVRO","Aspectos gerais do município: Barro Alto",2022,"CEGRAF",,1
"A2d6d8626","LIVRO","Aspectos gerais do município: Cachoeira Dourada",2022,"CEGRAF",,1
"A742e4f5f","LIVRO","Aspectos gerais do município: Colinas do Sul",2022,"CEGRAF",,1
"A511dc371","LIVRO","Aspectos gerais do município: Cromínia",2022,"CEGRAF",,1
"A9f16d32b","LIVRO","Aspectos gerais do município: Divinópolis de Goiás",2022,"CEGRAF",,1
"A45702e29","LIVRO","Aspectos gerais do município: Flores de Goiás",2022,"CEGRAF",,1
"A2deea5d8","LIVRO","Aspectos gerais do município: Goianésia",2022,"CEGRAF",,1
"A13eca2a8","LIVRO","Aspectos gerais do município: Mimoso de Goiás",2022,"CEGRAF",,1
"Aa731bdd2","LIVRO","Aspectos gerais do município: Minaçu",2022,"CEGRAF",,1
"A6eda0cc4","LIVRO","Aspectos gerais do município: Mineiros",2022,"CEGRAF",,1
"A42b328b3","LIVRO","Aspectos gerais do município: Monte Alegre de Goiás",2022,"CEGRAF",,1
"Aee23c0f3","LIVRO","Aspectos gerais do município: Posse",2022,"CEGRAF",,1
"A68f946d1","LIVRO","Aspectos gerais do município: São Luíz do Norte",2022,"CEGRAF",,1
"A82d5ef74","LIVRO","Aspectos gerais do município: Silvânia",2022,"CEGRAF",,1
"Aaadc106f","LIVRO","Aspectos do saneamento: Abadia de Goiás",2022,"CEGRAF",,1
"Aa768c1a0","LIVRO","Aspectos do saneamento: Água Limpa",2022,"CEGRAF",,1
"Ace575720","LIVRO","Aspectos do saneamento: Alto Paraíso de Goiás",2022,"CEGRAF",,1
"A4e26ed0f","LIVRO","Aspectos do saneamento: Aparecida de Goiânia",2022,"CEGRAF",,1
"A4b459b97","LIVRO","Aspectos do saneamento: Aruanã",2022,"CEGRAF",,1
"A4842677c","LIVRO","Aspectos do saneamento: Barro Alto",2022,"CEGRAF",,1
"A56ef040a","LIVRO","Aspectos do saneamento: Britânia",2022,"CEGRAF",,1
"A82345e2f","LIVRO","Aspectos do saneamento: Cachoeira Dourada",2022,"CEGRAF",,1
"A96190aff","LIVRO","Aspectos do saneamento: Campos Belos",2022,"CEGRAF",,1
"A879454ae","LIVRO","Aspectos do saneamento: Cavalcante",2022,"CEGRAF",,1
"Afa608dce","LIVRO","Aspectos do saneamento: Cidade Ocidental",2022,"CEGRAF",,1
"A48a973e9","LIVRO","Aspectos do saneamento: Colinas do Sul",2022,"CEGRAF",,1
"A16f11b6d","LIVRO","Aspectos do saneamento: Cristalina",2022,"CEGRAF",,1
"A5ba2a963","LIVRO","Aspectos do saneamento: Cromínia",2022,"CEGRAF",,1
"A89d8c447","LIVRO","Aspectos do saneamento: Divinópolis de Goiás",2022,"CEGRAF",,1
"A3a732955","LIVRO","Aspectos do saneamento: Faina",2022,"CEGRAF",,1
"A6ad25ff6","LIVRO","Aspectos do saneamento: Flores de Goiás",2022,"CEGRAF",,1
"A8f8696d8","LIVRO","Aspectos do saneamento: Gameleira de Goiás",2022,"CEGRAF",,1
"A032daebd","LIVRO","Aspectos do saneamento: Goiandira",2022,"CEGRAF",,1
"A4346a35f","LIVRO","Aspectos do saneamento: Goianésia",2022,"CEGRAF",,1
"A0bd10093","LIVRO","Aspectos do saneamento: Iaciara",2022,"CEGRAF",,1
"A09a4abf9","LIVRO","Aspectos do saneamento: Itumbiara",2022,"CEGRAF",,1
"A6337ab2f","LIVRO","Aspectos do saneamento: Mimoso de Goiás",2022,"CEGRAF",,1
"Aa67be83e","LIVRO","Aspectos do saneamento: Minaçu",2022,"CEGRAF",,1
"Aedf3d6a5","LIVRO","Aspectos do saneamento: Mineiros",2022,"CEGRAF",,1
"Ab89135cd","LIVRO","Aspectos do saneamento: Monte Alegre de Goiás",2022,"CEGRAF",,1
"A4d116749","LIVRO","Aspectos do saneamento: Montes Claros de Goiás",2022,"CEGRAF",,1
"Af504a4f7","LIVRO","Aspectos do saneamento: Niquelândia",2022,"CEGRAF",,1
"A8155a6f2","LIVRO","Aspectos do saneamento: Nova Crixás",2022,"CEGRAF",,1
"Aba31c3a0","LIVRO","Aspectos do saneamento: Nova Roma",2022,"CEGRAF",,1
"A3d4f30b1","LIVRO","Aspectos do saneamento: Padre Bernardo",2022,"CEGRAF",,1
"Ae6b08882","LIVRO","Aspectos do saneamento: Palmeiras de Goiás",2022,"CEGRAF",,1
"A3a7a2229","LIVRO","Aspectos do saneamento: Piracanjuba",2022,"CEGRAF",,1
"Af2295ef7","LIVRO","Aspectos do saneamento: Piranhas",2022,"CEGRAF",,1
"Aaa44ad28","LIVRO","Aspectos do saneamento: Posse",2022,"CEGRAF",,1
"A331a771e","LIVRO","Aspectos do saneamento: Professor Jamil",2022,"CEGRAF",,1
"A8a697899","LIVRO","Aspectos do saneamento: Santa Rita do Novo Destino",2022,"CEGRAF",,1
"A8701e9f1","LIVRO","Aspectos do saneamento: São João D´Aliança",2022,"CEGRAF",,1
"Aeaba46db","LIVRO","Aspectos do saneamento: São Luíz do Norte",2022,"CEGRAF",,1
"A0d09e78d","LIVRO","Aspectos do saneamento: São Miguel do Araguaia",2022,"CEGRAF",,1
"A91fd6d04","LIVRO","Aspectos do saneamento: Silvânia",2022,"CEGRAF",,1
"A8e48a325","LIVRO","Aspectos do saneamento: Simolândia",2022,"CEGRAF",,1
"A05e6f7bd","LIVRO","Aspectos do saneamento: Teresina de Goiás",2022,"CEGRAF",,1
"Af4d33706","LIVRO","Aspectos do saneamento: Trindade",2022,"CEGRAF",,1
"A9cc3a806","LIVRO","Aspectos do saneamento: Uruaçu",2022,"CEGRAF",,1
"A441fc6be","LIVRO","Desenvolvimento (In) Sustentável: Objetivos de Desenvolvimento Sustentável e a expansão de fronteiras no Cerrado",2021,"Instituto de Estudos Avançados - IEA",,1
"Aef9f3968","LIVRO","Aspectos do Saneamento - volume 1",2021,"CEGRAF",,1
"Aec4ab3d8","LIVRO","Aspectos Metodológicos - volume 1",2021,"Cegraf",,1
"A921dddc9","LIVRO","Aspectos de Participação da Comunidade - volume 1",2021,"CEGRAF",,1
"Ae2e38a8b","LIVRO","Aspectos de Participação da Comunidade - volume 2",2021,"CEGRAF",,1
"A91cdb91a","LIVRO","Aspectos do Saneamento - volume 2",2021,"CEGRAF",,1
"Aa6a318a7","LIVRO","Aspectos Metodológicos - volume 2",2021,"CEGRAF",,1
"A0adb7187","LIVRO","Aspectos Metodológicos - volume 3",2021,"CEGRAF",,1
"A9d27c517","LIVRO","Aspectos de Participação da Comunidade - volume 3",2021,"CEGRAF",,1
"A85cc46f4","LIVRO","Aspectos do Saneamento - volume 3",2021,"CEGRAF",,1
"A4c82da1b","LIVRO","Aspectos Metodológicos - volume 4",2021,"CEGRAF",,1
"Aa144fbbb","LIVRO","Aspectos de Participação da Comunidade - volume 4",2021,"CEGRAF",,1
"A80ad0bb1","LIVRO","Aspectos do Saneamento - volume 4",2021,"CEGRAF",,1
"Ad4ad0ba5","LIVRO","Aspectos Metodológicos - volume 5",2021,"CEGRAF",,1
"A2df68735","LIVRO","Aspectos de Participação da Comunidade - volume 5",2021,"CEGRAF",,1
"Abefe2155","LIVRO","Aspectos do Saneamento - volume 5",2021,"CEGRAF",,1
"A6348ad8b","LIVRO","Aspectos Metodológicos - volume 6",2021,"CEGRAF",,1
"A958c18a3","LIVRO","Aspectos de Participação da Comunidade - volume 6",2021,"CEGRAF",,1
"A5b5f82fb","LIVRO","Aspectos do Saneamento - volume 6",2021,"CEGRAF",,1
"A2dcb11ef","LIVRO","Aspectos Metodológicos - volume 8",2021,"CEGRAF",,1
"A17b923b0","LIVRO","Aspectos de Participação da Comunidade - volume 8",2021,"CEGRAF",,1
"A8f8a37aa","LIVRO","Aspectos do Saneamento - volume 8",2021,"CEGRAF",,1
"Adb5603db","LIVRO","Aspectos Metodológicos - volume 9",2021,"CEGRAF",,1
"Acaa1bd66","LIVRO","Aspectos de Participação da Comunidade - volume 9",2021,"CEGRAF",,1
"Aca925a46","LIVRO","Aspectos do Saneamento - volume 9",2021,"CEGRAF",,1
"Ae15e36cd","LIVRO","Aspectos Metodológicos - volume 13",2021,"CEGRAF",,1
"A5cad2a67","LIVRO","Aspectos de Participação da Comunidade - volume 13",2021,"CEGRAF",,1
"A4fdea68d","LIVRO","Aspectos do Saneamento - volume 13",2021,"CEGRAF",,1
"Aa8562176","LIVRO","Aspectos Metodológicos - volume 14",2021,"CEGRAF",,1
"A9ed118f8","LIVRO","Aspectos de Participação da Comunidade - volume 14",2021,"CEGRAF",,1
"Ad29d7b66","LIVRO","Aspectos do Saneamento - volume 14",2021,"CEGRAF",,1
"Af3feae45","LIVRO","Aspectos Metodológicos - volume 15",2021,"CEGRAF",,1
"Aa8e446e4","LIVRO","Aspectos de Participação da Comunidade - volume 15",2021,"CEGRAF",,1
"Ae0a1b3b3","LIVRO","Aspectos do Saneamento - volume 15",2021,"CEGRAF",,1
"Abd714c2f","LIVRO","Aspectos Metodológicos - volume 16",2021,"CEGRAF",,1
"Ae241898f","LIVRO","Aspectos de Participação da Comunidade - volume 16",2021,"CEGRAF",,1
"A0399fffe","LIVRO","Aspectos do Saneamento - volume 16",2021,"CEGRAF",,1
"A30ef0e3d","LIVRO","Aspectos Metodológicos - volume 17",2021,"CEGRAF",,1
"A975d01c4","LIVRO","Aspectos de Participação da Comunidade - volume 17",2021,"CEGRAF",,1
"A93e7809a","LIVRO","Aspectos do Saneamento - volume 17",2021,"CEGRAF",,1
"A93a8887d","LIVRO","Aspectos Metodológicos - volume 18",2021,"CEGRAF",,1
"A3f239f73","LIVRO","Aspectos de Participação da Comunidade - volume 18",2021,"CEGRAF",,1
"A1eb9d113","LIVRO","Aspectos do Saneamento - volume 18",2021,"CEGRAF",,1
"Abdae0591","LIVRO","Aspectos Metodológicos - volume 19",2021,"CEGRAF",,1
"A4e21aeb5","LIVRO","Aspectos de Participação da Comunidade - volume 19",2021,"CEGRAF",,1
"A14d418d9","LIVRO","Aspectos do Saneamento - volume 19",2021,"CEGRAF",,1
"A6a955807","LIVRO","Aspectos Metodológicos - volume 21",2021,"CEGRAF",,1
"Ab7bc1cbf","LIVRO","Aspectos de Participação da Comunidade - volume 21",2021,"CEGRAF",,1
"Af1865e55","LIVRO","Aspectos do Saneamento - volume 21",2021,"CEGRAF",,1
"Ab12987ef","LIVRO","Aspectos Metodológicos - volume 22",2021,"CEGRAF",,1
"A364a03b6","LIVRO","Aspectos de Participação da Comunidade - volume 22",2021,"CEGRAF",,1
"Ad0175a57","LIVRO","Aspectos do Saneamento - volume 22",2021,"CEGRAF",,1
"A20f1f0c6","LIVRO","Aspectos Metodológicos - volume 23",2021,"CEGRAF",,1
"A6b3bc8ed","LIVRO","Aspectos de Participação da Comunidade - volume 23",2021,"CEGRAF",,1
"Ae4a9d8dd","LIVRO","Aspectos do Saneamento - volume 23",2021,"CEGRAF",,1
"A94ad0e46","LIVRO","Aspectos Metodológicos - volume 25",2021,"CEGRAF",,1
"A9381f702","LIVRO","Aspectos de Participação da Comunidade - volume 25",2021,"CEGRAF",,1
"A03bf1244","LIVRO","Aspectos do Saneamento - volume 25",2021,"CEGRAF",,1
"A0977bb7c","LIVRO","Aspectos Metodológicos - volume 26",2021,"CEGRAF",,1
"Ad1a9bc5d","LIVRO","Aspectos de Participação da Comunidade - volume 26",2021,"CEGRAF",,1
"A3e3f8d2e","LIVRO","Aspectos do Saneamento - volume 26",2021,"CEGRAF",,1
"A07f40878","LIVRO","Aspectos Metodológicos - volume 27",2021,"CEGRAF",,1
"Aa551a56d","LIVRO","Aspectos de Participação da Comunidade - volume 27",2021,"CEGRAF",,1
"Aed1497ec","LIVRO","Aspectos do Saneamento - volume 27",2021,"CEGRAF",,1
"Ad91791e9","LIVRO","Aspectos Metodológicos - volume 28",2021,"CEGRAF",,1
"A02585698","LIVRO","Aspectos de Participação da Comunidade - volume 28",2021,"CEGRAF",,1
"Acd6cb10c","LIVRO","Aspectos do Saneamento - volume 28",2021,"CEGRAF",,1
"Aa7955d81","LIVRO","Aspectos Metodológicos - volume 30",2021,"CEGRAF",,1
"A247d4197","LIVRO","Aspectos de Participação da Comunidade - volume 30",2021,"CEGRAF",,1
"Abd30427a","LIVRO","Aspectos do Saneamento - volume 30",2021,"CEGRAF",,1
"A8a5ec7bf","LIVRO","Aspectos Metodológicos - volume 31",2021,"CEGRAF",,1
"Ac481dc9b","LIVRO","Aspectos do Saneamento - volume 31",2021,"CEGRAF",,1
"A1eeb2529","LIVRO","Aspectos de Participação da Comunidade - volume 31",2021,"CEGRAF",,1
"Abb526f37","LIVRO","Aspectos Metodológicos - volume 32",2021,"CEGRAF",,1
"Aa2990776","LIVRO","Aspectos de Participação da Comunidade - volume 32",2021,"CEGRAF",,1
"A2080252e","LIVRO","Aspectos do Saneamento - volume 32",2021,"CEGRAF",,1
"A2b14c0c4","LIVRO","Aspectos Metodológicos - volume 33",2021,"CEGRAF",,1
"A23923121","LIVRO","Aspectos de Participação da Comunidade - volume 33",2021,"CEGRAF",,1
"Add429997","LIVRO","Aspectos do Saneamento - volume 33",2021,"CEGRAF",,1
"Ad304af83","LIVRO","Aspectos Metodológicos - volume 34",2021,"CEGRAF",,1
"Ab9d6881b","LIVRO","Aspectos de Participação da Comunidade - volume 34",2021,"CEGRAF",,1
"A9bb2d53b","LIVRO","Aspectos do Saneamento - volume 34",2021,"CEGRAF",,1
"Aa907e36b","LIVRO","Aspectos Metodológicos - volume 36",2021,"CEGRAF",,1
"Af0ea1429","LIVRO","Aspectos de Participação da Comunidade - volume 36",2021,"CEGRAF",,1
"A44b6beec","LIVRO","Aspectos do Saneamento - volume 36",2021,"CEGRAF",,1
"Aaca54c9a","LIVRO","Aspectos Metodológicos - volume 37",2021,"CEGRAF",,1
"Ac819f961","LIVRO","Aspectos de Participação da Comunidade - volume 37",2021,"CEGRAF",,1
"A796a7a81","LIVRO","Aspectos do Saneamento - volume 37",2021,"CEGRAF",,1
"Ad12ad534","LIVRO","Aspectos Metodológicos - volume 38",2021,"CEGRAF",,1
"A5e0f89c6","LIVRO","Aspectos de Participação da Comunidade - volume 38",2021,"CEGRAF",,1
"A74763142","LIVRO","Aspectos do Saneamento - volume 38",2021,"CEGRAF",,1
"Aa9294928","LIVRO","Aspectos do Saneamento - volume 39",2021,"CEGRAF",,1
"A4bf27362","LIVRO","Aspectos do Saneamento - volume 40",2021,"CEGRAF",,1
"A1c2593b2","LIVRO","Aspectos do Saneamento - volume 42",2021,"CEGRAF",,1
"Ac894288f","LIVRO","Aspectos do Saneamento - volume 43",2021,"CEGRAF",,1
"Ade7cca24","LIVRO","Aspectos do Saneamento - volume 44",2021,"CEGRAF",,1
"A4b0127a2","LIVRO","Aspectos do Saneamento - volume 45",2021,"CEGRAF",,1
"A94725f7a","LIVRO","Aspectos do Saneamento - volume 47",2021,"CEGRAF",,1
"Af0d6bcab","LIVRO","Aspectos do Saneamento - volume 49",2021,"CEGRAF",,1
"A0b334ec5","LIVRO","Aspectos do Saneamento - volume 50",2021,"CEGRAF",,1
"A6ebe6dc5","LIVRO","Aspectos do Saneamento - volume 51",2021,"CEGRAF",,1
"Ab99c7cba","LIVRO","Aspectos do Saneamento - volume 53",2021,"CEGRAF",,1
"Ab13a44f9","LIVRO","Aspectos do Saneamento - volume 55",2021,"CEGRAF",,1
"A6cedaf12","LIVRO","Aspectos do Saneamento - volume 56",2021,"CEGRAF",,1
"A89907e3c","LIVRO","Aspectos do Saneamento - volume 57",2021,"CEGRAF",,1
"A6c2f434e","LIVRO","Aspectos do Saneamento - volume 58",2021,"CEGRAF",,1
"A3e3d3fde","LIVRO","Aspectos do Saneamento - volume 60",2021,"CEGRAF",,1
"A92cd0a6b","LIVRO","Aspectos do Saneamento - volume 63",2021,"CEGRAF",,1
"A073655ec","LIVRO","Aspectos do Saneamento - volume 65",2021,"CEGRAF",,1
"Ad98a85bd","LIVRO","Aspectos do Saneamento - volume 66",2021,"CEGRAF",,1
"Acaced3a4","LIVRO","Aspectos do Saneamento - volume 67",2021,"CEGRAF",,1
"A878f58da","LIVRO","Aspectos do Saneamento - volume 68",2021,"CEGRAF",,1
"A89f9472c","LIVRO","Aspectos do Saneamento - volume 73",2021,"CEGRAF",,1
"A6357079a","LIVRO","Aspectos do Saneamento - volume 74",2021,"CEGRAF",,1
"A02b152a5","LIVRO","Aspectos do Saneamento - volume 77",2021,"CEGRAF",,1
"A31e69d27","LIVRO","Aspectos do Saneamento - volume 79",2021,"CEGRAF",,1
"A517b1a72","LIVRO","Aspectos do Saneamento - volume 80",2021,"CEGRAF",,1
"Ac26fdc0f","LIVRO","Aspectos do Saneamento - volume 81",2021,"CEGRAF",,1
"Aba7ed44a","LIVRO","Aspectos do Saneamento - volume 82",2021,"CEGRAF",,1
"A6f9e59f0","LIVRO","Aspectos do Saneamento - volume 83",2021,"CEGRAF",,1
"A3ec36d99","LIVRO","Aspectos do Saneamento - volume 85",2021,"CEGRAF",,1
"A900a45a2","LIVRO","Aspectos do Saneamento - volume 86",2021,"CEGRAF",,1
"A0f7e20da","LIVRO","Aspectos do Saneamento - volume 87",2021,"CEGRAF",,1
"A5b3ea633","LIVRO","Aspectos do Saneamento - volume 88",2021,"CEGRAF",,1
"A8d5db459","LIVRO","Aspectos do Saneamento - volume 90",2021,"CEGRAF",,1
"Ae63562bf","LIVRO","Aspectos do Saneamento - volume 91",2021,"CEGRAF",,1
"Ad7a23fce","LIVRO","Aspectos do Saneamento - volume 93",2021,"CEGRAF",,1
"A0ba2d3d1","LIVRO","Aspectos do Saneamento - volume 94",2021,"CEGRAF",,1
"Ae1a04424","LIVRO","Aspectos do Saneamento - volume 95",2021,"CEGRAF",,1
"A180041cb","LIVRO","Aspectos do Saneamento - volume 97",2021,"CEGRAF",,1
"A5a2f7101","LIVRO","Aspectos do Saneamento - volume 98",2021,"CEGRAF",,1
"A400a8abf","LIVRO","Aspectos do Saneamento - volume 99",2021,"CEGRAF",,1
"A1c1f8606","LIVRO","Aspectos do Saneamento - volume 100",2021,"CEGRAF",,1
"A0c768add","LIVRO","Aspectos do Saneamento - volume 101",2021,"CEGRAF",,1
"A3e69544e","LIVRO","Aspectos do Saneamento - volume 102",2021,"CEGRAF",,1
"Afabe9960","LIVRO","Aspectos do Saneamento - volume 103",2021,"CEGRAF",,1
"A74c20143","LIVRO","Aspectos do Saneamento - volume 104",2021,"CEGRAF",,1
"A8552a871","LIVRO","Aspectos do Saneamento - volume 105",2021,"CEGRAF",,1
"Acaa608f1","LIVRO","Aspectos do Saneamento - volume 106",2021,"CEGRAF",,1
"Af72d05fb","LIVRO","Aspectos do Saneamento - volume 107",2021,"CEGRAF",,1
"A322041a2","LIVRO","Aspectos do Saneamento - volume 108",2021,"CEGRAF",,1
"A3fac293c","LIVRO","Aspectos do Saneamento - volume 110",2021,"CEGRAF",,1
"Af41cf890","LIVRO","Aspectos do Saneamento - volume 111",2021,"CEGRAF",,1
"Ab907a732","LIVRO","Aspectos do Saneamento - volume 112",2021,"CEGRAF",,1
"A170bb741","LIVRO","Aspectos do Saneamento - volume 114",2021,"CEGRAF",,1
"Af417c50f","LIVRO","Aspectos do Saneamento - volume 115",2021,"CEGRAF",,1
"A27677636","LIVRO","Aspectos de Participação da Comunidade - volume 39",2021,"CEGRAF",,1
"A2c604643","LIVRO","Aspectos de Participação da Comunidade - volume 40",2021,"CEGRAF",,1
"A58d5a6e6","LIVRO","Aspectos de Participação da Comunidade - volume 42",2021,"CEGRAF",,1
"A1884a158","LIVRO","Aspectos de Participação da Comunidade - volume 43",2021,"CEGRAF",,1
"A3e24e3a9","LIVRO","Aspectos de Participação da Comunidade - volume 44",2021,"CEGRAF",,1
"Aee32394f","LIVRO","Aspectos de Participação da Comunidade - volume 45",2021,"CEGRAF",,1
"A329d69e4","LIVRO","Aspectos de Participação da Comunidade - volume 47",2021,"CEGRAF",,1
"Ac1675f9c","LIVRO","Aspectos de Participação da Comunidade - volume 49",2021,"CEGRAF",,1
"A083c72fb","LIVRO","Aspectos de Participação da Comunidade - volume 50",2021,"CEGRAF",,1
"Abfedb1a1","LIVRO","Aspectos de Participação da Comunidade - volume 51",2021,"CEGRAF",,1
"A5877cae0","LIVRO","Aspectos de Participação da Comunidade - volume 53",2021,"CEGRAF",,1
"A881f6c9c","LIVRO","Aspectos de Participação da Comunidade - volume 55",2021,"CEGRAF",,1
"A61ffb9a4","LIVRO","Aspectos de Participação da Comunidade - volume 56",2021,"CEGRAF",,1
"Af932247b","LIVRO","Aspectos de Participação da Comunidade - volume 57",2021,"CEGRAF",,1
"A6f039978","LIVRO","Aspectos de Participação da Comunidade - volume 58",2021,"CEGRAF",,1
"A9e6a02d5","LIVRO","Aspectos de Participação da Comunidade - volume 60",2021,"CEGRAF",,1
"Aa53c21b5","LIVRO","Aspectos de Participação da Comunidade - volume 63",2021,"CEGRAF",,1
"Ab015d0ef","LIVRO","Aspectos de Participação da Comunidade - volume 65",2021,"CEGRAF",,1
"A6f1cc1cb","LIVRO","Aspectos de Participação da Comunidade - volume 66",2021,"CEGRAF",,1
"Acb4bd3b7","LIVRO","Aspectos de Participação da Comunidade - volume 67",2021,"CEGRAF",,1
"Acaf55c09","LIVRO","Aspectos de Participação da Comunidade - volume 68",2021,"CEGRAF",,1
"A952488d4","LIVRO","Aspectos de Participação da Comunidade - volume 73",2021,"CEGRAF",,1
"A1e801c58","LIVRO","Aspectos de Participação da Comunidade - volume 74",2021,"CEGRAF",,1
"Ad3cb269e","LIVRO","Aspectos de Participação da Comunidade - volume 77",2021,"CEGRAF",,1
"Ab32349ca","LIVRO","Aspectos de Participação da Comunidade - volume 79",2021,"CEGRAF",,1
"A09652ae9","LIVRO","Aspectos de Participação da Comunidade - volume 80",2021,"CEGRAF",,1
"Aba8999e9","LIVRO","Aspectos de Participação da Comunidade - volume 81",2021,"CEGRAF",,1
"A43f5d98c","LIVRO","Aspectos de Participação da Comunidade - volume 82",2021,"CEGRAF",,1
"Af7b589c5","LIVRO","Aspectos de Participação da Comunidade - volume 83",2021,"CEGRAF",,1
"Ab9563c7a","LIVRO","Aspectos de Participação da Comunidade - volume 85",2021,"CEGRAF",,1
"A84dfe349","LIVRO","Aspectos de Participação da Comunidade - volume 86",2021,"CEGRAF",,1
"Abfeddf3b","LIVRO","Aspectos de Participação da Comunidade - volume 87",2021,"CEGRAF",,1
"Afac638ca","LIVRO","Aspectos de Participação da Comunidade - volume 88",2021,"CEGRAF",,1
"A138a8cb5","LIVRO","Aspectos de Participação da Comunidade - volume 90",2021,"CEGRAF",,1
"Ab21b2f82","LIVRO","Aspectos de Participação da Comunidade - volume 91",2021,"CEGRAF",,1
"A8afe99e3","LIVRO","Aspectos de Participação da Comunidade - volume 93",2021,"CEGRAF",,1
"A9d4a9884","LIVRO","Aspectos de Participação da Comunidade - volume 94",2021,"CEGRAF",,1
"Aa08bf04f","LIVRO","Aspectos de Participação da Comunidade - volume 95",2021,"CEGRAF",,1
"A53f51e91","LIVRO","Aspectos de Participação da Comunidade - volume 97",2021,"CEGRAF",,1
"Aed37398e","LIVRO","Aspectos de Participação da Comunidade - volume 98",2021,"CEGRAF",,1
"Ae45b0eeb","LIVRO","Aspectos de Participação da Comunidade - volume 99",2021,"CEGRAF",,1
"Ac9e32225","LIVRO","Aspectos de Participação da Comunidade - volume 100",2021,"CEGRAF",,1
"A6cdfef4d","LIVRO","Aspectos de Participação da Comunidade - volume 101",2021,"CEGRAF",,1
"A09a30743","LIVRO","Aspectos de Participação da Comunidade - volume 102",2021,"CEGRAF",,1
"A1685af7b","LIVRO","Aspectos de Participação da Comunidade - volume 103",2021,"CEGRAF",,1
"Ad9471f6d","LIVRO","Aspectos de Participação da Comunidade - volume 104",2021,"CEGRAF",,1
"Ab323846c","LIVRO","Aspectos de Participação da Comunidade - volume 105",2021,"CEGRAF",,1
"A219d908f","LIVRO","Aspectos de Participação da Comunidade - volume 106",2021,"CEGRAF",,1
"Abf5989b4","LIVRO","Aspectos de Participação da Comunidade - volume 107",2021,"CEGRAF",,1
"A05050141","LIVRO","Aspectos de Participação da Comunidade - volume 108",2021,"CEGRAF",,1
"Afc0f3f2e","LIVRO","Aspectos de Participação da Comunidade - volume 110",2021,"CEGRAF",,1
"A9e7299cd","LIVRO","Aspectos de Participação da Comunidade - volume 111",2021,"CEGRAF",,1
"A20040678","LIVRO","Aspectos de Participação da Comunidade - volume 112",2021,"CEGRAF",,1
"A9d29b041","LIVRO","Aspectos de Participação da Comunidade - volume 114",2021,"CEGRAF",,1
"Ada4af271","LIVRO","Aspectos de Participação da Comunidade - volume 115",2021,"CEGRAF",,1
"A1b5a9220","LIVRO","Aspectos Metodológicos - volume 7",2020,"CEGRAF",,1
"Aa57ca2c2","LIVRO","Aspectos de Participação da Comunidade - volume 7",2020,"CEGRAF",,1
"Aff3f52e1","LIVRO","Aspectos do Saneamento - volume 7",2020,"CEGRAF",,1
"Aa08c64f8","LIVRO","Aspectos do Saneamento - volume 10",2020,"CEGRAF",,1
"Aaff78001","LIVRO","Aspectos de Participação da Comunidade - volume 10",2020,"CEGRAF",,1
"A2f4a843d","LIVRO","Aspectos Metodológicos - volume 10",2020,"CEGRAF",,1
"A49bf348d","LIVRO","Aspectos do Saneamento - volume 29",2020,"CEGRAF",,1
"Aa73da997","LIVRO","Aspectos Metodológicos - volume 29",2020,"CEGRAF",,1
"Aac45bb30","LIVRO","Aspectos de Participação da Comunidade - volume 29",2020,"CEGRAF",,1
"Af393da17","LIVRO","Aspectos do Saneamento - volume 41",2020,"CEGRAF",,1
"Aa3cc237e","LIVRO","Aspectos de Participação da Comunidade - volume 41",2020,"CEGRAF",,1
"A3a574927","LIVRO","Aspectos Metodológicos - volume 41",2020,"CEGRAF",,1
"A3a1b19b2","LIVRO","Aspectos Metodológicos - volume 71",2020,"CEGRAF",,1
"A5f6a18bc","LIVRO","Aspectos do Saneamento - volume 71",2020,"CEGRAF",,1
"A826911cf","LIVRO","Aspectos de Participação da Comunidade - volume 71",2020,"CEGRAF",,1
"Afe3d6734","LIVRO","Aspectos Metodológicos - volume 75",2020,"CEGRAF",,1
"A3faf4415","LIVRO","Aspectos do Saneamento - volume 75",2020,"CEGRAF",,1
"A886357d6","LIVRO","Aspectos de Participação da Comunidade - volume 75",2020,"CEGRAF",,1
"A8decac5b","LIVRO","Aspectos de Participação da Comunidade - volume 84",2020,"CEGRAF",,1
"A2d592f5d","LIVRO","Aspectos Metodológicos - volume 84",2020,"CEGRA",,1
"A96e865ec","LIVRO","Aspectos do Saneamento - volume 48",2020,"CEGRAF",,1
"Af277497f","LIVRO","Aspectos de Participação da Comunidade - volume 89",2020,"CEGRAF",,1
"Ad3f4f5d5","LIVRO","Aspectos do Saneamento - volume 89",2020,"CEGRAF",,1
"A1064f0d0","LIVRO","Aspectos do Saneamento - volume 109",2020,"CEGRAF",,1
"Aaa05a115","LIVRO","Aspectos Metodológicos - volume 109",2020,"CEGRAF",,1
"Ac3630ef6","LIVRO","Aspectos de Participação da Comunidade - volume 109",2020,"CEGRAF",,1
"A9a73ba42","LIVRO","Aspectos Metodológicos - volume 113",2020,"CEGRAF",,1
"A10d59e79","LIVRO","Aspectos de Participação da Comunidade - volume 113",2020,"CEGRAF",,1
"A2be5b76c","LIVRO","Aspectos do Saneamento - volume 113",2020,"CEGRAF",,1
"Afd7eebfa","LIVRO","Aspectos do Saneamento - volume 20",2020,"CEGRAF",,1
"A23c41e56","LIVRO","Aspectos Metodológicos - volume 20",2020,"CEGRAF",,1
"A5f713a78","LIVRO","Aspectos de Participação da Comunidade - volume 20",2020,"CEGRAF",,1
"Ab4773f44","LIVRO","Aspectos de Participação da Comunidade - volume 48",2020,"CEGRAF",,1
"A94d571be","LIVRO","Aspectos Metodológicos - volume 48",2020,"CEGRAF",,1
"Af6f3782e","LIVRO","Aspectos do Saneamento - volume 62",2020,"CEGRAF",,1
"A7708c4a4","LIVRO","Aspectos de Participação da Comunidade - volume 62",2020,"CEGRAF",,1
"A5e3610d9","LIVRO","Aspectos Metodológicos - volume 62",2020,"CEGRAF",,1
"A4fbdb7de","LIVRO","Aspectos Metodológicos - volume 78",2020,"CEGRAF",,1
"A50692afe","LIVRO","Aspectos de Participação da Comunidade - volume 78",2020,"CEGRAF",,1
"A4d60e399","LIVRO","Aspectos do Saneamento - volume 78",2020,"CEGRAF",,1
"Ad0bc2bf3","LIVRO","Aspectos Metodológicos - volume 96",2020,"CEGRAF",,1
"A22b555e4","LIVRO","Aspectos de Participação da Comunidade - volume 96",2020,"CEGRAF",,1
"A7de15941","LIVRO","Aspectos do Saneamento - volume 96",2020,"CEGRAF",,1
"A2e63ae1e","LIVRO","Aspectos Metodológicos - volume 24",2020,"CEGRAF",,1
"A16df4867","LIVRO","Aspectos de Participação da Comunidade - volume 24",2020,"CEGRAF",,1
"A3ef59ca4","LIVRO","Aspectos do Saneamento - volume 24",2020,"CEGRAF",,1
"Aaf48010b","LIVRO","Aspectos Metodológicos - volume 11",2020,"CEGRAF",,1
"Aefa032f5","LIVRO","Aspectos de Participação da Comunidade - volume 11",2020,"CEGRAF",,1
"Af556ee76","LIVRO","Aspectos do Saneamento - volume 11",2020,"CEGRAF",,1
"A5b5c7153","LIVRO","Aspectos Metodológicos - volume 12",2020,"CEGRAF",,1
"Af1ab4dea","LIVRO","Aspectos de Participação da Comunidade - volume 12",2020,"CEGRAF",,1
"A3f2865eb","LIVRO","Aspectos do Saneamento - volume 12",2020,"CEGRAF",,1
"A8f5b1539","LIVRO","Aspectos Metodológicos - volume 46",2020,"CEGRAF",,1
"A052cf424","LIVRO","Aspectos de Participação da Comunidade - volume 46",2020,"CEGRAF",,1
"A9b748763","LIVRO","Aspectos do Saneamento - volume 46",2020,"CEGRAF",,1
"Aca43cb9a","LIVRO","Aspectos Metodológicos - volume 52",2020,"CEGRAF",,1
"Af30778cf","LIVRO","Aspectos de Participação da Comunidade - volume 52",2020,"CEGRAF",,1
"A793d09b5","LIVRO","Aspectos do Saneamento - volume 52",2020,"CEGRAF",,1
"Aad068e31","LIVRO","Aspectos Metodológicos - volume 72",2020,"CEGRAF",,1
"Ad848c8db","LIVRO","Aspectos de Participação da Comunidade - volume 72",2020,"CEGRAF",,1
"Aa7a0d3b5","LIVRO","Aspectos do Saneamento - volume 72",2020,"CEGRAF",,1
"Acf223c42","LIVRO","Aspectos Metodológicos - volume 35",2020,"CEGRAF",,1
"Ae4fce2cf","LIVRO","Aspectos de Participação da Comunidade - volume 35",2020,"CEGRAF",,1
"Aa4cd7195","LIVRO","Aspectos do Saneamento - volume 35",2020,"CEGRAF",,1
"A6f73a0f2","LIVRO","Aspectos Metodológicos - volume 54",2020,"CEGRAF",,1
"A99d54e07","LIVRO","Aspectos de Participação da Comunidade - volume 54",2020,"CEGRAF",,1
"A2cbab9f3","LIVRO","Aspectos do Saneamento - volume 54",2020,"CEGRAF",,1
"A9437a1d7","LIVRO","Aspectos Metodológicos - volume 59",2020,"CEGRAF",,1
"A0c2019c8","LIVRO","Aspectos de Participação da Comunidade - volume 59",2020,"CEGRAF",,1
"Aa6192955","LIVRO","Aspectos do Saneamento - volume 59",2020,"CEGRAF",,1
"A64969c27","LIVRO","Aspectos Metodológicos - volume 61",2020,"CEGRAF",,1
"Ad078e053","LIVRO","Aspectos de Participação da Comunidade - volume 61",2020,"CEGRAF",,1
"A1d77d766","LIVRO","Aspectos do Saneamento - volume 61",2020,"CEGRAF",,1
"Ae94f344f","LIVRO","Aspectos Metodológicos - volume 64",2020,"CEGRAF",,1
"A70746b68","LIVRO","Aspectos de Participação da Comunidade - volume 64",2020,"CEGRAF",,1
"A4444c6cc","LIVRO","Aspectos do Saneamento - volume 64",2020,"CEGRAF",,1
"Acedaea16","LIVRO","Aspectos Metodológicos - volume 69",2020,"CEGRAF",,1
"Ae9426bf0","LIVRO","Aspectos de Participação da Comunidade - volume 69",2020,"CEGRAF",,1
"A91370972","LIVRO","Aspectos do Saneamento - volume 69",2020,"CEGRAF",,1
"Ad8bb24b8","LIVRO","Aspectos Metodológicos - volume 70",2020,"CEGRAF",,1
"A3cb0613a","LIVRO","Aspectos de Participação da Comunidade - volume 70",2020,"CEGRAF",,1
"A6483acc0","LIVRO","Aspectos de Participação da Comunidade - volume 76",2020,"CEGRAF",,1
"A2cc8a1ef","LIVRO","Aspectos do Saneamento - volume 76",2020,"CEGRAF",,1
"A55b9a139","LIVRO","Aspectos Metodológicos - volume 92",2020,"CEGRAF",,1
"A24ab5e72","LIVRO","Aspectos de Participação da Comunidade - volume 92",2020,"CEGRAF",,1
"A4d37c367","LIVRO","Aspectos do Saneamento - volume 92",2020,"CEGRAF",,1
"A20eb0951","LIVRO","Aspectos do Saneamento - volume 70",2020,"CEGRAF",,1
"Afba27316","LIVRO","Aspectos Metodológicos - volume 89",2020,"CEGRAF",,1
"Afe5f06bf","LIVRO","Water quality index: is it possible to measure with Fuzzy Logic?",2019,"Wiley",,1
"Aafa972dd","LIVRO","Partes constituintes e tecnologias de tratamento de água",2019,"CIAR-UFG",,1
"Adcaf8954","LIVRO","A gestão e o gerenciamento integrado de resíduos sólidos no Brasil: perspectivas para um novo modelo",2017,"Embrapa",,1
"A5b99408e","LIVRO","Development of a Laccase Biosensor for Determination of Phenolic Micropollutants in Surface Waters",2014,"University Press Centre",,1
"Affe3b6ed","LIVRO","Água de Lavagem de Filtros Rápidos",1999,"RiMa Artes e Textos",,1
"A75ade58b","LIVRO","Disposição de resíduos líquidos de ETAs em ETEs",1999,"RiMa Artes e Textos",,1
"A257a5556","TEXTO_JORNAL","Projeto da UFG instala fossa de bananeira em seis comunidades quilombolas",2024,"Jornal UFG",,1
"Ac6cd97e4","TEXTO_JORNAL","Há recursos para universalizar serviço de esgoto, diz especialista",2010,"O Popular",,1
"A94e27313","TEXTO_JORNAL","99 trabalhos serão apresentados na Exposição de Experiências Municipais em Saneamento",2009,"Saneamento e Municípios",,1
"A3988666b","TEXTO_JORNAL","Demanda Crescente para as Engenharias",2009,"Jornal UFG",,1
"A111d5068","TEXTO_JORNAL","Daae instala válvulas para reduzir perdas de água na rede de distribuição",2007,"Cidadania em Notícia",,1
"A1243600f","TEXTO_JORNAL","Água: perda na rede cai para 35%",2007,"Tribuna Impressa",,1
"A7f12e362","TEXTO_JORNAL","Daae ensina cuidados para manutenção de hidrômetros",2006,"Cidadania em Notícia",,1
"A001e963f","TEXTO_JORNAL","Daae inicia campanha contra desperdício de água",2006,"Tribuna Impressa",,1
"Ad2dfc084","TEXTO_JORNAL","Daae entrega folhetos que ensinam cuidados com o hidrômetro",2006,"Jornal Folha da Cidade",,1
"A10f893de","TEXTO_JORNAL","DAAE perde 38% da água que produz",2006,"Tribuna Impressa",,1
"A8c1e472f","TEXTO_JORNAL","Daae intensifica ações para encontro de vazamentos",2006,"Jornal Folha da cidade",,1
"A18d3673d","TEXTO_JORNAL","Ações para detectar vazamentos são intensificadas na cidade",2006,"Jornal Tribuna Impressa",,1
"Acd952c04","TEXTO_JORNAL","Aberto agendamento a professores no Pinheirinho",2005,"Jornal O Imparcial",,1
"A1a107c66","TEXTO_JORNAL","Projeto Educacional no Pinheirinho atendeu 320 alunos",2004,"Jornal Folha da Cidade",,1
"A1fc931b9","TEXTO_JORNAL","Projeto Educando atendeu 320 alunos",2004,"Jornal O Imparcial",,1
"A313635c2","TEXTO_JORNAL","Daae oferece curso para adolescentes",2004,"Jornal Folha da Cidade",,1
"A1b3c5bc4","TEXTO_JORNAL","Daae oferece curso para adolescentes do projeto Quero-quero transformar",2004,"Jornal o Imparcial",,1
"A27b18c26","CONGRESSO_COMPLETO","BORRA DE CAFÉ COMO SOLUÇÃO SUSTENTÁVEL: PRODUÇÃO E AVALIAÇÃO DE BIOCARVÕES ATIVADOS PARA A REMOÇÃO DE FLÚOR EM MEIO AQUOSO",2025,"8º Congresso SulAmericano de Resíduos Sólidos e Sustentabilidade",,1
"A30a604d1","CONGRESSO_COMPLETO","Influência da altura do reator na eficiência da eletrocoagulação aplicada ao tratamento de água de lavagem de filtros",2025,"8º Simpósio sobre Sistemas Sustentáveis",,1
"Af6eedfe6","CONGRESSO_COMPLETO","Potencial da bucha vegetal na filtração lenta: solução sustentável para o tratamento de água em comunidades rurais",2025,"8º Simpósio sobre Sistemas Sustentáveis",,1
"A31654a9e","CONGRESSO_COMPLETO","Avaliação da eletrocoagulação em batelada aplicada ao tratamento de água de lavagem de filtros",2025,"II Simpósio de Recursos Hídricos, Hidráulica e Saneamento",,1
"A253de831","CONGRESSO_COMPLETO","Participação social na construção de soluções baseadas na natureza para disposição de esgoto doméstico em comunidades rurais",2025,"33º Congresso Brasileiro de Engenharia Sanitária e Ambiental",,1
"A6b7783d7","CONGRESSO_COMPLETO","Café e limão: da xícara ao tratamento de águas",2025,"53º Congresso Nacional de Saneametno da ASSEMAE",,1
"Aad71408f","CONGRESSO_COMPLETO","Aplicação de filtro vegetal de Luffa cylindrica na remoção de microplásticos",2025,"14ªs Jornadas Técnicas Internacionais de Resíduos",,1
"A0060e7df","CONGRESSO_COMPLETO","Produção de adsorvente a partir do lodo de eletrocoagulação de água de lavagem de filtros",2025,"14ªs Jornadas Técnicas Internacionais de Resíduos",,1
"Ad102ccb4","CONGRESSO_COMPLETO","Abordagens de ativação na produção de adsorventes de casca de ovo para remoção de fluoreto: uma comparação com carvão de ossos",2025,"Congresso Internacional de Pós-graduação (CinterPós) e II Encontro Internacional de Pós-Graduação (EiPós)",,1
"Aff54e3b0","CONGRESSO_COMPLETO","Environmental fate of pesticides in sunlit waters: kinetic study and mathematical simulations",2024,"12th European Conference on Solar Chemistry and Photocatalysis: Energy and Environmental Applications (SPEA12 Conference)",,1
"A7da8a19c","CONGRESSO_COMPLETO","Concentração de fluoreto em sistemas de abastecimento de água do estado de Goiás",2024,"21º Simpósio Luso-Brasileiro de Engenharia Sanitária e Ambiental",,1
"A6e827525","CONGRESSO_COMPLETO","Using the response surface methodology (RSM) to plan adsorption tests",2024,"15° Encontro brasileiro sobre adsorção",,1
"A328dc635","CONGRESSO_COMPLETO","Há correlação entre a tipologia da comunidade rural e o nível de segurança sanitária?",2024,"1º Congresso Nacional de Saneamento Rural",,1
"A154b33a3","CONGRESSO_COMPLETO","Monitoramento de uma bacia de evapotranspiração para tratamento de esgoto fecal",2024,"21° Encontro de Engenharia Sanitária e Ambiental (21° ENaSB)",,1
"A7dd3e181","CONGRESSO_COMPLETO","Índice de qualidade de água bruta em mananciais de superfície na região metropolitana de Goiânia",2023,"32° Congresso Brasileiro de Engenharia Sanitária e Ambiental",,1
"A3bee73bf","CONGRESSO_COMPLETO","Custo benefício do método colorimétrico (Spadns) e do método eletrométrico de análise de flúor",2023,"32° Congresso Brasileiro de Engenharia Sanitária e Ambiental",,1
"Acfc733b0","CONGRESSO_COMPLETO","Análise da interação entre borra de café e casca de ovo por métodos térmicos",2023,"32° Congresso Brasileiro de Engenharia Sanitária e Ambiental",,1
"A73866736","CONGRESSO_COMPLETO","Definição de objetivo e estabelecimento de metas de saneamento e saúde: experiências em comunidades rurais e tradicionais do estado de Goiás",2022,"XX Silubesa - Simpósio Luso-brasileiro de engenharia sanitária e ambiental",,1
"Ae11e1ec0","CONGRESSO_COMPLETO","Avaliação de risco nos sistemas de abastecimento de água em comunidades quilombolas do estado de Goiás",2022,"XXX Congreso Latinoamericano de Hidraulica",,1
"Acd447f2d","CONGRESSO_COMPLETO","Removal of fluoride ions by adsorption to activated carbon associated with the coagulation process with aluminum sulfate",2022,"14º Encontro Brasileiro sobre Adsorção",,1
"A837ab8ed","CONGRESSO_COMPLETO","Synthesis and characterization of polymeric hydrochar and polymeric activated carbon applied to the adsorption of the bisphenol-A emerging contaminant",2022,"14º Encontro Brasileiro sobre Adsorção",,1
"A1ee5e5f1","CONGRESSO_COMPLETO","Water quality in shallow hand-dug wells in rural settlements in Goiás ? Brazil",2022,"International Congress on Engineering",,1
"A35671af1","CONGRESSO_COMPLETO","Aplicação de análise termogravimétrica (TGA) e termogravimetria derivada (DTG) em materiais orgânicos usados como adsorventes",2021,"XIX Simpósio Luso-Brasileiro de Engenharia Sanitária e Ambiental (SILUBESA)",,1
"A7250d11b","CONGRESSO_COMPLETO","Análise de falso positivo empregando o método do substrato enzimático para detecção de Escherichia coli em água de comunidades rurais",2021,"XIX Simpósio Luso-Brasileiro de Engenharia Sanitária e Ambiental (SILUBESA)",,1
"A63c99a15","CONGRESSO_COMPLETO","Determinação de fluoreto em água de consumo em comunidades rurais localizadas no estado de Goiás",2021,"XIX Simpósio Luso-Brasileiro de Engenharia Sanitária e Ambiental (SILUBESA)",,1
"Ac4c9d584","CONGRESSO_COMPLETO","Alternativas tecnológicas de manejo dos resíduos sólidos em comunidade rurais e tradicionais",2021,"31° Congresso Brasileiro de Engenharia Sanitária e Ambiental",,1
"Ac4950507","CONGRESSO_COMPLETO","Tecnologias alternativas para tratamento e disposição de efluente aplicadas em comunidades rurais do estado de Goiás",2021,"31° Congresso Brasileiro de Engenharia Sanitária e Ambiental",,1
"Afc68f942","CONGRESSO_COMPLETO","Caracterização do manejo dos resíduos sólidos nas comunidades rurais e tradicionais do estado de Goiás, Brasil",2021,"31° Congresso Brasileiro de Engenharia Sanitária e Ambiental",,1
"A8aa418ab","CONGRESSO_COMPLETO","Potencial de eficiência hídrica num centro escolar da sub-região de Trás-os-Montes de Portugal",2021,"50 Congresso Nacional de Saneamento da ASSEMAE - XXIV Exposição de Experiências Municipais em Saneamento",,1
"A3b80ed10","CONGRESSO_COMPLETO","Avaliação da influência de surfactantes na remoção de cor e turbidez em água",2021,"50 Congresso Nacional de Saneamento da ASSEMAE - XXIV Exposição de Experiências Municipais em Saneamento",,1
"A0a6302ea","CONGRESSO_COMPLETO","Influência da temperatura na eficiênca do tratamento de água por flotação utilizando o coagulante Moringa Oleifera",2021,"50 Congresso Nacional de Saneamento da ASSEMAE - XXIV Exposição de Experiências Municipais em Saneamento",,1
"Afa733e97","CONGRESSO_COMPLETO","Influência da temperatura da água bruta na eficiência do coagulante natural Tanino",2021,"50 Congresso Nacional de Saneamento da ASSEMAE - XXIV Exposição de Experiências Municipais em Saneamento",,1
"Ab33883cb","CONGRESSO_COMPLETO","Quantificação de vírus entéricos em esgoto bruto e tratado na cidade de Goiânia",2021,"19° ENASB/12ª JTIR (19° Encontro de Engenharia sanitária e ambiental e 12ª Jornadas técnicas internacionais de resíduos)- A Bioeconomia na construção ",,1
"A384e1a43","CONGRESSO_COMPLETO","Prováveis impactos à saúde aliados ao abastecimento de água em assentamentos rurais de Goiás - Brasil",2021,"19° ENASB/12ª JTIR (19° Encontro de Engenharia sanitária e ambiental e 12ª Jornadas técnicas internacionais de resíduos) - A Bioeconomia na construção",,1
"A7f036176","CONGRESSO_COMPLETO","Saneamento ambiental em comunidades quilombolas: um estudo de revisão",2019,"30º Congresso Brasileiro de Engenharia Sanitária e Ambiental",,1
"A9124ea99","CONGRESSO_COMPLETO","Saneamento básico em comunidades Ribeirinhas: revisão das publicações científicas",2019,"30º Congresso Brasileiro de Engenharia Sanitária e Ambiental",,1
"Acf64c354","CONGRESSO_COMPLETO","Elaboração do plano de segurança da água na comunidade quilombola rural de Diadema no município de Teresina de Goiás",2019,"30º Congresso Brasileiro de Engenharia Sanitária e Ambiental",,1
"A3e595a00","CONGRESSO_COMPLETO","Disponibilidade de águas subterrâneas na UPGRH Turvo e dos Bois, Goiás",2019,"30º Congresso Brasileiro de Engenharia Sanitária e Ambiental",,1
"Ae0af1bd8","CONGRESSO_COMPLETO","Disponibilidade hídrica superficial na bacia de captação do rio Meia Ponte, Goiás",2019,"30º Congresso Brasileiro de Engenharia Sanitária e Ambiental",,1
"A665bb2b8","CONGRESSO_COMPLETO","Avaliação da uniformidade operacional no equipamento Jar Test utilizando coagulante Policloreto de Alumínio",2019,"30º Congresso Brasileiro de Engenharia Sanitária e Ambiental",,1
"A8019731b","CONGRESSO_COMPLETO","Remoção de poluentes de um efluente sintético em diferentes condições hidráulicas de escoamento através de colunas de solo residual.",2019,"49° Congresso Nacional de Saneamento da ASSEMAE",,1
"A71e11432","CONGRESSO_COMPLETO","Salubridade ambiental em municípios com comunidades rurais e tradicionais do estado de Goiás",2019,"49° Congresso Nacional de Saneamento da ASSEMAE",,1
"Ab745065f","CONGRESSO_COMPLETO","Plano de segurança da água (PSA): Proposta de metodologia de avaliação utilizando indicadores",2019,"49° Congresso Nacional de Saneamento da ASSEMAE",,1
"Ae014f6df","CONGRESSO_COMPLETO","Uma visão geral da produção de carvão ativado a partir de resíduos alternativos aplicados à remoção de flúor da água",2019,"49° Congresso Nacional de Saneamento da ASSEMAE",,1
"A945c7c41","CONGRESSO_COMPLETO","Disponibilidade e qualidade de água subterrânea na região metropolitana de Goiânia",2019,"49° Congresso Nacional de Saneamento da ASSEMAE",,1
"A7d67eb8d","CONGRESSO_COMPLETO","Coagulação química com proposta de tratamento de efluentes de estamparias",2019,"49° Congresso Nacional de Saneamento da ASSEMAE",,1
"A39c9894f","CONGRESSO_COMPLETO","Influência do reservatório domiciliar na qualidade da água em comunidades rurais",2019,"49° Congresso Nacional de Saneamento da ASSEMAE",,1
"A0ad2eb78","CONGRESSO_COMPLETO","Implantação do sistema de controle de qualidade em laboratório de radioproteção ambiental",2019,"International Nuclear Atlantic Conference - INAC 2019",,1
"Aa43a796e","CONGRESSO_COMPLETO","A situação da emergência hídrica no estado de Goiás - Brasil",2018,"14º Congresso da Água",,1
"Ab51fbfeb","CONGRESSO_COMPLETO","Eficiência do coagulante extraído de sementes de moringa Oleifera LAM. no tratamento de água pela tecnologia da flotação",2018,"14º Congresso da Água",,1
"A279a419c","CONGRESSO_COMPLETO","Remoção de chumbo de águas com utilização de resíduo de polimento de porcelanato",2018,"14º Congresso da Água",,1
"A9be059e5","CONGRESSO_COMPLETO","Comparação entre métodos de quantificação de geração de lodo em estações de tratamento de água",2018,"14º Congresso da Água",,1
"A96138477","CONGRESSO_COMPLETO","Avaliação da durabilidade de pisos de concreto produzidos com resíduos de estações de tratamento de água",2018,"14º Congresso da Água",,1
"A72ba4233","CONGRESSO_COMPLETO","Indicadores do sistema de abastecimento de água e ocorrência de diarreia",2018,"14º Congresso da Água",,1
"Ae1e88776","CONGRESSO_COMPLETO","Avaliação do potencial de adsorção de fluor em carvão ativado produzido a partir da borra de café",2018,"14º Congresso da Água",,1
"A4e9131ce","CONGRESSO_COMPLETO","Utilização do IQA para avaliação da qualidade das águas em um trecho do rio dos Bois, GO",2018,"48º Congresso Nacional de Saneamento da ASSEMAE",,1
"Aa0d931c0","CONGRESSO_COMPLETO","Estudo secundário do perfil socioeconômico, da qualidade da água e destinação dos resíduos sólidos das comunidades quilombolas do Brasil",2018,"48º Congresso Nacional de Saneamento da ASSEMAE",,1
"A92d59cf5","CONGRESSO_COMPLETO","Cenário das políticas públicas de saneamento nas comunidades quilombolas do estado de Goiás",2018,"48º Congresso Nacional de Saneamento da ASSEMAE",,1
"A7c0cd777","CONGRESSO_COMPLETO","Análise conjuntural das comunidades ribeirinhas no Brasil e sua importância para ações de saneamento rural",2018,"48º Congresso Nacional de Saneamento da ASSEMAE",,1
"Aad4a5a25","CONGRESSO_COMPLETO","Estudo do decaimento de flúor nas estações de tratamento de água e suas consequências na eficiência do tratamento",2018,"48º Congresso Nacional de Saneamento da ASSEMAE",,1
"A2a7e4192","CONGRESSO_COMPLETO","Avaliação das perdas nos sistemas de abastecimento de água do estado de Goiás",2018,"48ª Congresso Nacional de Saneamento da ASSEMAE",,1
"A3e6c3749","CONGRESSO_COMPLETO","Avaliação da eficiência de sistema de coleta e aproveitamento de água de aparelhos de ar-condicionado",2018,"48º Congresso Nacional de Saneamento da ASSEMAE",,1
"A305e2c8b","CONGRESSO_COMPLETO","Remoção de metais pesados de efluentes líquidos em ensaios em coluna de fluxo vertical e descendente com solo residual",2018,"48º Congresso Nacional de Saneamento da ASSEMAE",,1
"Ab9468d6c","CONGRESSO_COMPLETO","Índice 3E do sistema de abastecimento de água nos munícipios da região hidrográfica do Corumbá - Goiás",2018,"48º Congresso Nacional de Saneamento da ASSEMAE",,1
"Ad73ff6a6","CONGRESSO_COMPLETO","Remoção de matéria orgânica e nutrientes de efluentes líquidos em diferentes condições hidráulicas",2018,"18º Encontro de Engenharia Sanitária e Ambiental (ENASB) e 18º Simposium Luso-Brasileiro de Engenharia Sanitária e Ambiental (SILUBESA)",,1
"Aa1e3100e","CONGRESSO_COMPLETO","Avaliação da qualidade de manancial para abastecimento público, utilizando diferentes índices de qualidade da água",2018,"XIV Simpósio Ítalo-Brasileiro de Engenharia Sanitária e Ambiental",,1
"Add2b5045","CONGRESSO_COMPLETO","Captação e utilização da água proveniente de sistemas condicionadores de ar- Estudo de caso",2018,"XIV Simpósio Ítalo-Brasileiro de Engenharia Sanitária e Ambiental",,1
"A6570d842","CONGRESSO_COMPLETO","Disposiciones de residuos solidos dentro de cuencas hidrográficas destinadas a la captación superficial de agua en el estado de Goiás (Brasil)",2017,"7º Congreso Interamericano de Residuos Sólidos",,1
"Ab50d36db","CONGRESSO_COMPLETO","Caracterização e reutilização de resíduos sólidos gerados pela construção civil",2017,"7º Congreso Interamericano de Residuos Sólidos",,1
"Ac5e9afc5","CONGRESSO_COMPLETO","Importância das lagoas de estabilização na redução dos resíduos sólidos em Estações de Tratamento de Esgoto",2017,"7º Congreso Interamericano de Residuos Sólidos",,1
"A3ff001e9","CONGRESSO_COMPLETO","Evaluación de la eficiencia de un sistema electroquímico para el tratamiento de efluente industrial farmacéutico",2017,"7º Congreso Interamericano de Residuos Sólidos",,1
"A340dff42","CONGRESSO_COMPLETO","Avaliação da remoção de metais pesados por sorção em solos residuais da região da Beira Interior de Portugal",2017,"47º Congresso Nacional de Saneamento da ASSEMAE",,1
"A7eb434ad","CONGRESSO_COMPLETO","Reflexo da orientação pontual aos autores na construção de seus artigos científicos para apresentação na Exposição de Experiências Municipais de Saneamento",2017,"47º Congresso Nacional de Saneamento da ASSEMAE",,1
"A6e1dbcf0","CONGRESSO_COMPLETO","Evolução dos trabalhos apresentados nas Exposições de Experiências Municipais em saneamento no período de 1996 a 2016.",2017,"47º Congresso Nacional de Saneamento da ASSEMAE",,1
"A9b91ec59","CONGRESSO_COMPLETO","Mapeamento sistemático de publicações: Formação de Trihalometano como subproduto da desinfecção",2017,"47º Congresso Nacional de Saneamento da ASSEMAE",,1
"Abfd79221","CONGRESSO_COMPLETO","Reaproveitamento de corpos de prova na construção civil",2017,"47º Congresso Nacional de Saneamento da ASSEMAE",,1
"A3ef46630","CONGRESSO_COMPLETO","Correlação entre variáveis abióticas e biótica em água de abastecimento público em Goiás",2017,"29º Congresso Brasileiro de Engenharia Sanitária e Ambiental",,1
"A40c278b3","CONGRESSO_COMPLETO","Variáveis abióticas e sua correlação com a concentração de clorofila 'a' em águas superficiais de abastecimento público em Goiás",2017,"29º Congresso Brasileiro de Engenharia Sanitária e Ambiental",,1
"A0aa0d155","CONGRESSO_COMPLETO","Mapeamento da temperatura de superfície do estado de Goiás a partir de imagens temais do satélite Landsat 7",2017,"29º Congresso Brasileiro de Engenharia Sanitária e Ambiental",,1
"A80037f47","CONGRESSO_COMPLETO","Tratamento de lixiviado de aterro por eletrocoagulação",2017,"29º Congresso Brasileiro de Engenharia Sanitária e Ambiental",,1
"A5ab139fe","CONGRESSO_COMPLETO","Eletrocoagulação e adsorção aplicados ao tratamento de efluente combinado contendo metais tóxicos",2017,"29º Congresso Brasileiro de Engenharia Sanitária e Ambiental",,1
"A617f8155","CONGRESSO_COMPLETO","Análise quali-quantitativa da água condensada do sistema de ar condicioando",2017,"29º Congresso Brasileiro de Engenharia Sanitária e Ambiental",,1
"A682e4769","CONGRESSO_COMPLETO","Eletrocoagulação empregada para o tratamento de efluente gerado em lavagem automotiva",2017,"29º Congresso Brasileiro de Engenharia Sanitária e Ambiental",,1
"Aefc7bb05","CONGRESSO_COMPLETO","Comparação da influência da sazonalidade temporal na qualidade da água e na operação de sistemas de sistemas de tratamento de de tratamento de água",2017,"International Conference on Engineering UBI 2017 (ICEUBI 2017)",,1
"A494351a6","CONGRESSO_COMPLETO","Use of condensed water from air conditioning systems",2017,"International Conference on Engineering UBI 2017 (ICEUBI 2017)",,1
"A1f1fac6f","CONGRESSO_COMPLETO","Removal of Cr, Cu and Zn from liquid effluents using the fine component of granitic residual soils",2017,"International Conference on Engineering UBI 2017 (ICEUBI 2017)",,1
"A819aa8e1","CONGRESSO_COMPLETO","Avaliação hidrobiológica em um manancial de captação de água para abastecimento público",2016,"13º Congresso da Água",,1
"Ab54bf208","CONGRESSO_COMPLETO","Avaliação da qualidade da água e vazão em um trecho no rio dos Bois",2016,"13º Congresso da Água",,1
"A520d8bd8","CONGRESSO_COMPLETO","Abastecimento e qualidade da água utilizada para consumo humano no distrito de Prata, Goiás",2016,"20ª Exposição de Experiências Municipais em Saneamento",,1
"Aeb4446a0","CONGRESSO_COMPLETO","Avaliação da remoção de matéria orgânica e nutrientes por sorção em solos residuais",2016,"20ª Exposição de Experiências Municipais em Saneamento",,1
"A27235583","CONGRESSO_COMPLETO","Vigilância em águas de consumo humano nos municípios Goianos com administração pública direta",2016,"20ª Exposição de Experiências Municipais em Saneamento",,1
"A27425820","CONGRESSO_COMPLETO","Importância dos planos de segurança da água para evitar riscos à população",2016,"20ª Exposição de Experiências Municipais em Saneamento",,1
"A4b1b6298","CONGRESSO_COMPLETO","Revisão de publicações científicas sobre contaminação de resíduos sólidos",2016,"20ª Exposição de Experiências Municipais em Saneamento",,1
"Af4a62d5a","CONGRESSO_COMPLETO","Estudo da qualidade da água e da capacidade de autodepuração do ribeirão Grimpas - GO",2016,"XVII SILUBESA - Simpósio Luso Brasileiro de Engenharia Sanitária e Ambiental",,1
"A56b234a0","CONGRESSO_COMPLETO","Avaliação da qualidade da água de uma bacia de captação abastecimento público no estado de Goiás",2016,"XVII SILUBESA - Simpósio Luso Brasileiro de Engenharia Sanitária e Ambiental",,1
"A183c3007","CONGRESSO_COMPLETO","Mapping study das publicações científicas sobre o uso da borra de café como carvão ativado",2016,"XXXV Congreso Interamericano de Ingeniería Sanitaria y Ambiental e 59º Congreso Internacional Agua, Saneamiento, Ambiente y Energías Renovables",,1
"A0bd98d77","CONGRESSO_COMPLETO","Cemitérios em bacias de captação: A realidade do estado de Goiás",2016,"17º Encontro de Engenharia Sanitária e Ambiental",,1
"Ac4f2c946","CONGRESSO_COMPLETO","Estimativa dos coeficientes de desoxigenação e reareção para um trecho do rio dos Bois, Goiás - Brasil",2016,"17º Encontro de Engenharia Sanitária e Ambiental",,1
"A63060ba4","CONGRESSO_COMPLETO","ESTUDOS SOBRE O DECAIMENTO DE CLORO RESIDUAL EM ÁGUAS DISTRIBUÍDAS EM REDES DE ABASTECIMENTO",2016,"XIV Encontro Nacional de Estudantes de Engenharia Ambiental",,1
"A05a7ef38","CONGRESSO_COMPLETO","LODO DE ESTAÇÃO DE TRATAMENTO DE ESGOTO NO CULTIVO DE PLANTAS ORNAMENTAIS",2016,"XIV Encontro Nacional de Estudantes de Engenharia Ambiental",,1
"A2012d93b","CONGRESSO_COMPLETO","Influência das chuvas na qualidade da água distribuída ao consumo humano",2015,"45ª Assembleia Nacional da ASSEMAE",,1
"A4cb33663","CONGRESSO_COMPLETO","Gestão de óleo lubrificante usado e suas embalagens na Cidade de Inhumas ? GO, Brasil",2015,"45ª Assembleia Nacional da ASSEMAE",,1
"A6a6c8584","CONGRESSO_COMPLETO","Piso de solo-cimento produzido com resíduo de estações de tratamento de água",2015,"45ª Assembleia Nacional da ASSEMAE",,1
"Ab8af1d02","CONGRESSO_COMPLETO","Avaliação da vulnerabilidade das bacias de captação devido a presença de lixões no estado de Goiás (Brasil)",2015,"9ª International Conference Technical on Waste 2015",,1
"A8f794618","CONGRESSO_COMPLETO","Caracterização físico-química de lodo de estações de tratamento de água em comparação com um solo proveniente do Cerrado Goiano",2015,"28º Congresso Brasileiro de Engenharia Sanitária e Ambiental",,1
"A2508b32e","CONGRESSO_COMPLETO","Avaliação da capacidade de uma bacia de detenção para a remoção de metais pesados de escorrências rodoviárias",2015,"28º Congresso Brasileiro de Engenharia Sanitária e Ambiental",,1
"A294af785","CONGRESSO_COMPLETO","Impacto da Evapotranspiração na Remoção de Matéria Orgânica e Nitrogênio em Leitos de Macrófitas de Escoamento Subsuperficial Horizontal",2015,"28º Congresso Brasileiro de Engenharia Sanitária e Ambiental",,1
"A96d4c4a1","CONGRESSO_COMPLETO","Produção de Tijolos Ecológicos com Adição de Resíduos das Estações de Tratamento de Água e de Efluentes de Fábrica de Porcelanato",2015,"28º Congresso Brasileiro de Engenharia Sanitária e Ambiental",,1
"Aa3bd8cf6","CONGRESSO_COMPLETO","Comparación de los índices de Vulnerabilidad IS y Drastic en el acuífero libre de los Montes Torozos",2015,"28º Congresso Brasileiro de Engenharia Sanitária e Ambiental",,1
"A8b104981","CONGRESSO_COMPLETO","Avaliação da gestão do óleo lubrificante usado e sua embalagem em postos de combustíveis do município de Terezópolis de Goiás",2014,"12.º Congresso da Água, 16.º Encontro de Engenharia Sanitária e Ambiental, XVI Simpósio Luso-Brasileiro de Engenharia Sanitária e Ambiental",,1
"A65141a56","CONGRESSO_COMPLETO","Avaliação da autodepuração do Córrego Salobinha",2014,"XVIII Exposição de Experiências Municipais em Saneamento",,1
"A6160c7d5","CONGRESSO_COMPLETO","Caracterização granulométrica do resíduo da ETA Eng. RodolfoJosé da Costa e Silva em Goiânia, Goiás",2014,"XVIII Exposição de Experiências Municipais em Saneamento",,1
"A7f497c53","CONGRESSO_COMPLETO","Saneamento Ambiental no município de Senador Canedo, Goiás",2014,"XVIII Exposição de Experiências Municipais em Saneamento",,1
"A070fb12c","CONGRESSO_COMPLETO","Aplicação de Lodo Residual da Estação de Tratamento de Água Meia Ponte em Goiânia, Goiás, em blocos prensados de solo-cimento sem função estrutural.",2014,"XII Simpósio Ítalo-Brasileiro de Engenharia Sanitária e Ambiental",,1
"Aa2ded7db","CONGRESSO_COMPLETO","Gis-based site selection for agricultural irrigation with reclaimed water",2014,"11th International Conference on Hydroinformatics (HIC2014)",,1
"Ad43323ad","CONGRESSO_COMPLETO","Produção de reboco com adição de resíduo de estação de tratamento de água",2014,"XXXIVCongreso Interamericano de Ingeníeria Sanitaria y Ambiental",,1
"A864c3d45","CONGRESSO_COMPLETO","Determinação do índice de qualidade da água tratada fornecida ao município de Anapólis - Goiás",2014,"XII Simpósio de Recursos Hídricos do Nordeste",,1
"A6f6010b3","CONGRESSO_COMPLETO","Produção de piso intertravado de concreto utilizando resíduo de estação de tratamento de água",2014,"12.º Congresso da Água, 16.º Encontro de Engenharia Sanitária e Ambiental, XVI Simpósio Luso-Brasileiro de Engenharia Sanitária e Ambiental",,1
"A6e111b4f","CONGRESSO_COMPLETO","Comunidade Fitoplanctônica em instalação piloto de filtração em múltiplas etapas - Caso Represa Samambaia",2013,"11º Simpósio de Hidráulica e Recursos Hídricos dos Países de Língua Portuguesa",,1
"A6a347b6f","CONGRESSO_COMPLETO","Qualidade da água utilizada para consumo humano em assentamento de reforma agrária, Mineiros, Goiás",2013,"XVII Exposição de Experiências Municipais em Saneamento",,1
"Aed4a4890","CONGRESSO_COMPLETO","Regulação dos sistemas de abastecimento de água no Estado de Goiás",2013,"XVII Exposição de Experiências Municipais em Saneamento",,1
"Aed4a82c2","CONGRESSO_COMPLETO","Análise do Panorama do gerenciamento dos resíduos do serviço de saúde no Brasil",2013,"XVII Exposição de Experiências Municipais em Saneamento",,1
"A0d45fe2e","CONGRESSO_COMPLETO","Influências da Portaria MS 2914/11 sobre os sistemas de desinfecção de ETAs na Região Metropolitana de Goiânia",2013,"XVII Exposição de Experiências Municipais em Saneamento",,1
"A2b72d7e7","CONGRESSO_COMPLETO","Panorama dos planos de segurança da água nos sistemas Goianos autônomos de abastecimento de água",2013,"XVII Exposição de Experiências Municipais em Saneamento",,1
"A87e20bb0","CONGRESSO_COMPLETO","Water Treatment Sludge for post-treatment of effluents from stabilization ponds",2013,"10th IWA Specialist Group Conference on Ponds Technology: Advances and Innovations in Wastewater Pond Technology",,1
"A31d4dd93","CONGRESSO_COMPLETO","Variação do volume de lodo de ETA acumulado no fundo da lagoa facultativa da ETE de Piracanjuba (Goiás, Brasil)",2013,"3rd Latin American Ponds Conference",,1
"Afd92d760","CONGRESSO_COMPLETO","Estudo da remoção de crómio e zinco pesados em filtro descontinuo com enchimento de lodo de ETA",2013,"27º Congresso Brasileiro de Engenharia Sanitária e Ambiental",,1
"Ab9ba014c","CONGRESSO_COMPLETO","Avaliação da filtração em múltiplas etapas em águas com baixa turbidez e estimativa da biomassa algal - Caso Represa Samabaia",2013,"27º Congresso Brasileiro de Engenharia Sanitária e Ambiental",,1
"Acb07e56f","CONGRESSO_COMPLETO","Utilização de solos residuais para infiltração de águas residuais tratadas",2013,"27º Congresso Brasileiro de Engenharia Sanitária e Ambiental",,1
"Adf8fd3ad","CONGRESSO_COMPLETO","Influência do lançamento do lodo da ETA no acúmulo de lodo de fundo da Lagoa facultativa da ETE Piracanjuba-GO",2013,"27º Congresso Brasileiro de Engenharia Sanitária e Ambiental",,1
"A40293f5d","CONGRESSO_COMPLETO","Estudo da recirculação do lodo de decantador de ETA por meio do teste de resistência específica",2013,"27º Congresso Brasileiro de Engenharia Sanitária e Ambiental",,1
"A0d964643","CONGRESSO_COMPLETO","Reutillização de lamas de ETA para a remoção de metais pesados em sistemas de filtração",2013,"8ª Jornadas Técnicas Internacionais de Resíduos",,1
"A0aaaf3d7","CONGRESSO_COMPLETO","Caracterização de resíduos esgotados de fossas no município Itumbiara no interior de Goiás-Brasil",2013,"8ª Jornadas Técnicas Internacionais de Resíduos",,1
"A86c1bea0","CONGRESSO_COMPLETO","Adição de resíduo de Estação de Tratamento de Água para a fabricação de blocos de concreto para pavimentação",2013,"International Conference on Engineering UBI2013",,1
"A5921145b","CONGRESSO_COMPLETO","Diagnóstico da disposição dos resíduos gerados em estações de tratamento de água em municípios do Estado de Goiás, Brasil.",2013,"International Conference on Engineering UBI2013",,1
"A53d850c2","CONGRESSO_COMPLETO","Avaliação ambiental das captações de água para abastecimento público de municípios operados pelas Prefeituras no Estado de Goiás-Brasil.",2013,"International Conference on Engineering UBI2013",,1
"A3d08c67a","CONGRESSO_COMPLETO","Caracterização dos Sistemas Municipais de Abastecimento de Água das Microrregiões Quirinópolis e Sudoeste Goiano, Goiás-Brasil",2013,"International Conference on Engineering UBI2013",,1
"A049436e9","CONGRESSO_COMPLETO","Caracterização do resíduo gerado em uma estação de tratamento de água na cidade Goiânia, Brasil",2013,"International Conference on Engineering UBI2013",,1
"Ab8d26b83","CONGRESSO_COMPLETO","Desenvolvimento de Biossensor de Lacase para Determinação de Fenóis Micropoluentes em Águas de Manancial Superficial",2013,"International Conference on Engineering UBI2013",,1
"Ab95b142d","CONGRESSO_COMPLETO","Avaliação da qualidade da água da represa Samambaia, manancial de abastecimento do Campus da Universidade Federal de Goiás - Goiânia.",2013,"XX Simpósio Brasileiro de Recursos Hídricos",,1
"Ae848be61","CONGRESSO_COMPLETO","Retos para la avaliación de la calidad del agua distribuida a la población en el Estado de Goiás, Brasil",2012,"III Congreso Paraguayo de Recursos Hidricos",,1
"A9d55cff2","CONGRESSO_COMPLETO","Saneamento ambiental en áreas rurales con enfoque em la calidad del agua utilizada para consumo humano",2012,"III Congreso Paraguayo de Recursos Hidricos",,1
"A2e3b096a","CONGRESSO_COMPLETO","Identificação dos focos de contaminação das fontes de abastecimento de água do Assentamento Canudos, Goiás",2012,"XV Simpósio Luso-Brasileiro de Engenharia Sanitária e Ambiental",,1
"A4a321172","CONGRESSO_COMPLETO","Utilização de lama de ETA para remoção de zinco em filtro vertical descontinuo",2012,"XV Simpósio Luso-Brasileiro de Engenharia Sanitária e Ambiental",,1
"A69e5f64d","CONGRESSO_COMPLETO","Performance of a microporus ceramic filter for slow filtration",2012,"9ª EDIÇÃO DO SIMPÓSIO INTERNACIONAL DE ENGENHARIA SANITÁRIA E AMBIENTAL 11ª EDIÇÃO DO SIMPÓSIO ÍTALO-BRASILEIRO DE ENGENHARIA SANITÁRIA E AMBIENTAL",,1
"A165037c6","CONGRESSO_COMPLETO","Assessment of the construction conditions of water abstraction sources en the settlement of Canudos (Goiás, Brasil)",2012,"9ª EDIÇÃO DO SIMPÓSIO INTERNACIONAL DE ENGENHARIA SANITÁRIA E AMBIENTAL 11ª EDIÇÃO DO SIMPÓSIO ÍTALO-BRASILEIRO DE ENGENHARIA SANITÁRIA E AMBIENTAL",,1
"A9f1afe09","CONGRESSO_COMPLETO","Saneamento rural e gênero em questão: Um debate a partir da situação da reforma agrária no Brasil",2012,"XXXIII Congresso Interamericano de Engenharia Sanitária e Ambiental",,1
"Aa1ab4d06","CONGRESSO_COMPLETO","Sistemas de Saneamento em Goiás",2012,"XIII Exposição de Experiências Municipais de Saneamento",,1
"A2af69ba9","CONGRESSO_COMPLETO","Use of treatment plant sludge for the removal of total phosphorus, nitrate, turbidity and color of effluents from stabilization ponds",2012,"International AFRICA Sustainable Waste Management Conference",,1
"A85c5b598","CONGRESSO_COMPLETO","Use of sludge treatment plant water in the production of tree seedlings with occurrence in the cerrado biome",2012,"4th Internacional Conference on Engineering for Waste and Biomass Valorisation",,1
"Afc949aad","CONGRESSO_COMPLETO","Gênero e gestão integrada dos recursos hidrícos e saneamento: aproximações a partir da realidade caboverdiana e brasileira",2012,"VI Encontro Nacional de Pós-Graduação e Pesquisa emAmbiente e Sociedade - ANPPAS",,1
"A92cf94da","CONGRESSO_COMPLETO","Efeito da recirculação de lamas de ETA na remoção de turbidez da água",2012,"15º Encontro de Engenharia Sanitária e Ambiental (ENaSB)",,1
"A0d56fd44","CONGRESSO_COMPLETO","Utilização de SIG para a selação de percelas agrícolas para reutilização de águas residuárias tratadas na região da Cova da Beira",2012,"15º Encontro de Engenharia Sanitária e Ambiental (ENaSB)",,1
"A78ceb884","CONGRESSO_COMPLETO","Tratamento de efluente de lagoa de estabilização por adição de resíduo de estação de tratamento de água",2012,"15º Encontro de Engenharia Sanitária e Ambiental (ENaSB)",,1
"A89fd611b","CONGRESSO_COMPLETO","Análise comparativa da qualidade da água de abastecimento e sua gestão em Goiás-Brasil e Ilha de Santiago-Cabo Verde",2012,"15º Encontro de Engenharia Sanitária e Ambiental (ENaSB)",,1
"Ad23e6a30","CONGRESSO_COMPLETO","Analise da proposta de regionalização de municípios para validação de modelo de coleta e avaliação da qualidade de água em Goiás",2012,"15º Encontro de Engenharia Sanitária e Ambiental (ENaSB)",,1
"Afbc0e10d","CONGRESSO_COMPLETO","Avaliação da segurança do trabalhador e do meio ambiente nos sistemas de abastecimento de água do Estado de Goiás",2012,"15º Encontro de Engenharia Sanitária e Ambiental (ENaSB)",,1
"A4e93f622","CONGRESSO_COMPLETO","Análise química foliar de plantas cultivadas com resíduo de estação de tratamento de água",2012,"15º Encontro de Engenharia Sanitária e Ambiental (ENaSB)",,1
"A7af2edb9","CONGRESSO_COMPLETO","Caracterização dos resíduos da estação de tratamento de água de ciclo completo - ETA Piracanjuba, Estado de Goiás - Brasil.",2012,"15º Encontro de Engenharia Sanitária e Ambiental (ENaSB)",,1
"Ab32fe2e7","CONGRESSO_COMPLETO","Saneamento rural em áreas de reforma agrária no Brasil",2012,"15º Encontro de Engenharia Sanitária e Ambiental (ENaSB)",,1
"A59fd603c","CONGRESSO_COMPLETO","Avaliação dos sistemas de saneamento no Estado de Goiás",2012,"15º Encontro de Engenharia Sanitária e Ambiental (ENaSB)",,1
"Acc244856","CONGRESSO_COMPLETO","Avaliação da representatividade de uma amostra para análise da qualidade de água utilizada para consumo humano no assentamento Canudos no Estado de Goiás",2012,"15º Encontro de Engenharia Sanitária e Ambiental (ENaSB)",,1
"A1e5f4a62","CONGRESSO_COMPLETO","Otimização da ETA Jaime Câmara para adequação à nova qualidade de água do Barramento do Ribeirão João Leite, Goiânia - Goiás",2011,"26º Congresso de Engenharia Sanitária e Ambiental",,1
"Ac1bd60c4","CONGRESSO_COMPLETO","Estudo da remoção de carbono orgânico total nas águas do Ribeirão João Leite com aplicação do Cloreto Férrico",2011,"26º Congresso Brasileiro de Engenharia Sanitária e Ambiental",,1
"A656e6607","CONGRESSO_COMPLETO","Estudo da disposição de resíduos gerados em estação de tratamento de água em decantador primário de estação de tratamento de esgoto",2010,"X Sibesa - Simpósio Ítalo-Brasileiro de Engenharia Sanitária e Ambiental",,1
"Acc87d0ff","CONGRESSO_COMPLETO","Probelmas decorrentes dos lançamentos de despejos nos cursos d'água da cidade de Araraquara",2010,"40a. Assembléia Nacional da ASSEMAE - XIV Exposição em Experiências Municipais de Saneamento",,1
"A64093890","CONGRESSO_COMPLETO","Utilização de resíduo de decantador de ETA como auxiliar de floculação",2010,"XIV SILUBESA (Simpósio Luso-Brasileiro de Engenharia Sanitária e Ambiental)",,1
"A2c93354a","CONGRESSO_COMPLETO","Problemas decorrentes da obstrução nas redes e ramais de esgotos sanitários",2010,"XIV SILUBESA (Simpósio Luso-Brasileiro de Engenharia Sanitária e Ambiental)",,1
"A8ef97dbe","CONGRESSO_COMPLETO","Minimização da produção de lodos gerados em uma ETA através de sua automação",2010,"XIV SILUBESA (Simpósio Luso-Brasileiro de Engenharia Sanitária e Ambiental)",,1
"A8e692597","CONGRESSO_COMPLETO","Gestão integrada de resíduos sólidos: Perspectivas para um novo modelo no Brasil",2010,"XIV SILUBESA (Simpósio Luso-Brasileiro de Engenharia Sanitária e Ambiental)",,1
"Ae3b6c34a","CONGRESSO_COMPLETO","Sistema de telemetria e teleoperação baseado em resecan e no protocolo IP como ferramenta para gestão e redução de perdas de água",2009,"XIII Exposição de Experiências Municipais de Saneamento",,1
"A092377a3","CONGRESSO_COMPLETO","Estudos dos pontos de entrega de entulhos e materiais volumosos (PEVs) de pequenos geradores no município de Araraquara (SP)",2009,"XIII Exposição de Experiências Municipais de Saneamento",,1
"A1dc4c783","CONGRESSO_COMPLETO","Estudos em escala piloto da disposição em uma ETE de resíduos de ETA qe utiliza cloreto férrico como coagulante",2009,"25º Congresso Brasileiro de Engenharia Sanitária e Ambiental",,1
"A4952596d","CONGRESSO_COMPLETO","Estudo das interferências ocorridas em digestores anaeróbio de lodo primário de estações de tratamento de esgotos após receber resíduos de estação de tratameto de água",2009,"25º Congresso Brasileiro de Engenharia Sanitária e Ambiental",,1
"Ad7940e20","CONGRESSO_COMPLETO","Estudos sobre válvula controladora de ar instalada após o hidrômetro",2008,"XII Exposição de Experiências Municipais em Saneamento",,1
"A33077c46","CONGRESSO_COMPLETO","Influência na micromedição do balanço de água na rede de distribuição",2008,"XII Exposição de Experiências Municipais em Saneamento",,1
"Aa8753079","CONGRESSO_COMPLETO","Cursos de capacitação em saneamento pela Regional São Paulo",2008,"XII Exposição de Experiências Municipais em Saneamento",,1
"Ad0c78491","CONGRESSO_COMPLETO","Estudo da Coleta Seletiva Solidária de Materiais Recicláveis no Município de Araraquara",2008,"XII Exposição de Experiências Municipais de Saneamento",,1
"A7af00e00","CONGRESSO_COMPLETO","Estudo da influência de vazamentos de água na rede coletora de esgotos",2007,"XI Exposição de Experiências Municipais em Saneamento",,1
"Af6bc9fb1","CONGRESSO_COMPLETO","Propostas de critérios para substituição racional de hidrômetros nos sistemas de abastecimento de água",2007,"XI Exposição de Experiências Municipais em Saneamento",,1
"Ab6d42f57","CONGRESSO_COMPLETO","Ações visando a minimização das solicitações de verificações de desempenho dos hidrômetros por parte dos consumidores",2007,"XI Exposição de Experiências Municipais de Sanemanto",,1
"A80922c05","CONGRESSO_COMPLETO","Estudo do chorume percolado no aterro de resíduos sólidos do município de Araraquara",2007,"XI Exposição de Experiências Municipais em Saneamento",,1
"A55709617","CONGRESSO_COMPLETO","Investindo em agentes multiplicadores: A experiência de uma prática de educação ambiental",2006,"X Exposição de Experiências Municipais em Saneamento",,1
"A6942e1f5","CONGRESSO_COMPLETO","Programa de localização de vazamentos não visíveis",2006,"X Exposição de Experiências Municipais em Saneamento",,1
"Afd93d6c9","CONGRESSO_COMPLETO","Redução do índice de perdas através da pesquisa de vazamentos não visíveis e outras medidas",2006,"X Exposição de Experiências Municipais em Saneamento",,1
"Adf9c088f","CONGRESSO_COMPLETO","Lançamento de águas pluviais no sistema de esgotos da cidade de Araraquara e proposta de sua diminuição através da cobrança pelo índice pluviométrico",2005,"IX Exposição de Experiências Municipais em Saneamento",,1
"A45c3417c","CONGRESSO_COMPLETO","Projeto Educando no Pinheirinho",2005,"IX Exposição de Experiências Municipais em Saneamento",,1
"A7eba73e0","CONGRESSO_COMPLETO","Recuperação de Matas Ciliares utilizando mão-de-obra de reeducandos",2005,"IX Exposição de Experiências Municipais em Saneamento",,1
"A0c047b0d","CONGRESSO_COMPLETO","Utilização dos Beneficiários do Núcleo de Penas e Medidas Alternativas na recuperação das matas ciliares da cidade de Araraquara",2005,"IX Exposição de Experiências Municipais em Saneamento",,1
"Ae1cf0932","CONGRESSO_COMPLETO","Parcerias entre o DAAE e Instituições de Araraquara visando a recuperação de matas ciliares",2005,"IX Exposição de Experiências Municipais em Saneamento",,1
"A9385a859","CONGRESSO_COMPLETO","Monitoramento dos corpos d'água da cidade de Araraquara",2004,"IV Simpósio Internacional de Qualidade Ambiental",,1
"Aca12193f","CONGRESSO_COMPLETO","Avaliação da eficiência do tratamento de esgotos por monitoramento de parâmetros fisico-químicos",2004,"IV Simpósio Internacional de Qualidade Ambiental",,1
"A4becc5b1","CONGRESSO_COMPLETO","Correlação entre os calores de DBO e DQO no afluente e efluente de duas ETE's da cidade de Araraquara",2004,"VIII Exposição de Experiências Municipais em Saneamento",,1
"A425f09a6","CONGRESSO_COMPLETO","Melhora da qualidade de água destinada ao abastecimento da cidade de Araraquara em função do número de reclamações de água suja",2004,"VIII Exposição de Experiências Municipais em Saneamento",,1
"A13013e80","CONGRESSO_COMPLETO","Avaliação da autodepuração do Ribeirão das Cruzes através da depressão do oxigênio dissolvido após receber efluente da ETE-Araraquara",2004,"VIII Exposição de Experiências Municipais em Saneamento",,1
"A1ac498e5","CONGRESSO_COMPLETO","Desempenho de uma Estação de Tratamento de Esgoto pelo Processo de Lodos Ativados Operando por Batelada",2003,"VII Exposição de Experiências Municipais em Saneamento",,1
"A3196ef25","CONGRESSO_COMPLETO","Aspectos Construtivos e Operacionais da Estação Tratamento de Esgotos da Cidade de Araraquara",2003,"VII Exposição de Experiências Municipais em Saneamento",,1
"Ad2781d02","CONGRESSO_COMPLETO","Simulação da disposição de resíduos de ETAs em ETES - Remoção de sólidos e de ovos e larvas de helmintos",2001,"21 CONGRESSO BRASILEIRO DE ENGENHARIA SANITÁRIA E AMBIENTAL",,1
"A160590b9","CONGRESSO_COMPLETO","Pesquisa qualitativa de formas parasitárias nas unidades de uma estação de tratamento de água através de diferentes métodos",2001,"21 CONGRESSO BRASILEIRO DE ENGENHARIA SANITÁRIA E AMBIENTAL",,1
"Af87350bc","CONGRESSO_COMPLETO","Caracterização da água de lavagem de filtros rápidos de estações de tratamento de água e dos sobrenadantes e sedimentos obtidos após ensaios de clarificação utilizando polímero aniônico",2000,"XXVI CONGRESSO INTERAMERICANO DE INGENIERIA SANITÁRIA Y AMBIENTAL",,1
"A534ec4e8","CONGRESSO_COMPLETO","Clarificação da água de lavagem de filtros de sistemas de filtração direta ascendente e desaguamento por centrifugação",1999,"20 CONGRESSO BRASILEIRO DE ENGENHARIA SANITÁRIA E AMBIENTAL",,1
"A24cd3416","CONGRESSO_COMPLETO","Remoção de coliformes e pesquisa parasitológia no sobrenadante e no material sedimentado resultante após clarificação por sedimentação da água de lavagem de filtros de estações de tratamento de água",1998,"VII SILUBESA - Simpósio Luso-Brasileiro de Engenharia Sanitária e Ambiental",,1
"A7782a6cf","CONGRESSO_COMPLETO","Clarificação da água de lavagem de filtros rápidos e caracterização do sobrenadante e lodo",1998,"XXVI CONGRESSO INTERAMERICANO DE INGENIERIA SANITÁRIA Y AMBIENTAL",,1
"A4568c093","CONGRESSO_COMPLETO","Pesquisa parasitológica no sobrenadante e no sedimento resultantes após clarificação por sedimentação da água de lavagem de filtros de estações de tratamento de água",1997,"19 Congresso Brasileiro de Engenharia Sanitária e Ambiental",,1
"A061a19bf","CONGRESSO_RESUMO_EXP","Avaliação da viabilidade técnica do uso de lodo de estação de tratametno de água em camadas de cobertura de aterros sanitários",2025,"8º Simpósio sobre Sistemas Sustentáveis",,1
"A539fcb2e","CONGRESSO_RESUMO_EXP","Remoção de Flúor em água com carvão ativado obtido a partir de resíduos agroindustriais",2024,"Conferência Água - Desafios do Futuro",,1
"Acccc3606","CONGRESSO_RESUMO_EXP","Transformação de residuos agricolas (cascas monguba) em material adsorvente para tratamento de água",2024,"XXVII Exposição de Experiências Municipais em Saneamento",,1
"A51085657","CONGRESSO_RESUMO_EXP","O projeto inovação hydrosaap como contributo para a sustentabilidade hídrica",2024,"XXVII Exposição de Experiências Municipais em Saneamento",,1
"A487a9c2c","CONGRESSO_RESUMO_EXP","Solução baseada na natureza para tratamento de esgoto fecal e de águas cinzas em área rural: custos e benefícios",2024,"XXVII Exposição de Experiências Municipais em Saneamento",,1
"A7c16e390","CONGRESSO_RESUMO_EXP","Relação da qualidade da água com a incidência de arboviroses",2023,"16º Congresso da Água",,1
"Ad6258793","CONGRESSO_RESUMO_EXP","Impacto à saúde devido as condições de abastecimento de água e uso e ocupação do solo: estudo de caso na comunidade Queixo Dantas",2023,"16º Congresso da Água",,1
"A3e791e49","CONGRESSO_RESUMO_EXP","A influência de edifícios com cobreturas verdes na drenagem pluvial de um loteamento urbano",2023,"51 CNSA (ASSEMAE) - XXVI Exposição de Experiências Municipais em Saneamento",,1
"Ac0ff101d","CONGRESSO_RESUMO_EXP","Plano de segurança do saneamento rural (PSSR): da concepção a elaboração em comunidades rurais do estado de Goiás",2023,"51 CNSA (ASSEMAE) - XXVI Exposição de Experiências Municipais em Saneamento",,1
"A85a75c29","CONGRESSO_RESUMO_EXP","Categorização dos parâmetros operacionais da eletrocoagulação vinculados à eficiência de remoção de flúor no tratamento de água",2023,"51 CNSA (ASSEMAE) - XXVI Exposição de Experiências Municipais em Saneamento",,1
"A91ddcc10","CONGRESSO_RESUMO_EXP","Filtração em múltiplas etapas e segurança da água: o papel da FIME como instrumento de saúde",2023,"51 CNSA (ASSEMAE) - XXVI Exposição de Experiências Municipais em Saneamento",,1
"Ac3aec5b8","CONGRESSO_RESUMO_EXP","Produção de biocarvão a partir de borra de café por meio da co-pirólise com lodo de ETA e ETE para remoção de flúor em meio aquoso",2023,"51 CNSA (ASSEMAE) - XXVI Exposição de Experiências Municipais em Saneamento",,1
"A47b8a03e","CONGRESSO_RESUMO_EXP","Vacinação contra HPV entre adolescentes residentes em comunidades rurais e tradicionais do estado de Goiás",2023,"XXV Jornada Nacional de Imunizações - SBIm 2023",,1
"Ad6df37be","CONGRESSO_RESUMO_EXP","Custo de remoção, transporte e disposição de lodo de fossa séptica de comunidades rurais",2022,"50 Congresso Nacional de Saneamento da ASSEMAE",,1
"A7a2e3e60","CONGRESSO_RESUMO_EXP","Saneamento básico e criadouros de Aedes aegypti em comunidades ruruais de Goiás, Brasil",2022,"50 Congresso Nacional de Saneamento da ASSEMAE",,1
"A78abe7aa","CONGRESSO_RESUMO_EXP","Gestão de sistemas de abastecimento de água em comunidades rurais e tradicionais de Goiás",2022,"50 Congresso Nacional de Saneamento da ASSEMAE",,1
"Ac598be87","CONGRESSO_RESUMO_EXP","Condições de esgotamento sanitário em comunidades quilombolas do estado de Goiás",2022,"50 Congresso Nacional de Saneamento da ASSEMAE",,1
"Aa14f8257","CONGRESSO_RESUMO_EXP","Plano de segurança do saneamento rural (PSSR): estudo de caso no assentamento João de Deus - Silvânia - Goiás",2022,"50 Congresso Nacional de Saneamento da ASSEMAE",,1
"A87432c3b","CONGRESSO_RESUMO_EXP","Avaliação da qualidade da água bruta e caracterização do resíduo do decantador gerado na ETA Piracanjuba",2021,"1º Encontro Nacional de Lodo de Estação de Tratamento de Água",,1
"A49c5dead","CONGRESSO_RESUMO_EXP","Avaliação da atividade pozolânica em resíduo de ETA",2021,"1º Encontro Nacional de Lodo de Estação de Tratamento de Água",,1
"A9d894696","CONGRESSO_RESUMO_EXP","Caracterização de lodo de tratamento de água para abastecimento através de sistema de eletroflotofiltração (SEFF)",2021,"1º Encontro Nacional de Lodo de Estação de Tratamento de Água",,1
"A0a8e2686","CONGRESSO_RESUMO_EXP","Ocorrência de contaminantes de preocupação emergentes em sobrenadante de lagoa de sedimentação de lodo de ETA",2021,"1º Encontro Nacional de Lodo de Estação de Tratamento de Água",,1
"Ad0af1b27","CONGRESSO_RESUMO_EXP","Ocorrência de oocistos de Cryptosporidium spp. e cistos de Giardia spp. em mananciais superficiais de comunidades rurais e tradicionais do estado de Goiás",2021,"15° Congresso da Água",,1
"A5cbf3db7","CONGRESSO_RESUMO_EXP","Estudo da presença de fármacos em manancial de abastecimento público no estado de Goiás/BR",2021,"15° Congresso da Água",,1
"A19985fa8","CONGRESSO_RESUMO_EXP","Tecnologias de tratamento de água para abastecimento público empregadas no estado de Goiás",2021,"15° Congresso da Água",,1
"A4dd99006","CONGRESSO_RESUMO_EXP","Associação entre os possíveis criadouros de Aedes e coorrência de dengue em assentamentos rurais",2019,"XXXVII Reunión Científica de la Sociedad Española de Epidemiología y XIV Congresso da Associação Portuguesa de Epidemiologia",,1
"A8ffd8e30","CONGRESSO_RESUMO_EXP","Avaliação das condições de abastecimento de água em comunidades ribeirinhas do estado de Goiás",2019,"XXIII Congreso Chileno de Ingeniería",,1
"Ad1e48977","CONGRESSO_RESUMO_EXP","Variação dos parâmetros de turbidez e cor aparente em água através da eletrogoagulação por batelada",2018,"XXIII Congreso de la Sociedad Iberoamericana de Electroquímica (SIBAE 2018)",,1
"Afd048420","CONGRESSO_RESUMO_EXP","Estudo eletroquímico da adsorção de bisfenol A em carvão ativado comercial",2018,"XXIII Congreso de la Sociedad Iberoamericana de Electroquímica (SIBAE 2018)",,1
"A35529668","CONGRESSO_RESUMO_EXP","Remoção de bisfenol-A em meio aquoso utilizando carvão ativado produzido a partir da borra de café",2017,"10º Encontro Nacional de Engenharia Química",,1
"Abb9be487","CONGRESSO_RESUMO_EXP","Influência da sazonalidade temporal na qualidade da água bruta e na operação da ETA do sistema Piancó em Anápolis-GO",2017,"10º Encontro Nacional de Tecnologia Química (Entequi)",,1
"A1dd12dde","CONGRESSO_RESUMO_EXP","Avaliação de métodos para determinação de cloro residual livre em águas de abastecimento público",2014,"III Congresso Baiano de Engenharia Sanitária e Ambiental",,1
"Aada76d6d","CONGRESSO_RESUMO_EXP","Avaliação de uma estação de tratamento de água quanto ao atendimento ao padrão turbidez da Portaria 2014",2014,"III Congresso Baiano de Engenharia Sanitária e Ambiental",,1
"A6e38cdaf","CONGRESSO_RESUMO_EXP","Análise da qualidade de água utilizada para consumo humano no assentamento Canudos no Estado de Goiás",2012,"II Congesso Baiano de Engenharia Sanitária e Ambiental",,1
"A4c640b75","CONGRESSO_RESUMO_EXP","Avaliação das condições das captações de água do assentamento Canudos - Goiás",2011,"XIX Simpósio Brasileiro de Recursos Hídricos",,1
"Acd936cd1","CONGRESSO_RESUMO_EXP","Avaliação da eficência do coagulante sulfato férrico, em diferentes temperaturas",2010,"I Congresso Baiano de Engenharia Sanitária e Ambiental - I COBESA",,1
"A213e2de6","CONGRESSO_RESUMO","Início de operação de uma bacia de evapotranspiração recebendo esgoto fecal em um domicílio rural",2025,"Simpósio sobre Desenvolvimento Sustentável nos Países de Língua Portuguesa",,1
"Ae1716a4b","CONGRESSO_RESUMO","Análisis microbiológico del suelo de tanques de evapotranspiración en zonas rurales del Centro-Oeste de Brasil",2025,"XXII Congreso Internacional y XXVIII Congreso Nacional de Ciencias Ambientales",,1
"A2634d7c6","CONGRESSO_RESUMO","Consistência de Dados: ensaio de coagulação/floculação com diferentes modelos de jar test",2025,"22º Conpeex - Congresso de Pesquisa, Ensino e Extensão",,1
"A05d73295","CONGRESSO_RESUMO","Aplicação da bucha vegetal (Luffa cylindrica) em sistemas de filtração",2025,"22º Conpeex - Congresso de Pesquisa, Ensino e Extensão",,1
"A6e0fb205","CONGRESSO_RESUMO","Influência da altura do ponto de coleta na eficiência de remoção em reator de eletrocoagulação operando em batelada",2025,"22º Conpeex - Congresso de Pesquisa, Ensino e Extensão",,1
"Acdcc14ba","CONGRESSO_RESUMO","Tratamento de esgoto fecal em comunidade rural utilizando tanque de evapotranspiração: aceitabilidade pelo consumo de Musa spp",2025,"22º Conpeex - Congresso de Pesquisa, Ensino e Extensão",,1
"A945daa15","CONGRESSO_RESUMO","Sustainable Coffee Based Adsorbents for Fluoride Removal",2025,"4th International Online Conference on Materials session Green Materials, Synthesis, Characterization and Recycling",,1
"A3835d0b4","CONGRESSO_RESUMO","REMOVAL OF MICROPLASTICS IN FULL-CYCLE WATER TREATMENT PLANTS",2025,"4th International Online Conference on Materials session Green Materials, Synthesis, Characterization and Recycling",,1
"A0b10a913","CONGRESSO_RESUMO","the role of managing wash services in the waterenergy- food-ecosystem nexus in ?quilombola? communities in goiás (brazil)",2024,"VIII Convegno della rete CUCS",,1
"A095b6fac","CONGRESSO_RESUMO","drinking water supply at risk in brazilian vulnerable communities: a comparison among rural and urban areas in goiás state",2024,"VIII Convegno della rete CUCS",,1
"Acb254734","CONGRESSO_RESUMO","Avaliação da remoção de flúor através da eletroflotofiltração",2024,"21º CONPEEX - Congresso de Pesquisa, Ensino e Extensão",,1
"A345c61f2","CONGRESSO_RESUMO","Segurança da água nas comunidade rurais",2024,"21º CONPEEX - Congresso de Pesquisa, Ensino e Extensão",,1
"A67a994a9","CONGRESSO_RESUMO","Remoção de flúor em meio aquoso utilizando biocarvão produzido a partir da borra de café e modificado com lodo de estação de tratamento de água (ETA)",2024,"21º CONPEEX - Congresso de Pesquisa, Ensino e Extensão",,1
"A55bc22c0","CONGRESSO_RESUMO","Dificuldades na construção de uma estação de filtro lento (FL)",2024,"21º CONPEEX - Congresso de Pesquisa, Ensino e Extensão",,1
"A3820abe5","CONGRESSO_RESUMO","Carvão ativado de cacau: Solução inovadora para remoção do contaminante vermelho de metilo em águas",2024,"21º CONPEEX - Congresso de Pesquisa, Ensino e Extensão",,1
"A7fc04ec3","CONGRESSO_RESUMO","Incidência dos genes de resistência de cepas de Escherichia coli de amostras de água de regiões rurais do município de São João D?Aliança ? Goiás",2024,"21º CONPEEX - Congresso de Pesquisa, Ensino e Extensão",,1
"A77f5d50d","CONGRESSO_RESUMO","Incidência dos genes de resistência de cepas de Escherichia coli de amostras de água de regiões rurais do município de Mineiros ? Goiás",2024,"21º CONPEEX - Congresso de Pesquisa, Ensino e Extensão",,1
"A680de5f3","CONGRESSO_RESUMO","Avaliação da incidência de dureza em águas de comunidades rurais em Goiás para aplicação em tratamento de eletrocoagulação",2024,"21º CONPEEX - Congresso de Pesquisa, Ensino e Extensão",,1
"A92f56a68","CONGRESSO_RESUMO","Eliminação do ácido diclorofenoxiacético - 2,4-D utilizando carvão ativado oriundo de resíduos de cacau, monguba e Baru",2024,"21º CONPEEX - Congresso de Pesquisa, Ensino e Extensão",,1
"Af5744616","CONGRESSO_RESUMO","Basic Santitation and breeding sites of Aedes aegypti in rural communities of Goiás, Brazil",2023,"13ª Jornadas técnicas internacionais de resíduos (JTIR)",,1
"A9a102a4e","CONGRESSO_RESUMO","Relação entre o índice de salubridade ambiental rural e índice de segurança do saneamento rural",2023,"20º CONPEEX - Congresso de Pesquisa, Ensino e Extensão",,1
"A654581d0","CONGRESSO_RESUMO","Comparação entre métodos de quantificação de lodo na estação de tratamento de água Meia Ponte",2023,"20º CONPEEX - Congresso de Pesquisa, Ensino e Extensão",,1
"A9bd17db3","CONGRESSO_RESUMO","Desenvolvimento de um sistema de baixo custo para desfluoretação de água utilizando carvão ativado produzido a partir de borra de café",2023,"20º CONPEEX - Congresso de Pesquisa, Ensino e Extensão",,1
"Aec63d2b8","CONGRESSO_RESUMO","Análise da disposição de lodo em solo do Cerrado de uma filtração em múltiplas etapas (FIME)",2023,"20º CONPEEX - Congresso de Pesquisa, Ensino e Extensão",,1
"A1178519e","CONGRESSO_RESUMO","Emprego do sistema de eletroflotofiltração (SEFF) em escala laboratorial para tratamento de água para consumo das comunidades rurais em Goiás",2023,"20º CONPEEX - Congresso de Pesquisa, Ensino e Extensão",,1
"Ac71c6820","CONGRESSO_RESUMO","Enterovírus em amostras de água consumida em regiões rurais de Goiás",2022,"XVII Congresso Brasileiro de Biomedicina e V Congresso Internacional de Biomedicina",,1
"Ac78dcffd","CONGRESSO_RESUMO","Cobertura vacinal em crianças assentadas, quilombolas e ribeirinhas do estado de Goiás",2022,"XXIV Jornada Nacional de Imunizações - SBIm 2022",,1
"A0fea4728","CONGRESSO_RESUMO","Fitoplâncton de parques aquáticos de produção de Tilápia (Oreochromis niloticus ? Chordata, Cichlidae) em dois reservatórios da região norte do estado de Goiás, Brasil",2022,"XVIII Congresso Brasileiro de Limnologia (CBLimno)",,1
"A48b11d8e","CONGRESSO_RESUMO","Seleção de Tecnologias de Tratamento de Água aplicadas para comunidades quilombolas do estado de Goiás",2022,"19º CONPEEX - Congresso de Pesquisa, Ensino e Extensão",,1
"A5a19e8bd","CONGRESSO_RESUMO","Ocorrência de oocistos de Cryptosporidium spp. e cistos de Giardia spp. em poços rasos destinados ao abastecimento de comunidades rurais e tradicionais do estado de Goiás",2022,"19º CONPEEX - Congresso de Pesquisa, Ensino e Extensão",,1
"Ae10122b5","CONGRESSO_RESUMO","Seleção de tecnologias de tratamento de água para assentamentos rurais do estado de Goiás",2022,"19º CONPEEX - Congresso de Pesquisa, Ensino e Extensão",,1
"Aec86b937","CONGRESSO_RESUMO","Aplicação de um sistema de filtração em coluna ultra termostática, para avaliação de remoção de fluoreto da água, utlizando carvão ativado produzido da borra de café",2022,"19º CONPEEX - Congresso de Pesquisa, Ensino e Extensão",,1
"A02d541c2","CONGRESSO_RESUMO","Problematizing the health and sanitation conditions of rural and traditional communities in the Brazilian Midwest through remote participation",2022,"24 IUHPE World Conference on Health Promotion",,1
"Af665afc1","CONGRESSO_RESUMO","susceptibility and implications on public health of pathogenic Escherichia Coli strains isolated from raw water in rural area of Goiás State, Brazil",2022,"XIX International Conference - CeTAmb",,1
"A9ccb1393","CONGRESSO_RESUMO","Identificação e remoção dos principais poluentes presentes na água para consumo das comunidades rurais em Goiás através da tecnologia de eletroflotofiltração",2022,"19º CONPEEX - Congresso de Pesquisa, Ensino e Extensão",,1
"Ae57b7331","CONGRESSO_RESUMO","Avaliação da disponibilidade hídrica em comunidades rurais e tradicionais de Goiás",2021,"18º CONPEEX - Congresso de Pesquisa, Ensino e Extensão",,1
"Abb009fe4","CONGRESSO_RESUMO","Aplicação de carvão ativado produzido a partir de borra de café com adsorvente na remoção de fluoreto em excesso na água de consumo humano",2021,"18º CONPEEX - Congresso de Pesquisa, Ensino e Extensão",,1
"Ac9d3228e","CONGRESSO_RESUMO","Detecção e enumeração de oocistos de Cryptosporidium spp. e cistos de Giardia spp. em fontes de abastecimento das comunidades rurais e tradicionais do estado de Goiás",2021,"18º CONPEEX - Congresso de Pesquisa, Ensino e Extensão",,1
"Ab816c415","CONGRESSO_RESUMO","Influência do uso de caixa d'água sobre a qualidade da água em comunidades rurais do estado de Goiás",2021,"18º CONPEEX - Congresso de Pesquisa, Ensino e Extensão",,1
"A9605923b","CONGRESSO_RESUMO","Abastecimento de água em comunidades rurais em Goiás",2021,"18º CONPEEX - Congresso de Pesquisa, Ensino e Extensão",,1
"A6a9918a5","CONGRESSO_RESUMO","Identificação de problemas decorrentes de eventos chuvosos e proposição de soluções tecnológicas para mitigação desses problemas em três comunidades tradicionais do estado de Goiás",2021,"18º CONPEEX - Congresso de Pesquisa, Ensino e Extensão",,1
"Ae6281906","CONGRESSO_RESUMO","Seroepidemiology of DENV, ZIKV and CHIKV in rural and traditional populations in Goiás",2021,"XXXII Congresso Brasileiro de Virologia",,1
"A89fdf07a","CONGRESSO_RESUMO","Associação entre possíveis criadouros de Aedes aegypti e arboviroses em comunidades rurais no Estado de Goiás, Brasil",2020,"17º CONPEEX - Congresso de Pesquisa, Ensino e Extensão",,1
"A2544be15","CONGRESSO_RESUMO","Avaliação do uso de reservatórios domiciliares em comunidade quilombolas quanto a qualidade da água",2020,"Seminário de Iniciação à Pesquisa Científica, Tecnológica e em Inovação da Universidade Federal de Goiás (XXVIII Seminário IC, X Seminário IDTI)",,1
"A6c6537ac","CONGRESSO_RESUMO","Remoção de flúor da água por adsorção em microcoluna de filtração",2020,"Seminário de Iniciação à Pesquisa Científica, Tecnológica e em Inovação da Universidade Federal de Goiás (XXVIII Seminário IC, X Seminário IDTI)",,1
"A996ee11f","CONGRESSO_RESUMO","Identificação de regiões hidrologicamente homogêneas no estado de Goiás",2020,"Seminário de Iniciação à Pesquisa Científica, Tecnológica e em Inovação da Universidade Federal de Goiás (XXVIII Seminário IC, X Seminário IDTI)",,1
"Ade72186b","CONGRESSO_RESUMO","Avaliação de risco à saúde em função da remoção de (oo)cistos de protozoários em estação de tratamento de água do tipo ciclo completo",2020,"V COngresso Internacional de Riscos",,1
"Abadc81be","CONGRESSO_RESUMO","Determination of the Cesio-137 activity at the Rochedo Dam, Goiás, Brazil",2019,"Startcon19 - International doctorate students conference+lab workshop",,1
"A76e77318","CONGRESSO_RESUMO","Experiência de enfermeiras na gestão de um curso de especialização em saneamento e saúde ambiental - CESSA",2019,"Congresso Brasileiro dos Conselhos de Enfermagem",,1
"A8db27daa","CONGRESSO_RESUMO","Safety evaluation in the storage of chemicals from a water treatmente plant",2019,"ICEUBI - International Congress on Engineering Univerity of Beira Interior",,1
"Aa599e4d8","CONGRESSO_RESUMO","Heavy metals removal from reclaimed water in a laboratory column using a granitic residual soil",2018,"Environment, Green Technology and Engineering International COnference (EGTEIC)",,1
"A496eba25","CONGRESSO_RESUMO","Saúde e saneamento básico para comunidades rurais e tradicionais: a experiência de um projeto interdisciplinar no estado de Goiás",2018,"Congresso Brasileiro de Enfermagem",,1
"A9dc73811","CONGRESSO_RESUMO","Quality and water toxicity in a section of river Bois, Goiás.",2017,"20º Congresso Brasileiro de Toxicologia (CBTox)",,1
"A850c9de8","CONGRESSO_RESUMO","Determinação da Demanda Bentônica em um rio tropical: Estudo de caso no rio dos Bois, Nazário - Goiás",2016,"VII Simpósio Nacional de Ciência e Meio Ambiente",,1
"A08966648","CONGRESSO_RESUMO","New Cement Floor Produced With Water Treatment Residues",2015,"AMERICAN WATER WORKS ASSOCIATION, ANNUAL CONFERENCE & EXPOSITION (AWWA-ACE)",,1
"A66220a73","CONGRESSO_RESUMO","Mortar Production with Water Treatment Residues",2015,"AMERICAN WATER WORKS ASSOCIATION, ANNUAL CONFERENCE & EXPOSITION (AWWA-ACE)",,1
"A797c232b","CONGRESSO_RESUMO","Cenário da contaminação por disposição de resíduos sólidos: uma revisão das publicações científicas Brasileiras",2015,"12º Congresso de pesquisa, ensino e extensão (CONPEEX 2015)",,1
"Ac707b8aa","CONGRESSO_RESUMO","Production of soil-cement bricks using water treatment residues",2014,"International Congress on Water, Waste and Energy Management",,1
"A6475d86e","CONGRESSO_RESUMO","Application of water treatment sludge for producing concrete floor",2014,"International Congress on Water, Waste and Energy Management",,1
"A6bd9e2a6","CONGRESSO_RESUMO","Program operational improvements and physical facilities of water treatment plants. Case study: WTP Pirenópolis - Goiás",2014,"International Congress on Water, Waste and Energy Management",,1
"A9b6a8bb2","CONGRESSO_RESUMO","Classification and physico-chemical analysis of mortar residue and soil for manufacture of building materials",2014,"International Congress on Water, Waste and Energy Management",,1
"A90dd27ca","CONGRESSO_RESUMO","Avaliação de métodos para determinação de cloro residual livre em águas de abastecimento",2014,"11º Congresso de pesquisa, ensino e extensão (CONPEEX 2014)",,1
"A22f3798e","CONGRESSO_RESUMO","Autodepuração do Ribeirão das Cruzes após receber efluentes da estação de tratamento de esgotos do município de Araraquara",2005,"VII Congresso de Ecologia do Brasil",,1
"Ad7b3e53e","CONGRESSO_RESUMO","Autodepuração do Ribeirão das Cruzes após receber efluente da estação de tratamento de esgotos do município de Araraquara - SP",2005,"IX Congresso Paulista de Saúde Pública - Saúde e Desenvolvimento",,1
"A8ab26f46","APRESENTACAO","Saneamento rural em Goiás, Brasil",2024,,,1
"Ab5122dba","APRESENTACAO","Saneamento Rural em Comunidades Rurais e Tradicionais de Goiás.",2024,,,1
"Ab4c4bdcf","APRESENTACAO","Saneamento rural nas comunidades quilombolas de Goiás",2024,,,1
"Afd910190","APRESENTACAO","Saneamento e Saúde Ambiental em Comunidades Rurais e Tradicionais de Goiás",2024,,,1
"A52321605","APRESENTACAO","A parceria entre a Funasa e as Instituições de Ensino Superior no apoio ao planejamento municipal em saneamento rural: o projeto SanRural",2024,,,1
"A36730e45","APRESENTACAO","Análise da interação entre borra de café e casca de ovo por métodos térmicos",2023,,,1
"Adb5a2abf","APRESENTACAO","Custo-benefício do método colorimétrico (Spadns) e do método eletrométrico de análise de Flúor",2023,,,1
"A0b9f917b","APRESENTACAO","A influência de edifícios com coberturas verdes na drenagem pluvial de um loteamento urbano",2023,,,1
"Ad935a161","APRESENTACAO","Basic sanitation and breeding sites of Aedes aegypti in rural communities of Goiás, Brazil",2023,,,1
"A56797da6","APRESENTACAO","Tratamento de esgoto em área rural com solução baseada na natureza",2023,,,1
"A54eb09e0","APRESENTACAO","Os Frutos do Projeto Territórios Vivos - Exposição dialogada das principais ações e dos impactos do projeto e roda de conversa sobre casos de sucesso;",2023,,,1
"Ad7afc4af","APRESENTACAO","Custo de remoção, transporte e disposição de lodo de fossa séptica de comunidades rurais",2022,,,1
"Aec93034e","APRESENTACAO","Definição de objetivo e estabelecimento de metas de saneamento e saúde: experiências em comunidades rurais e tradicionais do estado de Goiás",2022,,,1
"A57a15ac4","APRESENTACAO","Avaliação da qualidade da água e as condições intradomiciliares em comunidades rurais do estado de Goiás",2022,,,1
"A1c26b3f8","APRESENTACAO","Relação da qualidade da água com a incidência de arboviroses",2022,,,1
"Aad9426fd","APRESENTACAO","Problemas decorrentes da obstrução nas redes e ramais de esgotos sanitários",2010,,,1
"Ae738de85","APRESENTACAO","Utilização de resíduo de decantador de ETA como auxiliar de floculação",2010,,,1
"A917f95ff","APRESENTACAO","Minimização da produção de lodos gerados em uma ETA através de sua automação",2010,,,1
"Ae82189d2","APRESENTACAO","Estudo da disposição de resíduos gerados em estação de tratamento de água em decantador primário de estação de tratamento de esgoto",2010,,,1
"A14a8a637","APRESENTACAO","Estudo dos pontos de entrega de entulhos e materiais volumosos (PEVs) de pequenos geradores no município de Araraquara (SP)",2009,,,1
"A8aa48394","APRESENTACAO","Sistema de Telemetria e Teleoperação baseado em resecan e no protocolo IP como ferramenta para gestão e redução de perdas de água",2009,,,1
"A8dd34450","APRESENTACAO","Diagnóstico dos resíduos sólidos gerados no Instituto de Patologia Tropical e Saúde Pública da Universidade Federal de Goiás",2009,,,1
"A2f6a49ea","APRESENTACAO","Estudo em escala piloto da disposição em uma ETE de resíduos de ETA que utiliza cloreto férrico como coagulante",2009,,,1
"A8bc0ce5e","APRESENTACAO","Consequências Ambientais da Produção de Bioenergia",2008,,,1
"A5d866901","APRESENTACAO","Consórcios de Serviços Públicos de Saneamento - A visão Prática da ASSEMAE",2007,,,1
"A5481a340","APRESENTACAO","O Programa de Gestão de Perdas de Água no Município de Araraquara",2007,,,1
"A39d15aa4","APRESENTACAO","Saúde da Água",2006,,,1
"A0efd85c9","APRESENTACAO","A Saúde da Água",2006,,,1
"Adc5a3989","APRESENTACAO","Sistema Atual dos Esgotos de Fontes Alternativas de Araraquara",2005,,,1
"Aebf570fe","APRESENTACAO","Lançamento do curso de capacitação de professores (1a",2005,,,1
"Abb665ea3","APRESENTACAO","Qualidade da água no município",2004,,,1
"A7c2977fa","APRESENTACAO","Análise Ambiental",1997,,,1
"Aaa7f92ff","APRESENTACAO","Análise Parasitológica em Água de Filtro de ETA",1997,,,1
"A7de9f28c","APRESENTACAO","Atuação do Biomédico na Área Ambiental",1997,,,1
"A2bbd7b94","OUTRA_PRODUCAO","Boa práticas em saneamento e saúde",2020,,,1
"A2e94075b","OUTRA_PRODUCAO","COVID-19: guia de recomendações e orientações para comunidades rurais",2020,,,1
"A771dd00a","OUTRA_PRODUCAO","COVID-19 : guia de recomendações e orientações para comunidades rurais [recurso digital]",2020,,,1
"A1e4be8e0","PATENTE","Sistema de tratamento de água através de eletroflotofiltração",2021,"INPI - Instituto Nacional da Propriedade Industrial",,1
"A057f0e82","PATENTE","Filtro de Bucha Vegetal (Luffa cylindrica)",2025,"INPI - Instituto Nacional da Propriedade Industrial",,1
"Aeffaf911","BANCA_MESTRADO","Análise do potencial do uso de lodo de ETA para aplicações em argamassas estruturais",2025,"Instituto Federal de Educação",,1
"A49323c69","BANCA_MESTRADO","Monitoramento ambiental da radioatividade em águas de abastecimento público de Goiás",2024,"Universidade Federal de Goiás",,1
"Ab0efc19c","BANCA_MESTRADO","Remoção de ácido perfluoroctanóico (PFOA) e ácido perfluorooctano sulfônico (PFOS) por adsorção em dois carvões ativados produzidos no Brasil",2024,"Universidade de Brasília",,1
"A371d236a","BANCA_MESTRADO","Predição de contaminação da água de poços rasos escavados localizados em comunidades rurais de Goiás",2023,"Universidade Federal de Goiás",,1
"A354558a7","BANCA_MESTRADO","A doença de Chagas em comunidades rurais e/ou tradicionais do estado de Goiás​​",2023,"Universidade Federal de Goiás",,1
"A4c156282","BANCA_MESTRADO","Plano de segurança da água para solução alternativa coletiva de abastecimento de água para consumo humano",2023,"Universidade Federal de Santa Maria",,1
"Ac317e3c7","BANCA_MESTRADO","Adsorção de metformina em biocarvão de biossólidos ativado por peroxidação e peroxidação fotoassistida",2023,"Universidade Federal de Goiás",,1
"Ab38db9d3","BANCA_MESTRADO","Sistema Automatizado para desfluoretação de águas subterrâneas",2023,"Universidade de Santa Cruz do Sul",,1
"A0a46f72a","BANCA_MESTRADO","Casca de ovo de galinha tratada termicamente para a desfluoretação de águas",2022,"Universidade Federal de Goiás",,1
"Ac418f71f","BANCA_MESTRADO","Proposição de soluções de esgotamento sanitário em comunidades do estado de Goiás",2022,"Universidade Federal de Goiás",,1
"A7a1ae5e6","BANCA_MESTRADO","Associação entre variáveis ambientaisrelacionadas a criadouros de Aedes aegypti e doenças arbovirais em comunidades rurais e tradicionaisde Goiás, Brasil",2022,"Universidade Federal de Goiás",,1
"A5d5df61a","BANCA_MESTRADO","Construção e aplicação de índice de salubridade ambiental em aglomerados rurais",2021,"Universidade Federal de Goiás",,1
"Acba4942e","BANCA_MESTRADO","Proposição de tecnologias de tratamento de água aplicáveis em comunidade rurais e tradicionais",2021,"Universidade Federal de Goiás",,1
"Aecfc15a3","BANCA_MESTRADO","Disponibilidade hídrica superficial e subterrânea em Assentamentos em Goiá",2021,"Universidade Federal de Goiás",,1
"A5f4edce4","BANCA_MESTRADO","Avaliação de estações de tratamento de água do tipo ciclo completo em função da ocorrência de cistos de Giardia e oocistos de Cryptosporidium",2020,"Universidade Federal de Goiás",,1
"Abe6b9f20","BANCA_MESTRADO","Escherichia coli, adenovírus e enterovírus em amostras de água consumida em áreas rurais de Goiás",2020,"Universidade Federal de Goiás",,1
"A231799fc","BANCA_MESTRADO","Investigação de Processos Operacionais de uma Estação de Tratamento de Água de Ciclo Completo",2019,"Universidade Federal de Alagoas",,1
"A76352462","BANCA_MESTRADO","Tratamento de água para consumo humano por eletroflotofiltração",2019,"Universidade Federal de Goiás",,1
"Afcffd489","BANCA_MESTRADO","Produção de materiais adsorventes para remoção de nitrato em meio aquoso",2019,"Universidade Federal de Goiás",,1
"A17b2ad7c","BANCA_MESTRADO","Avaliação a remoção de Bisfenol-A por adsorção em carvão ativado produzido da borra de café",2018,"Universidade Federal de Goiás",,1
"A5a557cc3","BANCA_MESTRADO","Saneamento rural: o esgotamento sanitário no Programa Moradia Camponesa",2018,"Universidade Federal de Goiás",,1
"Ab6ca812c","BANCA_MESTRADO","Risco de contaminação pela presença de disposição final de resíduos sólidos urbanos em bacias de captação superficial de água para abastecimento público no estado de Goiás",2017,"Universidade Federal de Goiás",,1
"A702a4e73","BANCA_MESTRADO","Influência de parâmetros morfométricos e do uso e ocupação da terra na densidade de cianobactérias em bacias hidrográficas de captação de água para abastecimento público",2017,"Universidade Federal de Goiás",,1
"A971df8e6","BANCA_MESTRADO","Avaliação do adensamento por gravidade e do desaguamento por centrifugação do lodo gerado no tratamento de água",2016,"Universidade de Ribeirão Preto",,1
"Ab6798fc3","BANCA_MESTRADO","Satisfação quanto aos serviços de abastecimento de água e esgotamento sanitário prestados em Goiás e a influência da qualidade da água na saúde da população",2015,"Universidade Federal de Goiás",,1
"A927bc47f","BANCA_MESTRADO","Caracterização e proposição de planos de segurança da água para sistemas de abastecimento municipais Goianos",2015,"Universidade Federal de Goiás",,1
"Ad0f5da37","BANCA_MESTRADO","Estudo em escala real da disposição de resíduos de decantador de ETA em lagoa de estabilizção de esgoto",2015,"Universidade Federal de Goiás",,1
"A914269c5","BANCA_MESTRADO","Aprimorametno de biossensor de lacase para determinação de fenóis micropoluentes em águas de manancial superficial",2015,"Universidade Federal de Goiás",,1
"A16fa04dd","BANCA_MESTRADO","Análise das perdas de água em um sistema público de abastecimento: enfoque na influência da classe metrológica e do tempo de uso dos hidrômetros",2014,"Universidade Federal de Minas Gerais",,1
"A2186ed50","BANCA_MESTRADO","Diagnóstico das condições de saneamento básico dos municípios de Goiás operados pelas Prefeituras",2014,"Universidade Federal de Goiás",,1
"A99bacdee","BANCA_MESTRADO","Determinação do índice de qualidade da água tratada distribuída aos municípios do Estado de Goiás",2013,"Escola de Engenharia Civil da Universidade Federal de Goiás",,1
"Ac597c9a7","BANCA_MESTRADO","Avaliação do saneamento ambiental em assentamento de reforma agrária utilizando o método de análise hierárquica de processos",2013,"Escola de Engenharia Civil da Universidade Federal de Goiás",,1
"Ae937731a","BANCA_MESTRADO","Avaliação do efeito da evapotranspiração no rendimento de um leito de macrófitas de escoamento subsuperficiall horizontal",2013,"Universidade da Beira Interior",,1
"A45b800db","BANCA_MESTRADO","Tratabilidade da água do reservatório da barragem do Ribeirão João Leite - Remoção de matéria orgânica natural e a formação de trialometanos",2012,"Escola de Engenharia Civil da Universidade Federal de Goiás",,1
"A1d1b9c25","BANCA_MESTRADO","Avaliação da filtração em multiplas etapas em águas de baixa turbidez e presença de algas",2012,"Escola de Engenharia Civil da Universidade Federal de Goiás",,1
"A48a7c671","BANCA_MESTRADO","Utilização de lodo de estação de tratamento de água no cultivo de mudas de plantas com ocorrência no Cerrado",2011,"Universidade Federal de Goiás",,1
"Ab404a08a","BANCA_MESTRADO","Estudo da aplicação do resíduo de decantador de ETA no processos de coagulação, floculação e sedimentação do tratamento de água",2011,"Universidade Federal de Goiás",,1
"Ab0a736cb","BANCA_MESTRADO","Avaliação dos sistemas individuais de disposição de esgoto e das empresas limpa fossa na região metropolitada de Goiânia",2010,"Universidade Federal de Goiás",,1
"A75ab9611","BANCA_MESTRADO","Avaliação do desempenho de micromedição de um setor do parque de hidrômetros de Araraquara",2009,"Universidade de São Paulo",,1
"Acb6839d4","BANCA_MESTRADO","Estudo de Submedição Aplicado a Parque de Hidrômetros para a Construção de um Classificador de Qualidade",2008,"Escola de Engenharia de São Carlos",,1
"Abbcc348a","BANCA_MESTRADO","Avaliação da radiação solar para desinfecção de águas naturais utilizando os bioindicadores: Escherichia coli e Clostridium perfringens",2008,"Universidade Federal de Goiás",,1
"A1f4d8427","BANCA_DOUTORADO","Planejamento em saneamento: Perspectiva técnico-científica, panorama e avaliação de políticas no contexto da elaboração dos dos planos municipais de saneamento básico no Brasil",2025,"Universidade Federal de Minas Gerais",,1
"Adc7c9898","BANCA_DOUTORADO","Modelos de prestação do serviço de abastecimento de água em comunidades rurais: um diagrama para a sustentabilidade",2025,"Universidade Federal de Goiás",,1
"Af319da58","BANCA_DOUTORADO","Filtros lentos domiciliares combinados com desinfecção UVC-LED: eficiência e viabilidade em áreas descentralizadas",2025,"Universidade de São Paulo",,1
"A0eeee79b","BANCA_DOUTORADO","Diagnóstico da contaminação ambiental patógenos de veiculação hídrica na água consumida por comunidades rurais Latino-Americanas e os impactos à Saúde",2024,"Universidade Federal de Goiás",,1
"A87408a5b","BANCA_DOUTORADO","Instrumentos para estruturação da governança dos sistemas de esgoto no lote como requisito para a universalização",2023,"Universidade Federal de Santa Catarina",,1
"A4e0b3c19","BANCA_DOUTORADO","Modelo conceitual para elaboração de Planos de Segurança em Saneamento Rural (PSSR)",2023,"Universidade Federal de Goiás",,1
"Af4b5bc62","BANCA_DOUTORADO","Aproveitamento de resíduos de resinas poliméricas na produção de materiais adsorventes hidrocarbonáceos e aplicação na remoção de contaminantes de preocupação emergente em água",2023,"Universidade Federal de Goiás",,1
"A5c3c11ec","BANCA_DOUTORADO","Produção de tijolos de interesse ambiental utilizando resíduos de mineração de ferro e esmeraldas consorciados com resíduos têxteis de poliéster e de garrafas PET",2023,"Universidade Federal de Goiás",,1
"Acdab51b7","BANCA_DOUTORADO","Avaliação da aplicabilidade de eletrodos obtidos pela compressão de resíduos de limalha metalurgica em procvessos de eletrocoagulação",2022,"Universidade Federal de Goiás",,1
"Aa1900620","BANCA_DOUTORADO","Ocorrência de contaminantes de preocupação emergentes em água de abastecimento público no estado de Goiás",2021,"Universidade Federal de Goiás",,1
"Af89b3e21","BANCA_DOUTORADO","Variabilidade da qualidade de água bruta e seus efeitos sobre a saúde pública e o saneamento em Goiás",2014,"Universidade Federal de Goiás",,1
"A96260769","BANCA_DOUTORADO","Metodologia para avaliação de riscos ambientais em áreas urbanass da região metropolitana de Goiânia-GO",2012,"Universidade Federal de Goiás",,1
"Ac08001c2","BANCA_DOUTORADO","Filtro Lento Composto por Bucha Vegetal (Luffa cylindrica) como Tecnologia de Tratamento de Água para Pequenas Comunidades",2025,"Universidade Federal de Goiás",,1
"Ab101dcf8","BANCA_DOUTORADO","Tanques de evapotranspiração: uma tecnologia para simplificação e universalização do tratamento de esgoto em comunidades isoldas",2025,"Universidade Estadual de Campinas",,1
"A4b7eac42","BANCA_DOUTORADO","Avaliação da ecotoxicidade de amostras de água de sistemas de abastecimento público e detecção antibióticos de importância clínica",2025,"Universidade Federal de Goiás",,1
"A3173b3e6","BANCA_DOUTORADO","Avaliação do desempenho ambiental de sistemas urbanos de água e esgoto: proposta de um índice baseado na avaliação do ciclo de vida",2023,"Universidade Federal de Goiás",,1
"A49b49268","BANCA_DOUTORADO","Avaliação da contaminação da água e risco à saúde do seu consumo em comunidades rurais e tradicionais",2023,"Universidade Federal de Goiás",,1
"A7e78bf5e","BANCA_DOUTORADO","Plano de Segurança da Água para Comunidades Rurais do Espírito Santo",2022,"Universidade Federal do Espírito Santo",,1
"Ad4e3c0f5","BANCA_DOUTORADO","Aproveitamento de rejeitos de barragem de mineração de ferro e de resíduos da indústria têxtil para odesenvolvimento de processos e produtos para a construção civil",2022,"Universidade Federal de Goiás",,1
"Af52e17c7","BANCA_DOUTORADO","Desenvolvimento de novos materiais adsorventes a partir de resinas de troca iônica aplicados na remoção de poluentes depreocupação emergente da água",2021,"Universidade Federal de Goiás",,1
"Ad63bb65c","BANCA_DOUTORADO","Avaliação da aplicabilidade de eletrodos obtidos pela compressão de resíduos de limalha metalúrgica em processos de eletrocoagulação",2021,"Universidade Federal de Goiás",,1
"A2d30925e","BANCA_DOUTORADO","Metodologia para elaboração de planos de segurança em saneamento rural",2021,"Universidade Federal de Goiás",,1
"A371ec638","BANCA_DOUTORADO","Avaliação dos parâmetros microbiológicos, físico-químicos e toxicológicos da água para consumo de duas comunidades quilombolas do estado de Goiás",2019,"Universidade Federal de Goiás",,1
"A8c50c461","BANCA_DOUTORADO","Fármacos e desreguladores endócrinos em águas para consumo humano no estado de Goiás",2019,"Universidade Federal de Goiás",,1
"A0428c7b0","BANCA_DOUTORADO","Adicionalidade ambiental em pagamento por serviços ambientais hídricos no Brasil: uma análise por meio da Fuzzy logic",2018,"Universidade Federal de Goiás",,1
"A68f12b75","BANCA_DOUTORADO","Ocorrência de Estrógenos em Águas Naturais e Tratadas da Região de Jaboticabal",2005,"Universidade Estadual Paulista Júlio de Mesquita Filho",,1
"A96d232ef","BANCA_MESTRADO","Uso do modelo ISA para determinação da salubridade ambiental: Estudo de caso em São Cristóvão-SE",2025,"Universidade Federal de Sergipe",,1
"A50cde2c0","BANCA_MESTRADO","Estudo Comparativo de Sistema de Eletrocoagulação Operando por Batelada e em Fluxo Contínuo no Tratamento de Águas",2025,"Universidade Federal de Goiás",,1
"Ab25d10e5","BANCA_MESTRADO","Água segura - Incorporação do plano de segurança da água no licenciamento sanitário de sistemas públicos de abastecimento",2025,"Universidade Federal da Bahia",,1
"Ad2d5a42c","BANCA_MESTRADO","Avaliação do desempenho ambiental de sistemas urbanos de água e esgoto",2023,"Universidade Federal de Goiás",,1
"A9d90cca3","BANCA_MESTRADO","Uti lização de carvão ati vado com H3PO4 produzido a parti r do exocarpo de corozo pararemoção de cafeína",2022,"Universidade Federal de Goiás",,1
"Aba56feca","BANCA_MESTRADO","Indicadores de Contaminação Viral em amostras de águaconsumida em regiões rurais de Goiás",2022,"Universidade Federal de Goiás",,1
"A73a61cbf","BANCA_MESTRADO","Remoção de fluoreto em biocarvão produzido com borra de café ativada quimicamente com lixívia de cinzas de eucalipto",2022,"Universidade Federal de Goiás",,1
"A4104fd5d","BANCA_MESTRADO","Predição de contaminação de poços rasos escavados em comunidades rurais do estado de Goiás",2022,"Universidade Federal de Goiás",,1
"Acbe93c50","BANCA_MESTRADO","Casca de ovo de galinha tratada termicamente para a desfluoretação de águas contaminadas",2021,"Universidade Federal de Goiás",,1
"Abb8ba7a6","BANCA_MESTRADO","Proposição de soluções de esgotamento sanitário em comunidades rurais do Estado de Goiás",2021,"Universidade Federal de Goiás",,1
"A289ee6ea","BANCA_MESTRADO","Estudo de modelagem da qualidade da água da bacia do Rio das Velhas: simulação de cenários futuros para a melhoria da qualidade da água",2020,"Centro Federal de Educação Tecnológica de Minas Gerais",,1
"Ad2cf20cd","BANCA_MESTRADO","Estudo das propriedades de transporte de metais pesados em solo arenoso laterítico tratado com fosfogesso e bentonita",2019,"Universidade Federal de Goiás",,1
"A5a6daea4","BANCA_MESTRADO","Análise da qualidade microbiológica da água de abastecimento em comunidades rurais do estado de Goiás",2019,"Universidade Federal de Goiás",,1
"Aef5decac","BANCA_MESTRADO","Proposição de tecnologias de tratamento de água aplicáveis em comunidades rurais",2019,"Universidade Federal de Goiás",,1
"A426e5125","BANCA_MESTRADO","Avaliação das estações de tratamento de água do tipo ciclo completo em função da ocorrência de Giardia e Cryptosporidium",2019,"Universidade Federal de Goiás",,1
"A35fcf556","BANCA_MESTRADO","Construção e aplicação de índice de salubridade ambiental em áreas rurais",2019,"Universidade Federal de Goiás",,1
"Aaaa4000d","BANCA_MESTRADO","Avaliação do tratamento de água bruta para abastecimento de reator utilizando eletrocoagulação",2018,"Universidade Federal de Goiás",,1
"Ae7448075","BANCA_MESTRADO","Avaliação da remoção de bisfenol-A por adsorção em carvão ativado produzido da borra de café",2017,"Universidade Federal de Goiás",,1
"Ae9b4dcbf","BANCA_MESTRADO","Modelagem do oxigênio dissolvido e da qualidade da água em um trecho do rio dos Bois, Goiás",2017,"Universidade Federal de Goiás",,1
"A538f3415","BANCA_MESTRADO","Avaliação dos efeitos tóxicos individuais e combinados de herbicidas a base de glifosato e imazetapir sobre a saúde humana e ambiental",2017,"Universidade Federal de Goiás",,1
"Abe42dbf6","BANCA_MESTRADO","Saneamento rural no Programa Moradia Camponesa",2017,"Universidade Federal de Goiás",,1
"A96c22100","BANCA_MESTRADO","Determinação de vazão adequada para dimensionamento de hidrômetros em edificações multifamiliares com medição individualizada",2017,"Universidade Federal de Goiás",,1
"A86c11f11","BANCA_MESTRADO","Influência dos parâmetros morfométricos e de uso e ocupação do solo na qualidade da água de bacias de captação no estado de Goiás",2016,"Universidade Federal de Goiás",,1
"Aa7f858ef","BANCA_MESTRADO","Vulnerabilidade de bacias de captação de água por disposição de resíduos sólidos urbanos",2016,"Universidade Federal de Goiás",,1
"Af24badea","BANCA_MESTRADO","Projetos ambientais saudáveis: os profissionais multidisciplinares e as agendas sustentáveis",2015,"Escola de Engenharia Civil da Universidade Federal de Goiás",,1
"A2d74b865","BANCA_MESTRADO","Análise físico-química, microbiológica, ecotoxicológica e genotóxica de pigmentos de tintas em água",2015,"Universidade Federal de Goiás",,1
"A6f7f49cb","BANCA_MESTRADO","Utilização de resíduos de estações de tratamento de água em solo degradado",2014,"Universidade Federal de Goiás",,1
"A34104dad","BANCA_MESTRADO","Influência da Portaria 2914 sobre o sistema de filtração de ETAs",2014,"Universidade Federal de Goiás",,1
"A18700aca","BANCA_MESTRADO","Macroinvertebrados bentônicos e parâmetros físico-químicos como indicadores da qualidade da água de microbacias utilziadas para o abastecimento público da região metropolitana de Goiânia",2013,"Escola de Engenharia Civil da Universidade Federal de Goiás",,1
"A25217b33","BANCA_MESTRADO","Avaliação da qualidade ambiental da água e sedimento de mananciais de abastecimento público do Estado de Goiás",2013,"Escola de Engenharia Civil da Universidade Federal de Goiás",,1
"A2a8a7466","BANCA_MESTRADO","Proposição de Plano de Segurança da Água para sistemas Goianos Autônomos em Abastecimento",2013,"Escola de Engenharia Civil da Universidade Federal de Goiás",,1
"A2deae486","BANCA_MESTRADO","Avaliação da utilização de resíduos de ETA no tratamento de efluente de lagoas de estabilização",2012,"Escola de Engenharia Civil da Universidade Federal de Goiás",,1
"A90c02b3b","BANCA_MESTRADO","Avaliação físico química, microbiológica e ecotoxicológica de efluentes gerados por clínicas de oncologia de Goiânia",2012,"Escola de Engenharia Civil da Universidade Federal de Goiás",,1
"Ac39ca818","BANCA_MESTRADO","Remoção de compostos orgânicos naturais em Estação de tratamento de água de ciclo completo",2011,"Escola de Engenharia Civil da Universidade Federal de Goiás",,1
"A164c06ca","BANCA_MESTRADO","Impactos da codisposição de lodo séptico em lagoas de estabilização em escala piloto no tratamento de lixiviado de aterro sanitário",2011,"Escola de Engenharia Civil da Universidade Federal de Goiás",,1
"A85f4b1f6","BANCA_MESTRADO","Disposição em escala real de resíduo de estação de tratamento de água em lagoa de estabilização de esgoto",2011,"Escola de Engenharia Civil da Universidade Federal de Goiás",,1
"Ad875bf69","BANCA_MESTRADO","Avaliação da eficiência de reator UASB ao receber lodo séptico",2011,"Escola de Engenharia Civil da Universidade Federal de Goiás",,1
"A8d7c654a","BANCA_MESTRADO","Avaliação do desempenho da filtração lenta na estação de tratamento de água Câmpus - Sistema Samambaia",2011,"Escola de Engenharia Civil da Universidade Federal de Goiás",,1
"Ac3e42f52","BANCA_MESTRADO","Estudo para remoção de substâncias húmicas da água por meio de enzimas fúngicas",2011,"Escola de Engenharia Civil da Universidade Federal de Goiás",,1
"Adfd16bac","BANCA_MESTRADO","Análise da viabilidade técnica da recirculação do resíduo de decantador de estação de tratamento de água",2010,"Escola de Engenharia Civil da Universidade Federal de Goiás",,1
"Aa1bbd2f2","BANCA_MESTRADO","Utilização de lodo de estação de tratamento de água no cultivo de muda de plantas do Cerrado",2010,"Escola de Engenharia Civil da Universidade Federal de Goiás",,1
"A163053f7","BANCA_MESTRADO","Estudos de material particulado na atmosfera e na vegetação urbana de Goiânia utilizando amostrador alternativo fino/grosso e determinação de Pb e Cd associado ao particulado",2010,"Escola de Engenharia Civil da Universidade Federal de Goiás",,1
"A21976f62","BANCA_MESTRADO","Atuação de empresas de limpeza e manutenção de sistemas individuais de tratamento de esgoto na região metropolitana de Goiânia",2009,"Universidade Federal de Goiás",,1
"Aa55dafbe","BANCA_MESTRADO","Disposição de efluente de estação de tratamento de esgoto industrial em solo vegetado com bambu",2009,"Universidade Federal de Goiás",,1
"Ab169587c","BANCA_MESTRADO","Filtração em multiplas etapas (FIME) no tratamento de água de abastecimento com elevada turbidez",2009,"Universidade Federal de Goiás",,1
"A5aeede0b","BANCA_MESTRADO","Desenvolvimento e caracterização de sensores quimicamente modificados para análise de sulfeto",2009,"Universidade Federal de Goiás",,1
"A38afd6c6","BANCA_MESTRADO","DIretrizes para seleção de áreas para disposição final de lodo de ETE´s: Estudo de caso da ETE Dr. Hélio Seixo de Brito - Goiânia - GO",2009,"Universidade Federal de Goiás",,1
"Aa4a57807","BANCA_ESPECIALIZACAO","Uso de Agrotóxicos em comunidades rurais e tradicionais do estado de Goiás",2022,"Universidade Federal de Goiás",,1
"A490fe0f5","BANCA_ESPECIALIZACAO","Avaliação dos acidentes em operação de tratores agrícolas de rodas no estado de Goiás entre os anos de 2010 a",2020,"Universidade Federal de Goiás",,1
"A170690a5","BANCA_ESPECIALIZACAO","S. Ribeiro. Segurança do trabalho no laboratório de análises de águas da Universidade Federal de Goiás",2021,"Universidade Federal de Goiás",,1
"Adbcfb450","BANCA_ESPECIALIZACAO","Resistência ao uso de equipamento individual de proteção (EPI) na construção civil: causas e consequências",2019,"Universidade Federal de Goiás",,1
"A28ae0a6a","BANCA_ESPECIALIZACAO","Avaliação quantitativa e qualitativa dos acidentes de trabalho em indústrias de alimentos",2018,"Universidade Federal de Goiás",,1
"A0d95413b","BANCA_ESPECIALIZACAO","Avaliação da Segurança no armazenamento de produtos químicos de uma Estação de Tratamento de Água",2018,"Universidade Federal de Goiás",,1
"A48f01952","BANCA_ESPECIALIZACAO","Vigilância em águas de consumo humano nos muni´cipios goianos com administração pública direta",2016,"Universidade Federal de Goiás",,1
"A75e4608c","BANCA_ESPECIALIZACAO","Avaliação da gestão dos resíduos gerados em postos de combustíveis no município de Hidrolândia-GO",2016,"Universidade Federal de Goiás",,1
"A6d1e6822","BANCA_ESPECIALIZACAO","G. de Castro e Orlando Rodrigues da Silva. Cenário da disposição do lodo de esgoto: Uma revisão das publicações ocorridas no Brasil de 2004 a",2014,"Universidade Federal de Goiás",,1
"A3b17eab0","BANCA_ESPECIALIZACAO","Gestão de resíduos sólidos: Um panorama sobre a realidade dos municípios Goianos",2015,"Universidade Federal de Goiás",,1
"Ab7035638","BANCA_ESPECIALIZACAO","Avaliação da gestão de óleo lubrificante usado e sua embalagem em postos de combustíveis do município de Terezópolis de Goiás - GO",2014,"Universidade Federal de Goiás",,1
"Afebe5162","BANCA_ESPECIALIZACAO","Avaliação dos resíduos do serviço de saúde em cidades do Estado de Goiás",2014,"Universidade Federal de Goiás",,1
"A8cde9ca8","BANCA_ESPECIALIZACAO","Castro. Diagnóstico da gestão de resíduos sólidos urbanos no município de Nova Veneza (GO)",2013,"Universidade Federal de Goiás",,1
"A1e403049","BANCA_ESPECIALIZACAO","Análises das atividades de rotina desenvolvidas no setor mineral, com vistas a fornecer subsídios para a implantação de sistema de gestão ambiental",2013,"Universidade Federal de Goiás",,1
"Af4ad1e9c","BANCA_ESPECIALIZACAO","Análise da qualidade da água utilizada para consumo humano no Assentamento Canudos, Goiás",2012,"Escola de Engenharia Civil da Universidade Federal de Goiás",,1
"A917afe3d","BANCA_ESPECIALIZACAO","Análise química de micro e macronutrientes de quatro espécies de plantas do Cerrado cultivadas com lodo de ETA",2012,"Escola de Engenharia Civil da Universidade Federal de Goiás",,1
"A1ec905ad","BANCA_ESPECIALIZACAO","Pós-Tratamento de efluente de Lagoa de Estabilização de ETE por adição de resíduo de ETA",2012,"Escola de Engenharia Civil da Universidade Federal de Goiás",,1
"A56ae1379","BANCA_ESPECIALIZACAO","Avaliação do tratamento de água empregando filtração lenta em cerâmica microporosa",2012,"Escola de Engenharia Civil da Universidade Federal de Goiás",,1
"Acafdb01b","BANCA_ESPECIALIZACAO","Economia no consumo de soda caustica devido à recirculação do efluente do reator UASB ao tanque de equalização, em uma indústria de cervejaria",2010,"Escola de Engenharia Civil da Universidade Federal de Goiás",,1
"A56dff220","BANCA_ESPECIALIZACAO","J.A., LIMA JÚNIOR, D.R. e ROCHA, D.B.. Estudo da Remoação de Odores de uma Estação de Tratameno de Esgoto Sanitário de um Shopping Center",2010,"Escola de Engenharia Civil da Universidade Federal de Goiás",,1
"A242b2314","BANCA_ESPECIALIZACAO","Programa de Gestão de Resíduos Sólidos em uma Indústria Farmacêutica no Estado de Goiás",2009,"Universidade Federal de Goiás",,1
"Ac1a4d51c","BANCA_ESPECIALIZACAO","CS.; SANTANA, G.F.; SIQUEIRA, R; AGUIAR,T.B.. Diagnóstico da situação do sistema de tratamento de esgotos por tanque séptico e sumidoro na Região Metropolitana de Goiânia",2009,"Universidade Federal de Goiás",,1
"A3e5f4542","BANCA_ESPECIALIZACAO","CIPA - Industria Alimentícia Ltda, Avaliação da Estação de Tratamento de Esgoto",2009,"Universidade Federal de Goiás",,1
"A40c330a0","BANCA_TCC","Heterocontrole de flúor nas redes de abastecimento do município de Goiânia e Aparecida de Goiânia - Goiás",2025,"Universidade Federal de Goiás",,1
"Ad9b1b494","BANCA_TCC","Análise do teor de fluoreto em águas de abastecimento público no estado de Goiás e do custo analítico entre método colorimétrico e eletrométrico​",2023,"Universidade Federal de Goiás",,1
"A5ae450aa","BANCA_TCC","G de Carvalho Chagas e Lidiane Santana de Morais.Interferência do uso e ocupação do solo na qualidade das águas superficiais utilizadas em comunidades rurais do estado de Goiás",2021,"Universidade Federal de Goiás",,1
"A517a45de","BANCA_TCC","Adsorção em carvão ativado e outras tecnologias aplicadas na remoção de flúor",2021,"Universidade Federal de Goiás",,1
"Af12bb2f3","BANCA_TCC","Acessibilidade à canalização interna de água em comunidades rurais e tradciionais",2021,"Universidade Federal de Goiás",,1
"A2111686f","BANCA_TCC","Avaliação sazonal dos ínidices de qualidade de água dos mananciais afluentes ao reservatório João Leite no estado de Goiás, Brasil",2020,"Instituto Federal de Educação",,1
"A5b5b7ed4","BANCA_TCC","S.Rodrigues e Vitoria B.B.B. Costa.Tratamento da água condensada de aparelhos de ar condicionado para uso em atividades laboratoriais",2019,"Universidade Federal de Goiás",,1
"A3a3ed31c","BANCA_TCC","Avaliação Sazonal da qualidade da água superficial em parques públicos da bacia hidrográfica do córrego Tamandaré em Aparecida de Goiânia - GO",2018,"Instituto Federal de Educação",,1
"Afb8f49b6","BANCA_TCC","Análise do índice multidimensional de saneamento básico em municípios Goianos",2018,"Instituto Federal de Educação",,1
"Aafb12191","BANCA_TCC","O indicador de salubridade ambiental (ISA) como ferramenta de avaliação do saneamento dos municípios goianos",2018,"Universidade Federal de Goiás",,1
"Ade54d93f","BANCA_TCC","L. Lopes; Hugo L. de Azevedo; Mateus L. dos Santos.Funcionamento e operação da ETA DIMIC e seus impactos na geração de resíduos",2017,"Universidade Federal de Goiás",,1
"Ad9da7fc7","BANCA_TCC","Tratamento de água gerada em ar condicionado em filtros cerâmicos do tipo gravidade para uso em laboratório",2017,"Universidade Federal de Goiás",,1
"A1b477d6a","BANCA_TCC","Eficiência do coagulante extraído de sementes de Moringa Oleifera LAM. no tratamento de água pela tecnologia da flotação",2017,"Universidade Federal de Goiás",,1
"A3f671e55","BANCA_TCC",".Determinação do fator de correção para equação usada na fluoretação da água de abastecimento, em função da temperatura e do consumo de água para a cidade de Goiânia - GO",2017,"Universidade Federal de Goiás",,1
"A82f85ea6","BANCA_TCC","Tratamento de água gerada em ar condicionado para uso em laboratório (TCC 1)",2017,"Universidade Federal de Goiás",,1
"A2e353ed1","BANCA_TCC","Determinação da demanda bentônica de rio em zona tropical: Um estudo de caso no ribeirão Grimpas, Goiás",2017,"Universidade Federal de Goiás",,1
"Af6e1268e","BANCA_TCC","Degradação do corante Tartazina por fotocatálise",2016,"Universidade Federal de Goiás",,1
"Aebc2aa5b","BANCA_TCC","Moraes e Ramon B. da Silva.Influência do uso e ocupação do solo na qualidade da água em bacias de captação para abastecimento público",2016,"Universidade Federal de Goiás",,1
"Af214de0f","BANCA_TCC","S. de Araújo; Samara S. Soares; Vivianne R. Silva.Estudo da qualidade da água e da capacidade de autodepuração do ribeirão Grimpas - GO",2015,"Universidade Federal de Goiás",,1
"A2b8109d2","BANCA_TCC","Modelagem de oxigênio dissolvido no Córrego Salobinha, Montes Claros de Goiás",2014,"Universidade Federal de Goiás",,1
"A7f2da849","BANCA_TCC","Influência da Portaria 2914 sobre aspectos construtivos dos sistemas de desinfecção de ETAs na Região Metropolitana de Goiânia",2013,"Escola de Engenharia Civil da Universidade Federal de Goiás",,1
"A5c2e27f2","BANCA_TCC","Avaliação das condições construtivas das captações de água do assentamento Canudos em Goiás",2013,"Escola de Engenharia Civil da Universidade Federal de Goiás",,1
"A87920d0a","BANCA_TCC","Mendes, Rafael M. Dias e Rafaella G Rodrigues.Avaliação do Dimensionamento e Aspectos Construtivos de um Sistema Fossa Séptica e Sumidouro: Estudo de Caso para o Residencial Orlando de Moraes, localizado em Goiânia - GO",2010,"Escola de Engenharia Civil da Universidade Federal de Goiás",,1
"Aeb957795","BANCA_TCC","A.; UTO, C.D.; PEREIRA,T.O..Plano de recuperação para área degradada pelo lixão de Goianira-GO e adequação da mesma para implantação de um aterro controlado",2009,"Universidade Federal de Goiás",,1
"A2781e3cf","BANCA_TCC","Rezende, Carolina Dias Uto, Thiafo de O. Pereira.Proposta para a Recuperação e Adequação da Área Degrada Pelo Lixão de Goianira (GO)",2009,"Escola de Engenharia Civil da Universidade Federal de Goiás",,1
"Af498f556","ORIENTACAO_MESTRADO","Cacarcterização da camada biológica em filtros lentos: composição e contrinuição para a eficiência do tratamento da água",2026,"Universidade Federal de Goiás",,1
"A4c2d7063","ORIENTACAO_MESTRADO","Avaliação do carvão ativado derivado de lodo de eletroflotofiltração para a remoção de fluor em águas",2025,"Universidade Federal de Goiás",,1
"Ab1deb93d","ORIENTACAO_MESTRADO","Avaliação da utilização de diferentes materiais de enchimento em tanque de evapotranspiração para tratar esgoto fecal",2024,"Universidade Federal de Goiás",,1
"Ac3015b06","ORIENTACAO_MESTRADO","Avaliação da eficiência de filtração lenta na remoção de protozoários e microplástico em águas de consumo humano",2024,"Universidade Federal de Goiás",,1
"A36652cfd","ORIENTACAO_MESTRADO","Filtração em multiplas etapas: tecnologias sustentáveis para tratamento e disposição final do lodo",2024,"Universidade Federal de Goiás",,1
"Aeae8ca91","ORIENTACAO_MESTRADO","Desfluoretação de água por adsorção com biocarvão produzido a partir da borra de café e lodo de estação de tratamento de água",2023,"Universidade Federal de Goiás",,1
"A1adb3deb","ORIENTACAO_MESTRADO","Otimização dos parâmetros operacionais para dimensionamento de bacia de evapotranspiração",2023,"Universidade Federal de Goiás",,1
"Ae6f731ea","ORIENTACAO_DOUTORADO","Avaliação integrada de sistema de Filtração em Múltiplas Etapas: aceitação, adequação e implicação para a saúde pública em comunidades quilombolas",2025,"Universidade Federal de Goiás",,1
"Af093cd49","ORIENTACAO_DOUTORADO","Tratamento de esgot fecal em comunidades rurais empregando solução baseada na natureza e descarga zero",2024,"Universidade Federal de Goiás",,1
"A073aac6f","ORIENTACAO_DOUTORADO","Em definição",2024,"Universidade Federal de Goiás",,1
"A142478f2","ORIENTACAO_DOUTORADO","Desenvolvimento de um sistema compacto de filtração em multiplas etapas (FIME) com remoção de pesticidas para pequenas comunidades: universalização do acesso a água potável segura",2023,"Universidade Federal de Goiás",,1
"A4b38518f","ORIENTACAO_DOUTORADO","Implantação de um sistema de filtração em múltiplas etapas: os aspectos operacional, sanitário, cultural e econômico",2023,"Universidade Federal de Goiás",,1
"A3db08ff9","ORIENTACAO_DOUTORADO","Aplicação da eletroflotofiltração no tratamento de água em pequenas comunidades",2020,"Universidade Federal de Goiás",,1
"A23e9fd05","ORIENTACAO_POS_DOC","Orientacao de Beatriz Carolina Alvez Tovar",2025,,,1
"Ade27aeb2","ORIENTACAO_ESPECIALIZACAO","Segurança no uso de máquinas e ferramentas em áreas agrícolas: Avaliação de riscos de acidentes no trabalho rural",2019,"Universidade Federal de Goiás",,1
"A79998d08","ORIENTACAO_ESPECIALIZACAO","Laudo de insalubridade e periculosidade",2018,"Universidade Federal de Goiás",,1
"Abb7aa6ad","ORIENTACAO_ESPECIALIZACAO","Laudo de insalubridade e periculosidade",2018,"Universidade Federal de Goiás",,1
"Ae3a22ad5","ORIENTACAO_ESPECIALIZACAO","Avaliação da gestão do óleo lubrificante usado e dos resíduos perigosos gerados nos estabelecimentos de manutenção veicular no município de Brasiléia no Acre",2015,"Universidade Federal de Goiás",,1
"Aacf2d2bd","ORIENTACAO_ESPECIALIZACAO","Qualidade das águas de escorrência da BR 060/153 no trecho próximo ao reservatório João Leite no município de Goiânia - GO",2012,"Escola de Engenharia Civil da Universidade Federal de Goiás",,1
"Afcc9c208","ORIENTACAO_ESPECIALIZACAO","Programa de conservação da água: O uso racional da água tratada nas edificações do setor comercial SANEAGO",2011,"Universidade Federal de Goiás",,1
"A95f59b48","ORIENTACAO_ESPECIALIZACAO","Estudo para minimização de resíduo gerado em ETA",2010,"Universidade Federal de Goiás",,1
"A97942caf","ORIENTACAO_TCC","Estudo da qualidade da água: Decaimento do cloro residual na rede de distribuição",2015,"Universidade Federal de Goiás",,1
"Ab2e97ae1","ORIENTACAO_MESTRADO","Estudo Comparativo de Sistema de Eletrocoagulação Operando por Batelada e em Fluxo Contínuo no Tratamento de Águas",2026,"Universidade Federal de Goiás",,1
"A03aef834","ORIENTACAO_MESTRADO","Avaliação do risco químico em comunidades rurais",2025,"Universidade Federal de Goiás",,1
"A18c87bfe","ORIENTACAO_MESTRADO","Monitoramento ambiental da radioatividade em águas de abastecimento público de Goiás",2024,"Universidade Federal de Goiás",,1
"Ac2f6077b","ORIENTACAO_MESTRADO","Predição de contaminação da água de poços rasos escavados localizados em comunidades rurais de Goiás",2023,"Universidade Federal de Goiás",,1
"A4dfff56b","ORIENTACAO_MESTRADO","A doença de Chagas em comunidades rurais e/ou tradicionais do estado de Goiás​​",2023,"Universidade Federal de Goiás",,1
"Afc6aa649","ORIENTACAO_MESTRADO","Remoção de fluoreto em carvão produzido com borra de café ativada quimicamente com lixívia de cinzas de eucalipito",2023,"Universidade Federal de Goiás",,1
"Aee6f221a","ORIENTACAO_MESTRADO","Casca de ovo de galinha tratada termicamente para a desfluoretação de águas",2022,"Universidade Federal de Goiás",,1
"A4be8394e","ORIENTACAO_MESTRADO","Associação entre variáveis ambientais relacionadas a criadouros de Aedes aegypti e doenças arbovirais em comunidades rurais e tradicionais de Goiás, Brasil",2022,"Universidade Federal de Goiás",,1
"A04ac14f8","ORIENTACAO_MESTRADO","Construção e aplicação de índice de salubridade ambiental em aglomerados rurais",2021,"Universidade Federal de Goiás",,1
"Af90b6875","ORIENTACAO_MESTRADO","Proposição de tecnologias de tratamento de água aplicáveis em comunidade rurais e tradicionais",2021,"Universidade Federal de Goiás",,1
"A9f53acad","ORIENTACAO_MESTRADO","Disponibilidade hídrica superficial e subterrânea em Assentamentos em Goiá",2021,"Universidade Federal de Goiás",,1
"A0fe9c500","ORIENTACAO_MESTRADO","Avaliação de estação de tratamento de água do tipo ciclo completo em função da ocorrência de cistos de Giardia e oocistos de Cryptosporidium",2020,"Universidade Federal de Goiás",,1
"A45384b45","ORIENTACAO_MESTRADO","Avaliação da disponibilidade hídrica superficial no estado de Goiás",2020,"Universidade Federal de Goiás",,1
"A481e6b5a","ORIENTACAO_MESTRADO","Tratametno de água para consumo humano por eletroflotofiltração",2019,"Universidade Federal de Goiás",,1
"A1a29604d","ORIENTACAO_MESTRADO","Avaliação da remoção do Bisfenol-A por adsorção em carvão ativado produzido da borra de café",2018,"Universidade Federal de Goiás",,1
"A5af542df","ORIENTACAO_MESTRADO","Modelagem da qualidade da água em um trecho do rio dos Bois, Goiás",2018,"Universidade Federal de Goiás",,1
"A280348c4","ORIENTACAO_MESTRADO","Risco de contaminação pela presença de disposição final de resíduos sólidos urbanos em bacias de captação superficial de água para abastecimento público no estado de Goiás",2017,"Escola de Engenharia Civil da Universidade Federal de Goiás",,1
"A7b7fc888","ORIENTACAO_MESTRADO","Influência de parâmetros morfométricos e do uso e ocupação da terra na densidade de cianobactérias em bacias hidrográficas de captação de água para abastecimento público",2017,"Escola de Engenharia Civil da Universidade Federal de Goiás",,1
"Ac0039ee9","ORIENTACAO_MESTRADO","Utilização de Resíduo de Polimento de Porcelanato para a Remoção de Chumbo, Crómio e Níquel",2017,"Universidade da Beira Interior",,1
"Ab0b0d7c7","ORIENTACAO_MESTRADO","Avaliação técnica dos resíduos gerados em ETA como substituto parcial de agregados em componentes cimentícios - Pavers",2017,"Universidade Federal de Goiás",,1
"A1a5e961c","ORIENTACAO_MESTRADO","Estudo em escala real dos efeitos da disposição de resíduo de decantador de ETA em lagoa de estabilização de esgoto",2015,"Universidade Federal de Goiás",,1
"A0dd5dda1","ORIENTACAO_MESTRADO","Diretrizes para proposição de planos de segurança da água em sistemas de abastecimento municipais Goianos",2015,"Universidade Federal de Goiás",,1
"A984f54ee","ORIENTACAO_MESTRADO","Satisfação quanto aos serviços de abastecimento de água e esgotamento sanitário prestados em Goiás e a influência da qualidade da água na saúde da população",2015,"Escola de Engenharia Civil da Universidade Federal de Goiás",,1
"A220b803c","ORIENTACAO_MESTRADO","Utilização de resíduo de polimento de porcelanato para remoção de cobre e zinco de escorrências rodoviárias",2015,"Universidade da Beira Interior",,1
"Ab9cdc602","ORIENTACAO_MESTRADO","Arimoramento de biossensor de lacase para determinação de micropoluentes fenólicos em águas contaminadas",2015,"Escola de Engenharia Civil da Universidade Federal de Goiás",,1
"A46034552","ORIENTACAO_MESTRADO","Diagnóstico das condições de saneamento básico dos municípios do Estado de Goiás operados pelas Prefeituras",2014,"Universidade Federal de Goiás",,1
"Aa66f2cb4","ORIENTACAO_MESTRADO","Utilização de resíduo de ETA no tratamento de efluentes de lagoas de estabilização",2013,"Universidade Federal de Goiás",,1
"Adb4f6f65","ORIENTACAO_MESTRADO","Determinação do índice de qualidade da água tratada distribuída aos municípios do Estado de Goiás",2013,"Universidade Federal de Goiás",,1
"Aab603dae","ORIENTACAO_MESTRADO","Avaliação das interferências da co-disposição de lodos sépticos em reatores UASBéptico",2012,"Universidade Federal de Goiás",,1
"Ab1252852","ORIENTACAO_MESTRADO","Avaliação da Filtração em multiplas etapas em águas de baixa turbidez e presença de algas",2012,"Universidade Federal de Goiás",,1
"Ab2390c34","ORIENTACAO_MESTRADO","Uitlização de lodo de estação de Tratamento de água na produção de mudas de árvores com ocorrência no Cerrado",2011,"Universidade Federal de Goiás",,1
"A6797a159","ORIENTACAO_MESTRADO","Estudo da aplicação do resíduo de decantador de ETA como auxiliar de floculação no tratamento de água",2011,"Universidade Federal de Goiás",,1
"A23348aa1","ORIENTACAO_DOUTORADO","Modelos de prestação do serviço de abastecimento de água em comunidades rurais: um diagrama para a sustentabilidade",2025,"Universidade Federal de Goiás",,1
"A280983fa","ORIENTACAO_DOUTORADO","Diagnóstico da contaminação ambiental por patógenos de veiculação hídrica na água de consumida por comunidades rurais Latino-Americanas e os impactos à saúde",2024,"Universidade Federal de Goiás",,1
"A29e0963a","ORIENTACAO_DOUTORADO","Modelo conceitual para elaboração de Planos de Segurança em Saneamento Rural (PSSR)",2023,"Universidade Federal de Goiás",,1
"A4d149466","ORIENTACAO_DOUTORADO","Aproveitamento de resíduos de resinas poliméricas na produção de materiais adsorventes hidrocarbonáceos e aplicação na remoção de contaminantes de preocupação emergente em água",2023,"Universidade Federal de Goiás",,1
"Adef3ea8f","ORIENTACAO_DOUTORADO","Ocorrência de contaminantes de preocupação emergentes em água de abastecimento público no estado de Goiás",2021,"Universidade Federal de Goiás",,1
"A1df0658f","ORIENTACAO_DOUTORADO","Avaliação da Variabilidade de Qualidade Ambiental de Bacias de Mananciais de Abastecimento Público com a Aplicação de um Índice para o Estado de Goiás",2016,"Universidade Federal de Goiás",,1
"Aafc67b89","ORIENTACAO_POS_DOC","Orientacao de Nara Ballaminut",2019,,,1
"A4806f980","ORIENTACAO_POS_DOC","Orientacao de Roberto Araújo Bezerra",2017,,,1
"Aedbabea4","ORIENTACAO_POS_DOC","Orientacao de Germán Sanz Lobón",2015,,,1
"A7643993e","ORIENTACAO_ESPECIALIZACAO","Uso de Agrotóxicos em comunidades rurais e tradicionais do estado de Goiás",2022,"Universidade Federal de Goiás",,1
"A63399a5c","ORIENTACAO_ESPECIALIZACAO","Segurança do Trabalho no Laboratório de Análises de Águas da Universidade Federal de Goiás",2021,"Universidade Federal de Goiás",,1
"Aac6bc9a9","ORIENTACAO_ESPECIALIZACAO","Critérios para definição de tecnologias de abastecimento de água no assentamento Canudos, no estado de Goiás, conforme matrizes do programa nacional de saneamento rural",2020,"Universidade Federal de Goiás",,1
"A864e7c3a","ORIENTACAO_ESPECIALIZACAO","Critérios para definição de tecnologias de abastecimento de água no assentamento Canudos, no estado de Goiás, conforme matrizes do programa nacional de saneamento rural",2020,"Universidade Federal de Goiás",,1
"A1d61b65d","ORIENTACAO_ESPECIALIZACAO","ConCritérios para definição de tecnologias de abastecimento de água no assentamento Canudos, no estado de Goiás, conforme matrizes do programa nacional de saneamento rural",2020,"Universidade Federal de Goiás",,1
"A654eacff","ORIENTACAO_ESPECIALIZACAO","Critérios para definição de tecnologias de abastecimento de água no assentamento Canudos, no estado de Goiás, conforme matrizes do programa nacional de saneamento rural",2020,"Universidade Federal de Goiás",,1
"A32e25533","ORIENTACAO_ESPECIALIZACAO","Critérios para definição de tecnologias de abastecimento de água no assentamento Canudos, no estado de Goiás, conforme matrizes do programa nacional de saneamento rural",2020,"Universidade Federal de Goiás",,1
"Adfe6a04d","ORIENTACAO_ESPECIALIZACAO","Proposta de fluoretação em sistema de abastecimento de água na comunidade Recanto dos Dourados em Abadia de Goiás: perspectivas comunicacionais, jurídicas e técnicas",2020,"Universidade Federal de Goiás",,1
"Aa58de8f8","ORIENTACAO_ESPECIALIZACAO","Proposta de fluoretação em sistema de abastecimento de água na comunidade Recanto dos Dourados em Abadia de Goiás: perspectivas comunicacionais, jurídicas e técnicas",2020,"Universidade Federal de Goiás",,1
"Ae4aa7a48","ORIENTACAO_ESPECIALIZACAO","Proposta de fluoretação em sistema de abastecimento de água na comunidade Recanto dos Dourados em Abadia de Goiás: perspectivas comunicacionais, jurídicas e técnicas",2020,"Universidade Federal de Goiás",,1
"A93ad374f","ORIENTACAO_ESPECIALIZACAO","Proposta de fluoretação em sistema de abastecimento de água na comunidade Recanto dos Dourados em Abadia de Goiás: perspectivas comunicacionais, jurídicas e técnicas",2020,"Universidade Federal de Goiás",,1
"Afcf2ac74","ORIENTACAO_ESPECIALIZACAO","Proposta de fluoretação em sistema de abastecimento de água na comunidade Recanto dos Dourados em Abadia de Goiás: perspectivas comunicacionais, jurídicas e técnicas",2020,"Universidade Federal de Goiás",,1
"A90e7ce6b","ORIENTACAO_ESPECIALIZACAO","Levantamento de investimentos em ações de saneamento rural no Brasil com foco no abastecimento e armazenamento de água para consumo humano",2020,"Universidade Federal de Goiás",,1
"Abcd94023","ORIENTACAO_ESPECIALIZACAO","Levantamento de investimentos em ações de saneamento rural no Brasil com foco no abastecimento e armazenamento de água para consumo humano",2020,"Universidade Federal de Goiás",,1
"Ae68b072d","ORIENTACAO_ESPECIALIZACAO","Levantamento de investimentos em ações de saneamento rural no Brasil com foco no abastecimento e armazenamento de água para consumo humano",2020,"Universidade Federal de Goiás",,1
"A2231599f","ORIENTACAO_ESPECIALIZACAO","Levantamento de investimentos em ações de saneamento rural no Brasil com foco no abastecimento e armazenamento de água para consumo humano",2020,"Universidade Federal de Goiás",,1
"Ac7854fc4","ORIENTACAO_ESPECIALIZACAO","Levantamento de investimentos em ações de saneamento rural no Brasil com foco no abastecimento e armazenamento de água para consumo humano",2020,"Universidade Federal de Goiás",,1
"A368749c6","ORIENTACAO_ESPECIALIZACAO","Importância e dificuldades da desinfecção da água em comunidades rurais e/ou tradicionais",2020,"Universidade Federal de Goiás",,1
"A4529a22d","ORIENTACAO_ESPECIALIZACAO","Importância e dificuldades da desinfecção da água em comunidades rurais e/ou tradicionais",2020,"Universidade Federal de Goiás",,1
"Af66b046f","ORIENTACAO_ESPECIALIZACAO","Importância e dificuldades da desinfecção da água em comunidades rurais e/ou tradicionais",2020,"Universidade Federal de Goiás",,1
"Ac198b5a5","ORIENTACAO_ESPECIALIZACAO","Importância e dificuldades da desinfecção da água em comunidades rurais e/ou tradicionais",2020,"Universidade Federal de Goiás",,1
"A3947049b","ORIENTACAO_ESPECIALIZACAO","Importância e dificuldades da desinfecção da água em comunidades rurais e/ou tradicionais",2020,"Universidade Federal de Goiás",,1
"A8df83eb8","ORIENTACAO_ESPECIALIZACAO","Resistência ao uso de equipamento individual de proteção (EPI) na construção civil: causas e consequências",2019,"Universidade Federal de Goiás",,1
"A4ec59057","ORIENTACAO_ESPECIALIZACAO","Avaliação quantitativa e qualitativa dos acidentes de trabalho em indústrias de alimentos",2018,"Universidade Federal de Goiás",,1
"Ab82e4baf","ORIENTACAO_ESPECIALIZACAO","O custo pela inconformidade em áreas de vivência ampla e restrita de acordo com a NR-18 e a NR-28",2018,"Universidade Federal de Goiás",,1
"A5109ce5f","ORIENTACAO_ESPECIALIZACAO","O custo pela inconformidade em áreas de vivência ampla e restrita de acordo com a NR-18 e a NR-28",2018,"Universidade Federal de Goiás",,1
"A31e7288d","ORIENTACAO_ESPECIALIZACAO","Avaliação da segurança no armazenamento de produtos químicos de uma Estação de Tratamento de Água",2018,"Universidade Federal de Goiás",,1
"A22876d82","ORIENTACAO_ESPECIALIZACAO","Avaliação da segurança no armazenamento de produtos químicos de uma Estação de Tratamento de Água",2018,"Universidade Federal de Goiás",,1
"A8c135c26","ORIENTACAO_ESPECIALIZACAO","Avaliação da gestão dos resíduos gerados em postos de combustíveis no município de Hidrolândia-GO",2016,"Universidade Federal de Goiás",,1
"Aa82a3754","ORIENTACAO_ESPECIALIZACAO","Vigilância em águas de consumo humano nos municípios Goianos com administração pública direta",2016,"Universidade Federal de Goiás",,1
"Ae261c403","ORIENTACAO_ESPECIALIZACAO","Cenário da disposição do lodo de esgoto: uma revisão das publicações ocorridas no Brasil de 2004 a",2014,"Escola de Engenharia Civil da Universidade Federal de Goiás",,1
"A96994346","ORIENTACAO_ESPECIALIZACAO","Cenário da disposição do lodo de esgoto: uma revisão das publicações ocorridas no Brasil de 2004 a",2014,"Escola de Engenharia Civil da Universidade Federal de Goiás",,1
"A2ef240e5","ORIENTACAO_ESPECIALIZACAO","Análise evolutiva de processo erosivo acelerado em área urbana, Goiânia-GO",2015,"Universidade Federal de Goiás",,1
"A9eca5eca","ORIENTACAO_ESPECIALIZACAO","Gestão do óleo lubrificante usado e suas embalagens na cidade de Inhumas - GO, Brasil",2015,"Universidade Federal de Goiás",,1
"Adc682bbf","ORIENTACAO_ESPECIALIZACAO","Avaliação dos resíduos do serviço de saúde em cidades do Estado de Goiás",2014,"Escola de Engenharia Civil da Universidade Federal de Goiás",,1
"A66d47ac3","ORIENTACAO_ESPECIALIZACAO","Avaliação da gestão do óleo lubrificante usado e sua embalagem em postos de combustíveis Terezópolis de Goiás",2014,"Escola de Engenharia Civil da Universidade Federal de Goiás",,1
"Ae8fdece8","ORIENTACAO_ESPECIALIZACAO","Diagnóstico da gestão de resíduos sólidos urbanos no município Nova Veneza (GO)",2013,"Escola de Engenharia Civil da Universidade Federal de Goiás",,1
"Ab2516034","ORIENTACAO_ESPECIALIZACAO","Diagnóstico da gestão de resíduos sólidos urbanos no município Nova Veneza (GO)",2013,"Escola de Engenharia Civil da Universidade Federal de Goiás",,1
"Ac482b47b","ORIENTACAO_ESPECIALIZACAO","Filtração em cerâmica microporosa aplicada à remoção de cor e turbidez de água para abastecimento público",2012,"Escola de Engenharia Civil da Universidade Federal de Goiás",,1
"Ae833613e","ORIENTACAO_ESPECIALIZACAO","Análise da qualidade da água utilizada para consumo humano no Assentamento Canudos, Goiás",2012,"Universidade Federal de Goiás",,1
"A161c7be7","ORIENTACAO_ESPECIALIZACAO","Análise química foliar de macro e micronutrientes de quatro espécies de plantas do Cerrado cultivados com lodo de ETA",2012,"Universidade Federal de Goiás",,1
"A833ddd3a","ORIENTACAO_ESPECIALIZACAO","Pós-Tratamento de efluente de lagoa de estabilização de ETE por adição de resíduo de ETA",2012,"Universidade Federal de Goiás",,1
"Acb8f859a","ORIENTACAO_ESPECIALIZACAO","Problemas decorrentes dos lançamentos de despejos nos cursos d'água da cidade de Araraquara",2006,"Faculdade de Engenharia Civil de Araraquara",,1
"A5a9a2ded","ORIENTACAO_ESPECIALIZACAO","Problemas decorrentes da obstrução nas redes e ramais de esgotos sanitários da cidade de Araraquara",2005,"Faculdade de Engenharia Civil de Araraquara",,1
"A5276d58c","ORIENTACAO_ESPECIALIZACAO","Minimização da produção de lodos gerados na ETA-Fonte de Araraquara através da automação",2005,"Faculdade de Engenharia Civil de Araraquara",,1
"Ada83d094","ORIENTACAO_ESPECIALIZACAO","Autodepuração do Ribeirão das Cruzes após receber efluente da ETE-Araraquara",2003,"Universidade Estadual Paulista Júlio de Mesquita Filho",,1
"A72e6b330","ORIENTACAO_TCC","Remoção de flúor em meio aquoso utilizando biocarvão modificado por estrutura metal-orgânica de alumínio",2025,"Universidade Federal de Goiás",,1
"Ac75c094c","ORIENTACAO_TCC","Heterocontrole de flúor nas redes de abastecimento do município de Goiânia e Aparecida de Goiânia - Goiás",2025,"Universidade Federal de Goiás",,1
"A4d2a3ea2","ORIENTACAO_TCC","Análise do teor de fluoreto em águas de abastecimento público no estado de Goiás e do custo analítico entre método colorimétrico e eletrométrico",2023,"Universidade Federal de Goiás",,1
"A7f3ed9fc","ORIENTACAO_TCC","Acessibilidade à canalização interna de água em comunidades rurais e tradicionais",2021,"Universidade Federal de Goiás",,1
"Af92318b3","ORIENTACAO_TCC","Acessibilidade à canalização interna de água em comunidades rurais e tradicionais",2021,"Universidade Federal de Goiás",,1
"A9cee38b5","ORIENTACAO_TCC","Interferência do uso e ocupação do solo na qualidade das águas superficiais utilizadas em comunidades rurais do estado de Goiás",2021,"Universidade Federal de Goiás",,1
"A2e377bf9","ORIENTACAO_TCC","Interferência do uso e ocupação do solo na qualidade das águas superficiais utilizadas em comunidades rurais do estado de Goiás",2021,"Universidade Federal de Goiás",,1
"A92bee539","ORIENTACAO_TCC","Adsorção em carvão ativado e outras tecnologias aplicadas na remoção de flúor",2021,"Universidade Federal de Goiás",,1
"Addbc680f","ORIENTACAO_TCC","Água condensada de aparelhos de ar condicionado para uso em atividades laboratoriais",2019,"Universidade Federal de Goiás",,1
"A07825fe7","ORIENTACAO_TCC","Água condensada de aparelhos de ar condicionado para uso em atividades laboratoriais",2019,"Universidade Federal de Goiás",,1
"A78da76ae","ORIENTACAO_TCC","Avaliação sazonal da qualidade da água superficial em parques públicos da bacia hidrográfica do córrego Tamanduá em Aparecida de Goiânia - GO",2018,"Instituto Federal de Educação",,1
"Aa6bfc1e1","ORIENTACAO_TCC","O indicador de salubridade ambiental (ISA) como ferramenta de avaliação do saneamento dos municípios goianos",2018,"Universidade Federal de Goiás",,1
"Ac00f7cc9","ORIENTACAO_TCC","Xavier. O indicador de salubridade ambiental (ISA) como ferramenta de avaliação do saneamento dos municípios goianos",2018,"Universidade Federal de Goiás",,1
"Abb3a84c8","ORIENTACAO_TCC","Determinação do fator de correção para equação usada na fluoretação da água de abastecimento em função da temperatura e do consumo de água para a cidade de Goiânia - GO",2017,"Universidade Federal de Goiás",,1
"A84ff5dd1","ORIENTACAO_TCC","Determinação do fator de correção para equação usada na fluoretação da água de abastecimento em função da temperatura e do consumo de água para a cidade de Goiânia - GO",2017,"Universidade Federal de Goiás",,1
"Aef8bc31d","ORIENTACAO_TCC","Funcionamento e operação da ETA DIMIC e seus impactos na geração de resíduos",2017,"Universidade Federal de Goiás",,1
"A390948a3","ORIENTACAO_TCC","Funcionamento e operação da ETA DIMIC e seus impactos na geração de resíduos",2017,"Universidade Federal de Goiás",,1
"A81d8619e","ORIENTACAO_TCC","Funcionamento e operação da ETA DIMIC e seus impactos na geração de resíduos",2017,"Universidade Federal de Goiás",,1
"A5c42ff24","ORIENTACAO_TCC","Eficiência do coagulante extraído de sementes de Moringa Oleifera LAM. no tratamento de água pela tecnologia da flotação",2017,"Universidade Federal de Goiás",,1
"Adaa20542","ORIENTACAO_TCC","Eficiência do coagulante extraído de sementes de Moringa Oleifera LAM. no tratamento de água pela tecnologia da flotação",2017,"Universidade Federal de Goiás",,1
"A654a6899","ORIENTACAO_TCC","Tratamento de água gerada em ar condicionado em filtros cerâmicos do tipo gravidade para uso em laboratório",2017,"Universidade Federal de Goiás",,1
"A1b760e27","ORIENTACAO_TCC","Influência do uso e ocupação do solo na qualidade da água em bacias de captação para abastecimento público",2016,"Universidade Federal de Goiás",,1
"Afa31d350","ORIENTACAO_TCC","Influência do uso e ocupação do solo na qualidade da água em bacias de captação para abastecimento público",2016,"Universidade Federal de Goiás",,1
"A18b4e783","ORIENTACAO_TCC","Influência do uso e ocupação do solo na qualidade da água em bacias de captação para abastecimento público",2016,"Universidade Federal de Goiás",,1
"Accac9ae4","ORIENTACAO_TCC","Estudo da qualidade da água e da capacidade de autodepuração do ribeirão Grimpas - GO",2015,"Escola de Engenharia Civil da Universidade Federal de Goiás",,1
"Ae9699e53","ORIENTACAO_TCC","Estudo da qualidade da água e da capacidade de autodepuração do ribeirão Grimpas - GO",2015,"Escola de Engenharia Civil da Universidade Federal de Goiás",,1
"A83e0d951","ORIENTACAO_TCC","Estudo da qualidade da água e da capacidade de autodepuração do ribeirão Grimpas - GO",2015,"Escola de Engenharia Civil da Universidade Federal de Goiás",,1
"A0189c469","ORIENTACAO_TCC","Avaliação da ETA de Hidrolândia para atendimento do padrão de turbidez da Portaria 2914",2014,"Escola de Engenharia Civil da Universidade Federal de Goiás",,1
"A3bdb85ba","ORIENTACAO_TCC","Influência da Portaria 2914 sobre aspectos construtivos dos sistemas de desinfecção de ETAs na região Metropolitana de Goiânia",2013,"Escola de Engenharia Civil da Universidade Federal de Goiás",,1
"A4eb9e00d","ORIENTACAO_TCC","Influência da Portaria 2914 sobre aspectos construtivos dos sistemas de desinfecção de ETAs na região Metropolitana de Goiânia",2013,"Escola de Engenharia Civil da Universidade Federal de Goiás",,1
"Ab2343383","ORIENTACAO_TCC","Avaliação das condições construtivas das captações de água do Assentamento Canudos em Goiás",2011,"Escola de Engenharia Civil da Universidade Federal de Goiás",,1
"A018d045f","ORIENTACAO_IC","Tratamento de esgoto fecal em comunidade rural utilizando bacia de evapotranspiração: Aceitabilidade pelo consumo de Musa spp",2025,"Universidade Federal de Goiás",,1
"A0a4a43b4","ORIENTACAO_IC","Bucha vegetal (Luffa cylindrica): características e aplicações",2025,"Universidade Federal de Goiás",,1
"Ab57f1d5c","ORIENTACAO_IC","Emprego do sistema de eletroflotofiltração (SEFF) em escala laboratorial para remoção de flúor em água para consumo das comunidades rurais em Goiás",2025,"Universidade Federal de Goiás",,1
"A357aa6d5","ORIENTACAO_IC","Emprego do sistema de eletroflotofiltração (SEFF) em escala laboratorial para remoção de flúor em água para consumo das comunidades rurais em Goiás",2025,"Universidade Federal de Goiás",,1
"Afae3d992","ORIENTACAO_IC","Remoção de flúor em meio aquoso utilizando biocarvão produzido a partir da borra de café e modificado com lodo de estação de tratamento de água (ETA)",2024,"Universidade Federal de Goiás",,1
"A6ce31d69","ORIENTACAO_IC","Desempenho da filtração em múltiplas etapas (FiME) como alternativa para tratamento de água de abastecimento de comunidades rurais",2024,"Universidade Federal de Goiás",,1
"Ad4923f91","ORIENTACAO_IC","Emprego do sistema de eletroflotofiltração (SEFF) em escala laboratorial para remoção de dureza em água para consumo das comunidades rurais em Goiás",2024,"Universidade Federal de Goiás",,1
"A09297c2b","ORIENTACAO_IC","Avaliação da segurança da água de comunidades rurais",2024,"Universidade Federal de Goiás",,1
"Aa2e67249","ORIENTACAO_IC","Emprego do sistema de eletroflotofiltração (SEFF) em escala laboratorial para remoção de dureza em água para consumo das comunidades rurais em Goiás",2024,"Universidade Federal de Goiás",,1
"A4573ebfc","ORIENTACAO_IC","Caracterização do lodo produzido por filtro lento numa estação piloto de filtração em múltiplas etapas como alternativa para tratamento de água de abastecimento de comunidades rurais",2024,"Universidade Federal de Goiás",,1
"A7b78dadf","ORIENTACAO_IC","Análise da disposição de lodo em solo do Cerrado de uma filtração em múltiplas etapas",2023,"Universidade Federal de Goiás",,1
"Aa14eaf33","ORIENTACAO_IC","Emprego do sistema de eletroflotofiltração (SEFF) em escala laboratorial para tratamento de água para consumo das comunidades rurais em Goiás",2023,"Universidade Federal de Goiás",,1
"Ae432c7a1","ORIENTACAO_IC","Remoção de fluoreto em água utilizando biocarvão ativado empacotado em um sistema de filtração em coluna",2023,"Universidade Federal de Goiás",,1
"Aaca403d1","ORIENTACAO_IC","Relação entre o índice de salubridade ambiental rural e índice de segurança do saneamento rural",2023,"Universidade Federal de Goiás",,1
"A5b8cbb18","ORIENTACAO_IC","Análise da disposição de lodo em solo do Cerrado de uma filtração em múltiplas etapas",2023,"Universidade Federal de Goiás",,1
"A0a272006","ORIENTACAO_IC","Ocorrência de oocistos de Cryptosporidium spp. e cistos de Giardia spp. em poços rasos destinados ao abastecimento de comunidades rurais e tradicionais do estado de Goiás",2022,"Universidade Federal de Goiás",,1
"A11dd5af9","ORIENTACAO_IC","Identificação e remoção dos principais poluentes presentes na água para consumo humano das comunidades rurais em Goiás através da tecnologia de eletroflotofiltração",2022,"Universidade Federal de Goiás",,1
"Ae872b8b4","ORIENTACAO_IC","Aplicação de um sistema de filtração em coluna termostática, para avaliação de remoção de fluoreto da água, utilizando o carvão ativado produzido da borra de café",2022,"Universidade Federal de Goiás",,1
"Ad987d22e","ORIENTACAO_IC","Seleção de tecnologias de tratamento de água para assentamentos rurais do estado de Goiás",2022,"Universidade Federal de Goiás",,1
"A8b376d60","ORIENTACAO_IC","Tecnologias de tratamento de água aplicadas para comunidades quilombolas rurais do estado de Goiás",2022,"Universidade Federal de Goiás",,1
"Aa32399c4","ORIENTACAO_IC","Aplicação de carvão ativado produzido a partir de borra de café com adsorvente na remoção de fluoreto em excesso na água de consumo humano",2021,"Universidade Federal de Goiás",,1
"Aa11fd6c1","ORIENTACAO_IC","Influência do uso de caixa d'água sobre a qualidade da água em comunidades rurais do estado de Goiás",2021,"Universidade Federal de Goiás",,1
"A781dcd06","ORIENTACAO_IC","Identificação do fornecimento de água para consumo das comunidades rurais em Goiás e a viabilidade técnica do tratamento de água por eletroflotofiltração",2021,"Universidade Federal de Goiás",,1
"Acca784a6","ORIENTACAO_IC","Detecção e enumeração de oocistos de Cryptosporidium ssp. e cistos de Giardia ssp. em fontes de abastecimento das comunidades rurais e tradicionais do estado de Goiás",2021,"Universidade Federal de Goiás",,1
"Afc253c01","ORIENTACAO_IC","Avaliação da disponibilidade hídrica em comunidades rurais e tradicionais de Goiás",2021,"Universidade Federal de Goiás",,1
"A570b8828","ORIENTACAO_IC","Avaliação da qualidade da água consumida por comunidade ribeirinhas no estado de Goiás",2020,"Universidade Federal de Goiás",,1
"A0433b751","ORIENTACAO_IC","Remoção de flúor da água por adsorção em microcolunas de filtração",2020,"Universidade Federal de Goiás",,1
"Ac521ca15","ORIENTACAO_IC","Identificação de regiões hidrologicamente homogêneas no estado de Goiás",2020,"Universidade Federal de Goiás",,1
"Af0557e6e","ORIENTACAO_IC","Avaliação do uso de reservatórios domiciliares em comunidade quilombolas quanto a qulidade da água",2020,"Universidade Federal de Goiás",,1
"A458278d8","ORIENTACAO_IC","Avaliação da qualidade da água consumida por comunidades quilombolas do estado de Goiás",2020,"Universidade Federal de Goiás",,1
"Aef2f86c7","ORIENTACAO_IC","Produção de carvão ativado produzido a partir da borra de café",2019,"Universidade Federal de Goiás",,1
"A1c8ab665","ORIENTACAO_IC","Avaliação das condições de saneamento básico em assentamentos do estado de Goiás",2019,"Universidade Federal de Goiás",,1
"Ab9469f8e","ORIENTACAO_IC","Avaliação das condições de saneamento básico em comunidades ribeirinhas do estado de Goiás",2019,"Universidade Federal de Goiás",,1
"A019979dd","ORIENTACAO_IC","Avaliação das condições de saneamento em comunidades quilombolas do estado de Goiás",2019,"Universidade Federal de Goiás",,1
"A2ca1de63","ORIENTACAO_IC","Avaliação das condições de saneamento básico em assentamentos do estado de Goiás",2019,"Universidade Federal de Goiás",,1
"A017d3cc5","ORIENTACAO_IC","Avaliação do potencial de adsorção flúor em carvão ativado produzido a partir da borra de café",2018,"Escola de Engenharia Civil da Universidade Federal de Goiás",,1
"A0b4b4501","ORIENTACAO_IC","Análise quali-quantitativa da água condensada do sistema de ar condicionado da UFG",2018,"Universidade Federal de Goiás",,1
"Ac6727b5c","ORIENTACAO_IC","Estudo do decaimento de flúor nas estações de tratamento de água e suas consequências na filtração",2018,"Universidade Federal de Goiás",,1
"A226a1e8a","ORIENTACAO_IC","Avaliar a variação da concentração do cloro residual livre nas águas distribuídas às cidades do estado de Goiás operadas pela Companhia Estadual",2017,"Escola de Engenharia Civil da Universidade Federal de Goiás",,1
"A41626769","ORIENTACAO_IC","Determinação de um fator de correção do teor de fluoreto aplicado na água de consumo humano em Goiânia",2017,"Universidade Federal de Goiás",,1
"A764cb1c3","ORIENTACAO_IC","Comparação entre duas metodologias para determinação de cloro residual livre na água tratada na cidade de Goiânia",2016,"Universidade Federal de Goiás",,1
"A24573b4a","ORIENTACAO_IC","Avaliação da utilização da borra de café como meio filtrante em filtros residenciais para obtenção de água de consumo humano",2016,"Universidade Federal de Goiás",,1
"Ae67cfe7a","ORIENTACAO_IC","Avaliação da utilização da borra de café como meio filtrante em filtros residenciais para obtenção de água de consumo humano",2016,"Universidade Federal de Goiás",,1
"A7b2dc752","ORIENTACAO_IC","Avaliação de métodos para determinação de cloro residual livre em águas de abastecimento",2014,"Escola de Engenharia Civil da Universidade Federal de Goiás",,1
"A60a383ac","ORIENTACAO_IC","Avaliação da qualidade de água de abastecimento público dos municípios da meso-região central do Estado de Goiás",2013,"Universidade Federal de Goiás",,1
"Ad4f6d23b","ORIENTACAO_IC","Avaliação da qualidade da água de abastecimento público dos municípios da REGIÃO CENTRAL do Estado de Goiás",2012,"Escola de Engenharia Civil da Universidade Federal de Goiás",,1
"A0bea5e33","ORIENTACAO_IC","Avaliação da qualidade da água de abastecimento público dos municípios da REGIÃO NORTE do Estado de Goiás",2012,"Escola de Engenharia Civil da Universidade Federal de Goiás",,1
"A56b94a80","ORIENTACAO_IC","ANÁLISES FÍSICO-QUÍMICAS DE ÁGUA DE ABASTECIMENTO PÚBLICO DE ACORDO COM OS PADRÕES DE QUALIDADE DEFINIDO PELA PORTARIA Nº 2.914/2011 DO MINISTÉRIO DA SAÚDE",2012,"Escola de Engenharia Civil da Universidade Federal de Goiás",,1
"A247df5b5","ORIENTACAO_IC","Estudo em bancada da recirculação do lodo de decantador em Estação de Tratamento de Água",2011,"Escola de Engenharia Civil da Universidade Federal de Goiás",,1
"A374cf389","ORIENTACAO_OUTRA","Water management in Quilombos communities of Goiás (Brazil) and its impacting on individual's well being: analysis of critical behaviour issues",2024,"Universidade de Trento",,1
"A6b1f73d0","ORIENTACAO_OUTRA","Investigação sobre acessibilidade e qualidade da água em comunidades rurais quilombolas de Goiás: aplicação das soluções baseadas na natureza para o alcance do ODS 6",2024,"Universidade de Trento",,1
"Ab18b447a","ORIENTACAO_OUTRA","Tratamento de água de abastecimento",2020,"Universidade Federal de Goiás",,1
"A53dcf156","ORIENTACAO_OUTRA","Estágio em Engenharia Civil",2020,"Universidade Federal de Goiás",,1
"A30b15cac","ORIENTACAO_OUTRA","Estágio em Engenharia Ambiental e Sanitária",2020,"Universidade Federal de Goiás",,1
"A11ee5065","ORIENTACAO_OUTRA","Estágio em Engenharia Ambiental e Sanitária",2020,"Universidade Federal de Goiás",,1
"A4f59d686","ORIENTACAO_OUTRA","Estágio no LAboratório de Análises de Águas",2019,"Universidade Federal de Goiás",,1
"A24fbb116","ORIENTACAO_OUTRA","Avaliação do risco à saúde humana por meio de consumo de água subterrânea em assentamentos rurais do estado de Goiás",2018,"Universidade Federal de Goiás",,1
"Acc9eef93","ORIENTACAO_OUTRA","Monitor na disciplina Tratamento de Água de Abastecimento",2018,"Universidade Federal de Goiás",,1
"A258d0de7","ORIENTACAO_OUTRA","Construção Civil",2016,"Universidade Federal de Goiás",,1
"A5fa62d38","ORIENTACAO_OUTRA","Estágio Obrigatório em Engenharia Ambiental e Sanitária",2015,"Universidade Federal de Goiás",,1
"Ad5be379e","ORIENTACAO_OUTRA","Jovens Talentos",2015,"Universidade Federal de Goiás",,1
"Afb9b5b5f","ORIENTACAO_OUTRA","Avaliação disposição de resíduos sólidos em área de captação de água para abastecimento publico",2015,"Universidade Federal de Goiás",,1
"Adda1cdcf","ORIENTACAO_OUTRA","Avaliação da utilização de resíduo de ETA na produção de materiais de construção",2014,"Escola de Engenharia Civil da Universidade Federal de Goiás",,1
"A150f5a1f","ORIENTACAO_OUTRA","Programa Jovens Talentos",2014,"Universidade Federal de Goiás",,1
"A297d578c","ORIENTACAO_OUTRA","Programa Jovens Talentos",2014,"Universidade Federal de Goiás",,1
"Ae0c2eac3","ORIENTACAO_OUTRA","Estágio Obrigatório em Engenharia Civil",2014,"Universidade Federal de Goiás",,1
"A4b0bc4a6","ORIENTACAO_OUTRA","Avaliação da utilização de resíduo de ETA na produção de materiais de construção",2013,"Escola de Engenharia Civil da Universidade Federal de Goiás",,1
"A3f249e59","ORIENTACAO_OUTRA","Estágio Obrigatório em Engenharia Civil",2013,"Universidade Federal de Goiás",,1
"A5cd70380","ORIENTACAO_OUTRA","Estágio Obrigatório em Engenharia Civil",2013,"Universidade Federal de Goiás",,1
"A2cd19b6a","ORIENTACAO_OUTRA","Utilização do lodo de Estação de Tratamento de Água no Cultivo de Mudas de Plantas do Cerrado",2011,"Escola de Engenharia Civil da Universidade Federal de Goiás",,1
"A33f12746","PROJETO_PESQUISA","Monitoramento do nível do lençol freático e vazão dos corpos hídricos próximos a atividade mineradora",2024,,,1
"A8c84e28b","PROJETO_PESQUISA","Identificando dificuldades dos estudantes das engenharias para se adaptarem e permanecerem na universidade.",2024,,,1
"Abdaf32c0","PROJETO_PESQUISA","Estudos Hidrológicos e de Drenagem Urbana",2024,,,1
"A4236ffec","PROJETO_PESQUISA","DESENVOLVIMENTO DE PAVIMENTO ASFÁLTICO DRENANTE SUSTENTÁVEL PARA O CONTEXTO DO ESTADO DE GOIÁS",2023,,,1
"A4f3dcbf2","PROJETO_PESQUISA","AVALIAÇÃO E APLICABILIDADE DO USO DE DADOS ESTIMADOS DE PRECIPITAÇÃO, NA ESTIMATIVA DA VAZÃO DE PROJETO",2021,,,1
"Ae401f1d1","PROJETO_PESQUISA","Caracterização Pluviométrica no Estado de Goiás",2020,,,1
"A733fb68f","PROJETO_PESQUISA","Modelagem Hidroambiental",2013,,,1
"A6b6eb924","PROJETO_PESQUISA","Avaliação de mudanças nos padrões das chuvas intensas no Brasil",2013,,,1
"Ac8c2a659","PROJETO_PESQUISA","ECOTECNOLOGIAS",2010,,,1
"Ab31ebe71","PROJETO_PESQUISA","MANEJO DE ÁGUAS PLUVIAIS - A BACIA DO CADENA (SANTA MARIA - RS)",2010,,,1
"Ab85d28c0","PROJETO_PESQUISA","Caracterização das chuvas intensas na região de Santa Maria",2010,,,1
"Ae75001ac","PROJETO_EXTENSAO","Seminário Internacional Brasil - Itália",2023,,,1
"Abe8389bd","PROJETO_EXTENSAO","Curso introdutório - Basic #R",2020,,,1
"A3eaf45b2","PROJETO_EXTENSAO","Curso introdutório - Basic #R - Turma 2",2020,,,1
"Adf7dde1c","PROJETO_EXTENSAO","Exposição de Experiências Municipais em Saneamento (ASSEMAE)",2020,,,1
"A8f2e1753","PROJETO_EXTENSAO","17º CONPEEX",2020,,,1
"A0476bdca","PROJETO_EXTENSAO","Capacitação Técnica e Implementação de Mecanismos para o Manejo Sustentável do Sistema de Águas Pluviais das Bacias dos Lagos Manágua e Nicarágua",2011,,,1
"Afade6c93","ARTIGO","Water Quality Dynamics in Cyanobacterial Control in Brazilian Cerrado Reservoir",2025,"Sustainability","10.20944/preprints202505.0320.v1",1
"A352d449c","ARTIGO","Influence of the number of residents and climatic factors on residential water consumption",2023,"Water Science and Technology-Water Supply","10.2166/ws.2023.067",1
"Abbe52e65","ARTIGO","Rainfall data used for rainwater harvesting systems: a bibliometric and systematic literature review",2022,"JOURNAL OF WATER SUPPLY RESEARCH AND TECHNOLOGY-AQUA","10.2166/aqua.2022.034",1
"Abffe1291","ARTIGO","Vazão de projeto na microdrenagem em locais sem dados de precipitação: estudo para o Rio Grande do Sul",2019,"AMBIENTE CONSTRUÍDO (ONLINE)","10.1590/s1678-86212019000300335",1
"Abc0b3bb3","ARTIGO","Changes in the Behavior of Heavy Rainfall in the Southern Brazil",2017,"GEOPHYSICAL RESEARCH ABSTRACTS",,1
"Ac4c2121c","ARTIGO","Revisão das isozonas de chuvas intensas do Brasil",2016,"Engenharia Sanitária e Ambiental (Online)","10.1590/s1413-41522016133691",1
"A0dcb7468","ARTIGO","Sub-daily extreme events distribution and changes in Northeastern Brazil in the 20th century. IAHS-AISH Publication",2015,"IAHS-AISH Publication",,1
"Aa4a81666","ARTIGO","TRMM rainfall estimative coupled with Bell (1969) methodology for extreme rainfall characterization",2015,"IAHS-AISH PUBLICATION",,1
"A16485d12","ARTIGO","Investigation of Urban-Induced rainfall in Porto Alegre, Brazil using TRMM satellite rainfall estimation",2013,"IAHS-AISH PUBLICATION",,1
"A767883ea","LIVRO","Urban agriculture and the perspective of fulfilling land?s socio-environmental functionda case study of Brazilian Cerrado cities",2023,"United Kingdom",,1
"A1eaaace0","LIVRO","Proposição de Soluções de Manejo de Águas Pluviais e Drenagem",2023,"CEGRAF",,1
"Ab22fa3cc","LIVRO","Comparação entre chuvas intensas obtidas a partir de relações IDFs e pela metodologia da relação entre durações.",2015,"ABRH",,1
"Af6730974","CONGRESSO_COMPLETO","MAPEAMENTO DE ÁREA SUSCETÍVEIS À INUNDAÇÃO NA BACIA DO RIO DOS SINOS ? RS, UTILIZANDO O MODELO HAND",2020,"Congresso Internacional de Engenharia Ambiental & 10ª Reunião de Estudos Ambientais",,1
"A472fbd7d","CONGRESSO_COMPLETO","ANÁLISE PRELIMINAR DAS IDF'S DISPONÍVEIS NO BRASIL",2019,"XXIII Simpósio Brasileiro de Recursos Hídricos",,1
"Acaafe5eb","CONGRESSO_COMPLETO","ESTIMATIVA DE ÍNDICES DE EROSIVIDADE DA CHUVA A PARTIR DOS DADOS DO MSWEP",2019,"XXIII SIMPÓSIO BRASILEIRO DE RECURSOS HIDRÍCOS",,1
"A6e7287bd","CONGRESSO_COMPLETO","INMET DOWNLOADER: FERRAMENTA COMPUTACIONAL DE CÓDIGO LIVRE PARA AQUISIÇÃO DE DADOS HIDROLÓGICOS",2019,"XXIII SIMPÓSIO BRASILEIRO DE RECURSOS HIDRÍCOS",,1
"Aa8b07529","CONGRESSO_COMPLETO","ANÁLISE PRELIMINAR DA INCERTEZA ASSOCIADA ÀS CHUVAS INTENSAS OBTIDAS DAS ISOZONAS PARA USO EM MICRODRENAGEM NO NORDESTE DO BRASIL",2017,"XXII Simpósio Brasileiro de Recursos Hídricos",,1
"Aff90afa5","CONGRESSO_COMPLETO","GEOFERRAMENTA PARA ESTIMATIVAS DE CHUVAS INTENSAS NO BRASIL",2017,"XXII Simpósio Brasileiro de Recursos Hídricos",,1
"A2cbca0e4","CONGRESSO_COMPLETO","ANÁLISE PRELIMINAR DA INCERTEZA ASSOCIADA ÀS CHUVAS INTENSAS OBTIDAS DAS ISOZONAS PARA USO EM MICRODRENAGEM NO SUL DO BRASIL",2017,"XI ENCONTRO NACIONAL DE ÁGUAS URBANAS",,1
"A3f905357","CONGRESSO_COMPLETO","Análise comparativa dos métodos de estimativa da taxa de evapotranspiração de referência para a região Sul do Brasil",2015,"XXI Simpósio Brasileiro de Recursos Hídricos",,1
"Aa3733bb7","CONGRESSO_COMPLETO","QUALIDADE DAS ESTIMATIVAS TRMM 3B42 NO ESTADO DO RIO GRANDE DO SUL",2015,"XXI SIMPÓSIO BRASILEIRO DE RECURSOS HÍDRICOS",,1
"A7a3e9414","CONGRESSO_COMPLETO","AVALIAÇÃO DO ENSAIO DE INFILTRAÇÃO DA ABNT-NBR 13969/97",2015,"XXI SIMPÓSIO BRASILEIRO DE RECURSOS HÍDRICOS",,1
"Aae45b0c5","CONGRESSO_COMPLETO","EFEITO DOS ERROS DE TRUNCAMENTOS E ARREDONDAMENTO EM MODELOS CHUVA-VAZÃO APLICADOS À DRENAGEM NA FONTE",2014,"X ENCONTRO NACIONAL DE ÁGUAS URBANAS",,1
"A67830f1c","CONGRESSO_COMPLETO","COMPARAÇÃO ENTRE CHUVAS INTENSAS OBTIDAS A PARTIR DE IDF'S E PELA METODOLOGIA DA RELAÇÃO ENTRE DURAÇÕES",2014,"X ENCONTRO NACIONAL DE ÁGUAS URBANAS",,1
"A26dcfb46","CONGRESSO_COMPLETO","APLICABILIDADE DE METODOLOGIAS PARA PRÉ-DIMENSIONAMENTO DE BACIAS DE DETENÇÃO EM SANTA MARIA -RS",2013,"XX Simpósio Brasileiro de Recursos Hídricos",,1
"Adf0ce44b","CONGRESSO_COMPLETO","CALIBRAÇÃO E SIMULAÇÃO HIDROLÓGICA DE UM TELHADO VERDE UTILIZANDO O MÉTODO DA CURVA-NÚMERO DO SCS",2013,"XX SIMPÓSIO BRASILEIRO DE RECURSOS HÍDRICOS",,1
"Adcd9e150","CONGRESSO_COMPLETO","INFLUÊNCIA DA PLUVIOMETRIA SOBRE A PERSISTÊNCIA DAS ESPÉCIES GAZANIA RIGENS E KALANCHOE BLOSSFELDIANA COMO COBERTURA VEGETAL DE UM TELHADO VERDE",2013,"XX SIMPÓSIO BRASILEIRO DE RECURSOS HÍDRICOS",,1
"Ac9d99dd7","CONGRESSO_RESUMO_EXP","Análise qualitativa e quantitativa dos produtos de reanálise atmosférica no contexto das precipitações máximas no estado de Goiás",2022,"Congresso de Pesquisa, Ensino e Extensão - CONPEEX",,1
"A1084078f","CONGRESSO_RESUMO_EXP","DETERMINAÇÃO DAS IDFS NOS LOCAIS COM DADOS DISPONÍVEIS NO ESTADO DE GOIÁS",2022,"Congresso de Pesquisa, Ensino e Extensão - CONPEEX",,1
"A037b72df","CONGRESSO_RESUMO_EXP","ATUALIZAÇÃO DAS ISOZONAS DE CHUVAS INTENSAS PARA O ESTADO DO PARANÁ",2014,"29º Jornada Acadêmica Integrada da Universidade Federal de Santa Maria",,1
"A6167cf14","CONGRESSO_RESUMO_EXP","ESTUDO DE TRAÇADOS GEOMÉTRICOS DE RODOVIAS USANDO FERRAMENTAS DE SIG, CASO DO CONTORNO VIÁRIO DE SANTA MARIA",2014,"29º Jornada Acadêmica Integrada da Universidade Federal de Santa Maria",,1
"Ad24f89cd","CONGRESSO_RESUMO_EXP","Modelagem geoestatística das precipitações intensas ocorridas na Bacia do Arroio Dilúvio, Porto Alegre - RS",2014,"29º Jornada Acadêmica Integrada da Universidade Federal de Santa Maria",,1
"A01d83244","CONGRESSO_RESUMO_EXP","Vantagens da utilização do modelo chuva-vazão Hydrolib aplicado à drenagem na fonte.",2014,"29º Jornada Acadêmica Integrada da UFSM",,1
"A6d1da684","CONGRESSO_RESUMO_EXP","PREVISÃO DE MUDANÇAS CLIMÁTICAS PARA AVALIAÇÃO DA ALTERAÇÃO DO REGIME HIDROLÓGICO DE UM AMBIENTE DE BANHADO",2013,"28º Jornada Acadêmica Integrada",,1
"Ae16eab3c","CONGRESSO_RESUMO","DETERMINAÇÃO DA MANCHA DE INUNDAÇÃO DO RIO MEIA PONTE NA REGIÃO URBANA DE GOIÂNIA",2025,"22º CONPEEX",,1
"Ad8d005f2","CONGRESSO_RESUMO","DETERMINAÇAO DAS IDFs DO ESTADO DE GOIÁS A PARTIR DE DADOS OBSERVADOS",2025,"22º CONPEEX",,1
"A9d77d8a9","CONGRESSO_RESUMO","Uso de sistemas sustentáveis de drenagem pluvial no sistema de Macrodrenagem da região metropolitana de Goiânia",2025,"22º CONPEEX",,1
"A55bbda68","CONGRESSO_RESUMO","Variability and trends of intense precipitation in a metropolitan area in the southern Brazil",2020,"EGU General Assembly",,1
"Ad16d5765","CONGRESSO_RESUMO","ANÁLISE DE INFLUÊNCIA DO MÍNIMO PERÍODO SECO ENTRE EVENTOS PARA CARACTERIZAÇÃO DE PRECIPITAÇÕES INTENSAS POR MEIO DE CURVAS ADIMENSIONAIS",2017,"32º Jornada Acadêmica Integrada da UFSM",,1
"Af4052919","CONGRESSO_RESUMO","PROCEDIMENTOS PARA A IMPLEMENTAÇÃO DE TRÊS CÉLULAS EXPERIMENTAIS DE BIORRETENÇÃO",2017,"32º Jornada Acadêmica Integrada da UFSM",,1
"Af22596a3","CONGRESSO_RESUMO","Análise da incerteza associada a estimativa de dados de chuvas intensas obtidas a partir das isozonas e das equações IDF para Santa Maria/RS",2017,"32º Jornada Acadêmica Integrada",,1
"A13bb6b89","CONGRESSO_RESUMO","LINKS4GEO: LISTA DE LINKS PARA INFORMAÇÔES GEOGRÁFICAS",2016,"31º Jornada Acadêmica Integrada da UFSM",,1
"A810ba336","CONGRESSO_RESUMO","ANÁLISE PLUVIOMÉTRICA DA REGIÃO SERRANA DO RIO DE JANEIRO",2015,"30º Jornada Acadêmica Integrada da UFSM",,1
"Aa277a481","CONGRESSO_RESUMO","DESEMPENHO DAS ESTIMATIVAS 3B42 V7 TRMM NO RIO GRANDE DO SUL",2015,"30º Jornada Acadêmica Integrada da UFSM",,1
"Ade291f85","CONGRESSO_RESUMO","Comparação entre os métodos de Thornthwaite e Penman-Monteith para cálculo da evapotranspiração em Santa Maria-RS",2015,"30º Jornada Acadêmica Integrada da UFSM",,1
"A68927159","CONGRESSO_RESUMO","ATUALIZAÇÃO DO MAPA DE ISOZONAS DE TABORGA TORRICO PARA SANTA CATARINA",2013,"Jornada Acadêmica Integrada - JAI",,1
"Ad37ca6ee","CONGRESSO_RESUMO","ANÁLISE DO MAPA DE ISOZONAS DE CHUVAS INTENSAS PARA O RIO GRANDE DO SUL",2012,"JAI - Jornada Acadêmica Integrada",,1
"Adc98f867","CONGRESSO_RESUMO","ANÁLISE DAS CHUVAS INTENSAS NO RIO GRANDE DO SUL",2012,"JAI - Jornada Acadêmica Integrada",,1
"A59b07474","CONGRESSO_RESUMO","ANÁLISE REGIONAL DAS IDFs DE PFAFSTETTER",2011,"JAI - Jornada Acadêmica Integrada",,1
"A14572d02","CONGRESSO_RESUMO","Relação entre Durações de Chuvas Intensas em Santa Maria - Uma Análise Preliminar",2011,"JAI - Jornada Acadêmica Integrada",,1
"Ad81665bf","CONGRESSO_RESUMO","Cadastro das Chuvas Intensas no Brasil",2011,"JAI - Jornada Acadêmica Integrada",,1
"A6403c077","CONGRESSO_RESUMO","APLICAÇÃO FITOTECNOLÓGICA NO CONTROLE QUANTITATIVO DO ESCOAMENTO PLUVIAL",2011,"JAI - Jornada Acadêmica Integrada",,1
"Aa08bdc99","APRESENTACAO","Mesa redonda sobre Drenagem Urbana",2022,,,1
"A4ff13654","APRESENTACAO","APLICABILIDADE DE METODOLOGIAS PARA PRÉ-DIMENSIONAMENTO DE BACIAS DE DETENÇÃO EM SANTA MARIA -RS",2013,,,1
"A3ba6f0ec","BANCA_MESTRADO","DESENVOLVIMENTO DE FERRAMENTA PARA ANÁLISE DE RISCO EM ÁREAS SUSCETÍVEIS A INUNDAÇÃO",2025,"Universidade Federal de Minas Gerais",,1
"A15151cff","BANCA_MESTRADO","Estimativa de Probabilidade Diária de Inundação pelo Efeito Combinado Chuva-Maré em Belém/PA",2023,"Universidade Federal do Pará",,1
"A6a6dcb23","BANCA_MESTRADO","REGIONALIZAÇÃO DE VAZÃO MÍNIMA EM BACIAS SEM DADOS NO SEMIÁRIDO DA BAHIA",2023,"Universidade Federal de Santa Maria",,1
"Ad4a2fd6e","BANCA_MESTRADO","Calibração do modelo de hidrológico SWMM utilizando algoritmos evolucionários para um loteamento urbano",2023,"Universidade Federal de Goiás",,1
"Accd9743d","BANCA_MESTRADO","AVALIAÇÃO DO DESEMPENHO DOS DADOS DO MSWEP NO RIO GRANDE DO SUL",2022,"Universidade Federal de Santa Maria",,1
"A4bac8709","BANCA_MESTRADO","Disponibilidade hídrica superficial e subterrânea de Assentamentos em Goiás",2021,"Universidade Federal de Goiás",,1
"Ad3ceb09e","BANCA_MESTRADO","VIABILIDADE TÉCNICA E ECONÔMICA DA CAPTAÇÃO DE ÁGUAS DE CHUVA PARA USO EM SANITÁRIOS: UM ESTUDO DE CASO DA UNIR, CAMPUS JI-PARANÁ",2021,"Universidade Federal de Rondônia",,1
"A0ca38c4c","BANCA_MESTRADO","VARIABILIDADE DA PRECIPITAÇÃO PLUVIOMÉTRICA NA BACIA HIDROGRÁFICA DOS RIOS VACACAÍ E VACACAÍ-MIRIM",2020,"Universidade Federal de Santa Maria",,1
"A4825315e","BANCA_MESTRADO","INVARIÂNCIA DE ESCALA TEMPORAL EM EQUAÇÕES INTENSIDADE-DURAÇÃO-FREQUÊNCIA (IDF) DA REGIÃO METROPOLITANA DE BELO HORIZONTE",2020,"Universidade Federal de Minas Gerais",,1
"A1878d7f1","BANCA_MESTRADO","MSWEP V.2 COMO FONTE ALTERNATIVA DE DADOS DE PRECIPITAÇÃO EM UMA BACIA HIDROGRÁFICA COM ESCASSEZ DE DADOS E MODELAGEM HIDROLÓGICA NO SWAT",2020,"Universidade Federal de Santa Maria",,1
"Aebcf8164","BANCA_DOUTORADO","IMPACTOS DAS USINAS HIDRELÉTRICAS NA QUALIDADE DA ÁGUA E NA BIODIVERSIDADE DA BACIA TOCANTINS/ARAGUAIA EM UMA ABORDAGEM COM MODELAGEM HIDRODINÂMICA",2025,"Universidade Federal de Goiás",,1
"Afcc0a127","BANCA_DOUTORADO","CHUVA ESTIMADA POR SATÉLITE COM CORREÇÃO DE VIÉS PARA O TERRITÓRIO BRASILEIRO",2024,"Universidade Federal de Santa Maria",,1
"A9a7f68d1","BANCA_DOUTORADO","PLANOS DE RECURSOS HÍDRICOS DAS BACIAS HIDROGRÁFICAS NO RIO GRANDE DO SUL: ANÁLISE TÉCNICA E PERSPECTIVA FUTURA",2020,"Universidade Federal de Santa Maria",,1
"Acd5f8f7a","BANCA_MESTRADO","OPERAÇÃO OTIMIZADA DE ESTAÇÕES ELEVATÓRIAS DE ESGOTO",2025,"Universidade Federal de Goiás",,1
"A940e3240","BANCA_MESTRADO","Monitoramento de bacia de evapotranspiração (BET), em áreas rurais, para dimensionamento físico no tratamento de esgoto doméstico",2025,"Universidade Federal de Goiás",,1
"A40fd0221","BANCA_MESTRADO","Monitoramento da bacia de evapotranspiração (BET) para dimensionamento sustentável no tratamento de água fecal em áreas rurais",2024,"Universidade Federal de Goiás",,1
"Adde69b12","BANCA_MESTRADO","INFLUÊNCIA DE HIETOGRAMAS DE PROJETO NAS VAZÕES USADAS EM PROJETO DE REDE DE MACRODRENAGEM URBANA",2023,"Universidade Federal de Santa Maria",,1
"Afe9cf83d","BANCA_MESTRADO","DETERMINAÇÃO DO FATOR DE INFLUÊNCIA DE CHUVAS EM OBRAS DE INFRAESTRUTURA NO ESTADO DE RONDÔNIA",2023,"Universidade Federal de Rondônia",,1
"A63fb15c5","BANCA_MESTRADO","REGIONALIZAÇÃO DE VAZÃO EM BACIAS SEM DADOS NO SEMIÁRIDO DA BAHIA",2023,"Universidade Federal de Santa Maria",,1
"A6a06b24c","BANCA_MESTRADO","Análise Ambiental Integrada das Bacias Hidrográficas de Abastecimento Público da Região Metropolitana de Goiânia ? RMG",2023,"Universidade Federal de Goiás",,1
"Ace7075c4","BANCA_MESTRADO","PARAMETRIZAÇÃO DA PROPAGAÇÃO SUPERFICIAL DO ESCOAMENTO EM BACIAS URBANAS BRASILEIRAS",2022,"Universidade Federal de Santa Maria",,1
"A2718c35e","BANCA_MESTRADO","AGRICULTURA URBANA NOS VAZIOS URBANOS PODE SER UMA ESTRATÉGIA DE ADAPTAÇÃO ÀS MUDANÇAS CLIMÁTICAS GLOBAIS EM GOIÂNIA?",2020,"Universidade Federal de Goiás",,1
"A38281f5a","BANCA_MESTRADO","DIMENSIONAMENTO DE RESERVATÓRIOS DE APROVEITAMENTO DE ÁGUA PLUVIAL POR MEIO DE DADOS PLUVIOMÉTRICOS DE REANÁLISES ATMOSFÉRICAS",2020,"Universidade Federal de Goiás",,1
"Ac148368d","BANCA_MESTRADO","VIABILIDADE TÉCNICA E ECONÔMICA DA CAPTAÇÃO DE ÁGUAS DA CHUVA PARA REUSO NOS SANITÁRIOS DA UNIR CAMPUS JI-PARANÁ",2020,"Universidade Federal de Rondônia",,1
"A52bbb12b","BANCA_ESPECIALIZACAO","Q., Oliveira W.P., Salati D.S., Santos L.S.A. .... Critérios para definição de tecnologias de abastecimento de água no assentamento Canudos, no Estado de Goiás, conforme matrizes do programa nacional de saneamento rural",2020,"Universidade Federal de Goiás",,1
"A484b0c29","BANCA_TCC","INFLUÊNCIA DOS PACOTES INFORMAIS DO PLANEJAMENTO DE CURTO PRAZO NA OCORRÊNCIA DE PERDAS POR MAKING-DO: DETERMINAÇÃO DE CUSTOS E ATRASOS DE OBRAS",2023,"Universidade Federal de Goiás",,1
"Ae2be39b0","BANCA_TCC","ESTUDO CIENCIOMÉTRICO SOBRE O USO DE EFLUENTE TRATADO NA INDÚSTRIA DA CONSTRUÇÃO CIVIL E CERÂMICA",2023,"Universidade Federal de Goiás",,1
"A31b36cca","BANCA_TCC","RELAÇÕES CONCEITUAIS ENTRE O BUILDING INFORMATION MODELING E O LEAN NA GESTÃO DA INFORMAÇÃO DA CONSTRUÇÃO CIVIL",2022,"Universidade Federal de Goiás",,1
"A59932db8","BANCA_TCC","PROPOSIÇÃO DE DIRETRIZES PARA GERENCIAR A OCORRÊNCIA E IMPACTOS DAS PERDAS POR MAKING-DO",2022,"Universidade Federal de Goiás",,1
"A4e0f7dd3","BANCA_TCC","RELEVÂNCIA DA BACIA DE DETENÇÃO EM UM LOTEAMENTO URBANO",2022,"Universidade Federal de Goiás",,1
"Aab2997a7","BANCA_TCC","ANÁLISE DO IMPACTO DE BOCAS DE LOBO COM INFILTRAÇÃO NA VAZÃO DE PICO DO SISTEMA DE DRENAGEM URBANA EM GOIÂNIA- GO",2021,"Universidade Federal de Goiás",,1
"A5ef756eb","BANCA_TCC","Acessibilidade à canalização interna de água em comunidades rurais e tradicionais",2021,"Universidade Federal de Goiás",,1
"A83e33371","BANCA_TCC","PERDAS POR MAKING-DO NA CONSTRUÇÃO CIVIL: PRINCIPAIS CAUSAS E EFEITOS",2021,"Universidade Federal de Goiás",,1
"A50f4e39f","BANCA_TCC","ANÁLISE DA VIABILIDADE TÉCNICA E ECONÔMICA DA IMPLANTAÇÃO DE UM SISTEMA DE APROVEITAMENTO DE ÁGUA PLUVIAL EM UM POSTO DE COMBUSTÍVEL",2021,"Universidade Federal de Santa Maria",,1
"Acd43e9c6","BANCA_TCC","Avaliação de Métodos de Estimativa de Evapotranspiração no Estado do Rio Grande do Sul",2021,"Universidade Federal de Santa Maria",,1
"A6a7c39cb","BANCA_TCC","DIMENSIONAMENTO DAS INSTALAÇÕES HIDRÁULICO-SANITÁRIAS E DE UM SISTEMA DE TRATAMENTO DE ESGOTO EM UMA RESIDÊNCIA PERIURBANA",2021,"Universidade Federal de Santa Maria",,1
"A033c9753","BANCA_TCC","Associação de técnicas compensatórias ao sistema de drenagem urbana",2021,"Universidade Federal de Santa Maria",,1
"A053b3d55","BANCA_TCC","ANÁLISE DA IMPLANTAÇÃO DE SISTEMAS DE REÚSO DE ÁGUAS CINZAS E APROVEITAMENTO DE ÁGUAS PLUVIAIS EM UM EDÍFICIO MULTIFAMILIAR",2021,"Universidade Federal de Santa Maria",,1
"A40131284","BANCA_TCC","Viabilidade do aproveitamento de águas pluviais na cidade de Cruz Alta/RS",2021,"Universidade Federal de Santa Maria",,1
"A91699ef1","BANCA_TCC","IMPACTO DO TAMANHO DA SÉRIE HISTÓRICA NO DIMENSIONAMENTO DE RESERVATÓRIOS PARA SISTEMAS PREDIAIS DE APROVEITAMENTO DE ÁGUA PLUVIAL EM BELÉM - PA",2021,"Universidade Federal de Goiás",,1
"A09cd9227","BANCA_TCC","DIRETRIZES PARA MINIMIZAÇÃO DE PERDAS POR MAKING-DO",2021,"Universidade Federal de Goiás",,1
"Aa1b93869","BANCA_TCC","Aplicação do Modelo HAND na Identificação de Áreas Susceptíveis a Inundações na Bacia o Rio dos Sinos ? RS",2020,"Universidade Federal de Santa Maria",,1
"Ad9333560","BANCA_TCC","Impacto do tamanho da série histórica nos volumes de reservatórios de sistemas prediais de aproveitamento de água pluvial nas cinco regiões do Brasil",2020,"Universidade Federal de Goiás",,1
"Afbf5e417","BANCA_TCC","Determinação de Regiões Hidrologicamente Homogêneas na Bacia Hidrográfica dos Rios Vacacaí-Vacacaí Mirim",2019,"Universidade Federal de Santa Maria",,1
"A5b7e1e08","BANCA_TCC","Estudo Experimental Sobre o Uso de Estruturas de Baixo Custo para a Medição de Vazão em Canais Abertos",2019,"Universidade Federal de Santa Maria",,1
"Af833a8cf","BANCA_TCC","Avaliação de Escoamento Pluvial em Módulos de Telhados Verdes com Diferentes Substratos",2019,"Universidade Federal de Santa Maria",,1
"Aa0290664","BANCA_TCC","Avaliação da Aplicação Não Calibrada do Modelo Hidrológico Kineros na Bacia Hidrográfica Experimental de Arvorezinha",2019,"Universidade Federal de Santa Maria",,1
"Abfd0d91e","BANCA_TCC","Análise Fisiográfica de Bacias da Região Hidrográfica RH-8/ Santa Catarina - SC",2019,"Universidade Federal de Santa Maria",,1
"A60e88e4a","BANCA_TCC","Avaliação de Áreas para Implantação de Aterro Sanitário no Município de Cruz Alta/RS",2019,"Universidade Federal de Santa Maria",,1
"A481f23fe","BANCA_TCC","O Movimento das Ecovilas no Brasil: Proposta da Ecovila ""Flor de Jasmim""",2019,"Universidade Federal de Santa Maria",,1
"Ada3249db","BANCA_TCC","Dimensionamento das Instalações Hidráulicas Sanitárias, de Sistema de Aquecimento Solar e de Sistema de Tratamento de Esgoto por Fossa Bananeira e por Bacia de Evapotranspiração, em uma Residência Periurbana",2019,"Universidade Federal de Santa Maria",,1
"Af07e094d","BANCA_TCC","Monitoramento Quantitativo e Simulação do Escoamento Pluvial em uma Biorretenção",2019,"Universidade Federal de Santa Maria",,1
"A09c0136b","BANCA_TCC","Ensaio Destrutivo de um Modelo em Escala de uma biorretenção",2018,"Universidade Federal de Santa Maria",,1
"A008c8e83","BANCA_TCC","Delimitação de APPs e análise de conflitos de uso da terra para o município de Triunfo, RS",2017,"Universidade Federal de Santa Maria",,1
"A99e8259b","BANCA_TCC","Brasil IDF - Um complemento QGIS para estimativas de chuvas intensas no Brasil",2017,"Universidade Federal de Santa Maria",,1
"Aab6ea304","BANCA_TCC","Avaliação do efeito da discretização temporal da chuva de projeto no dimensionamento de sistemas de drenagem urbana",2016,"Universidade Federal de Santa Maria",,1
"Acf81a278","BANCA_TCC","Estimativa dos parâmetros do método Silveira para diferentes tipos de solos",2016,"Universidade Federal de Santa Maria",,1
"A48156652","BANCA_TCC","Potencial da coleta seletiva de resíduos sólidos urbanos no município de Santa Maria - RS",2016,"Universidade Federal de Santa Maria",,1
"A43d62734","BANCA_TCC","Comparação da modelagem hidrossedimentológica em bacias hidrográficas: Lisem Versus Swat",2016,"Universidade Federal de Santa Maria",,1
"A85a0ffa6","ORIENTACAO_MESTRADO","ANÁLISE DA EFICIÊNCIA HIDROLÓGICA DE UM JARDIM DE CHUVA IMPLANTADO NA REGIÃO METROPOLITANA DE GOIÂNIA/GO",2025,"Universidade Federal de Goiás",,1
"A6e56baf8","ORIENTACAO_MESTRADO","Calibração do Curve Number para o município de Goiânia - GO",2024,"Universidade Federal de Goiás",,1
"A2f7ac058","ORIENTACAO_MESTRADO","Otimização do hidrograma triangular sintético",2024,"Universidade Federal de Goiás",,1
"Ab8e5ae5b","ORIENTACAO_MESTRADO","Segurança hídrica no estado de Goiás",2024,"Universidade Federal de Goiás",,1
"Aaa952668","ORIENTACAO_TCC","Impacto de Reservatórios de Regularização na Determinação das vazões Mínimas e Máximas",2025,"Universidade Federal de Goiás",,1
"Aa61b7d83","ORIENTACAO_TCC","IMPACTO DA URBANIZAÇÃO DE GOIÂNIA NAS VAZÕES MÁXIMAS DO RIO MEIA PONTE",2025,"Universidade Federal de Goiás",,1
"A4143c2d0","ORIENTACAO_MESTRADO","Impacto hidrológico de pavimento asfálticos drenantes",2025,"Universidade Federal de Goiás",,1
"Aa2458cf0","ORIENTACAO_MESTRADO","PROPOSIÇÃO DE MÉTODO PARA CÁLCULO DA VAZÃO MÍNIMA Q95 EM BACIAS HIDROGRÁFICAS COM INFORMAÇÃO ESCASSA",2025,"Universidade Federal de Goiás",,1
"Ace6cbd41","ORIENTACAO_MESTRADO","ANÁLISE DA VIABILIDADE DE IMPLEMENTAÇÃO E AVALIAÇÃO DE DESEMPENHO DE TÉCNICAS COMPENSATÓRIAS EM LOTEAMENTOS URBANOS",2023,"Universidade Federal de Goiás",,1
"A92de3172","ORIENTACAO_MESTRADO","MÉTODO PARA PREVER DESASTRES NATURAIS RELACIONADOS À INUNDAÇÕES BASEADO NO MODELO HAND: UM ESTUDO DE CASO DO MUNICÍPIO DE RESTINGA SÊCA-RS",2023,"Universidade Federal de Santa Maria",,1
"A82b28c1e","ORIENTACAO_MESTRADO","EFEITO DA ESCALA TEMPORAL DE AQUISIÇÃO DE DADOS DE PRECIPITAÇÃO NAS INCERTEZAS ASSOCIADAS À UTILIZAÇÃO DE RELAÇÕES INTENSIDADE-DURAÇÃO-FREQUÊNCIA",2020,"Universidade Federal de Santa Maria",,1
"Aa20bada9","ORIENTACAO_MESTRADO","AGRICULTURA URBANA NOS VAZIOS URBANOS PODE SER UMA ESTRATÉGIA DE ADAPTAÇÃO ÀS MUDANÇAS CLIMÁTICAS GLOBAIS EM GOIÂNIA?",2020,"Universidade Federal de Goiás",,1
"Aeba89142","ORIENTACAO_TCC","Determinação de IDF?s através de aplicativos de otimização para municípios do estado de Goiás",2025,"Universidade Federal de Goiás",,1
"Adfb7b80b","ORIENTACAO_TCC","MÉTODOS DE CÁLCULO DE ESTRUTURAS COMPENSATÓRIAS E SEUS IMPACTOS NA DRENAGEM URBANA",2023,"Universidade Federal de Goiás",,1
"Af614daa3","ORIENTACAO_TCC","Benefícios da implementação de pavimentos permeáveis e poços de infiltração na vazão de projeto",2023,"Universidade Federal de Goiás",,1
"A1a108cc0","ORIENTACAO_TCC","Equações de chuvas intensas (IDF) para o estado de Goiás",2023,"Universidade Federal de Goiás",,1
"A59734ed4","ORIENTACAO_TCC","ANÁLISE QUANTITATIVA DO USO DE SOLUÇÕES BASEADAS NA NATUREZA NA DRENAGEM URBANA",2023,"Universidade Federal de Goiás",,1
"A5a6b86a2","ORIENTACAO_TCC","ANÁLISE DOS IMPACTOS DA URBANIZAÇÃO NA DRENAGEM URBANA: ESTUDO DE CASO EM REGIÃO DE GOIÂNIA/GO",2023,"Universidade Federal de Goiás",,1
"Aa6c495a2","ORIENTACAO_TCC","Caracterização das precipitações anuais no estado de Goiás e seus efeitos no comportamento das vazões mínimas",2022,"Universidade Federal de Goiás",,1
"Adc419ed6","ORIENTACAO_TCC","Drenagem Urbana sustentável - Estudo de caso",2022,"Universidade Federal de Goiás",,1
"A4a5c4b81","ORIENTACAO_TCC","Determinação das IDF a partir dos coeficientes de desagregação para estações do Estado de Goiás",2022,"Universidade Federal de Goiás",,1
"A3a41cfda","ORIENTACAO_TCC","COMPARAÇÃO ENTRE MÉTODOS DE DRENAGEM TRADICIONAIS E SUSTENTÁVEIS: VANTAGENS E DESVANTAGENS",2022,"Universidade Federal de Goiás",,1
"Aa59b2714","ORIENTACAO_TCC","Análise da Variabilidade da Precipitação Pluviométrica em São Joaquim - SC",2019,"Universidade Federal de Santa Maria",,1
"A6c6e89e4","ORIENTACAO_TCC","Caracterização das Precipitações Intensas na Região Metropolitana de Porto Alegre",2019,"Universidade Federal de Santa Maria",,1
"A73a7dca1","ORIENTACAO_IC","Análise qualitativa e quantitativa dos produtos de reanálise atmosférica no contexto das precipitações máximas no estado de Goiás",2023,"Universidade Federal de Goiás",,1
"Ab35daf13","ORIENTACAO_IC","Escoamento superficial na região do Itambé ? Um estudo de caso sobre o impacto da urbanização no sistema de drenagem local",2022,"Universidade Federal de Goiás",,1
"A0deb1084","ORIENTACAO_IC","Caracterização do sistema de drenagem no setor Jardim Goiás em Goiânia: Análise do efeito da implantação da drenagem pensada na natureza",2022,"Universidade Federal de Goiás",,1
"A582d3d25","ORIENTACAO_IC","Determinação das IDF a partir dos coeficientes de desagregação para estações do Estado de Goiás",2022,"Universidade Federal de Goiás",,1
"A1729ad44","ORIENTACAO_IC","Caracterização do comportamento pluviométrico no Estado de Goiás",2021,"Universidade Federal de Goiás",,1
"A71f42d0e","ORIENTACAO_IC","Determinação das IDFs nos locais com dados disponíveis no no Estado de Goiás",2021,"Universidade Federal de Goiás",,1
"Add21f273","ORIENTACAO_OUTRA","Relatório de estágio supervisionado",2020,"Universidade Federal de Goiás",,1
"A3b44fc4d","ORIENTACAO_OUTRA","AVALIAÇÃO DOS IMPACTOS DO USO DE TÉCNICAS COMPENSATÓRIAS NA DRENAGEM URBANA",2020,"Universidade Federal de Goiás",,1
"Ada1d4cee","ORIENTACAO_OUTRA","Influência da quantidade de moradores e de fatores climáticos no consumo residencial de água",2020,"Universidade Federal de Goiás",,1
"Adc58c171","ORIENTACAO_OUTRA","TÉCNICAS DE MANEJO DE ÁGUAS PLUVIAIS APLICADAS A COMUNIDADES RURAIS",2020,"Instituto Federal de Educação",,1
"Aa7f42086","ORIENTACAO_OUTRA","Aplicação do Modelo HAND para Identificar Áreas Suscetíveis a Inundações na Bacia do Rio Sinos - RS",2019,"Universidade Federal de Santa Maria",,1
"A1b55d64c","ORIENTACAO_OUTRA","Aproveitamento de Águas Pluiais e Reuso de Águas Cinza em Edificações",2019,"Universidade Federal de Santa Maria",,1
"Addaec6cc","ORIENTACAO_OUTRA","Avaliação de Estimativas de Evapotranspiração no Estado do Rio Grande do Sul",2019,"Universidade Federal de Santa Maria",,1
"A4b4ffa48","ORIENTACAO_OUTRA","Caracterização das IDF's no Brasil",2019,"Universidade Federal de Santa Maria",,1
"A88c24b8a","ORIENTACAO_OUTRA","Relatório de Estágio Supervisionado",2019,"Universidade Federal de Santa Maria",,1
"A4cd1ac2e","ORIENTACAO_OUTRA","S. ; BEZERRA, N. R. ; RUGGERI JUNIOR, H. C. ; SANTOS, S. L. D. X. ; BASSO, RAVIEL EURICO ; ROCHA, B. S. . COVID-19: guia de recomendações e orientações para comunidades rurais",2020,"vídeo educacional)",,1
"A88c17352","PROJETO_PESQUISA","Transporte de glifosato em meio aquoso por adsorção e dessorção em partículas de microplástico de politereftalato de etileno (PET) Avaliação do mecanismo e da ecotoxicidade",2025,,,1
"Abe72e6ed","PROJETO_PESQUISA","Processos Físico-Químicos para remoção de compostos recalcitrantes em meio aquoso",2017,,,1
"A31c8731a","PROJETO_PESQUISA","APLICABILIDADE DE PROCESSOS BIOLÓGICOS NA DEGRADAÇÃO DO GLIFOSATO EM MEIO AQUOSO",2015,,,1
"Ae5747cdb","PROJETO_PESQUISA","Monitoramento da Qualidade das Águas dos Lagos Artificiais e Naturais dos Parques Públicos Urbanos do Município de Goiânia-GO",2014,,,1
"A0fbc9d6d","PROJETO_PESQUISA","Rede de Nanobiotec-Brasil, Programa de Nanobiotecnologia",2009,"Coordenação de Aperfeiçoamento de Pessoal de Nível Superior",,1
"A2b13d821","PROJETO_EXTENSAO","Conversas entre meninas e engenheiras",2024,,,1
"A35be7fd5","PROJETO_EXTENSAO","PPGEAS de Portas Abertas",2022,,,1
"A8b835ca1","ARTIGO","Processo Oxidativo Avançado UV/H2O2 Aplicado ao Tratamento de Efluente Industrial Sintético Contendo Diferentes Corantes Orgânicos",2025,"RGSA (ANPAD)",,1
"Aa29c943a","ARTIGO","Removal of Polyethylene Microplastics by Chemical Coagulation: Contributions to Environmental Pollution Control",2025,"ARACÊ - DIREITOS HUMANOS EM REVISTA",,1
"A42d6d258","ARTIGO","Effect of Tween 20 and linear alkylbenzene sulfonate on microplastic coagulation",2023,"DESALINATION AND WATER TREATMENT (ONLINE)",,1
"A99658b5b","ARTIGO","Treatment of synthetic industrial effluent aiming at the removal of glyphosate by means of advanced oxidation",2023,"RGSA (ANPAD)",,1
"A18a6befe","ARTIGO","Desempenho de um Reator Aeróbio Anóxico Operado em Batelada Sequencial para Tratamento de Efluente de Indústria Farmacêutica",2023,"CUADERNOS DE EDUCACIÓN Y DESARROLLO",,1
"A5a63ca60","ARTIGO","Analysis of the Efficiency of the Electrocoagulation Process in the Removal of Microplastics",2023,"RGSA (ANPAD)",,1
"A5026f024","ARTIGO","Application of biochars for ibuprofen removal by adsorption: Trends in production, operating conditions, and mechanisms",2023,"FÓRUM AMBIENTAL DA ALTA PAULISTA",,1
"A6db91edd","ARTIGO","Avaliação da Remoção de Fósforo Utilizando Biossorvente Produzido a partir da Polpa Do Baru (Dipteryx Alata)",2023,"REVISTA BRASILEIRA DE INICIAÇÃO CIENTÍFICA",,1
"A01a5e547","ARTIGO","Effect of Linear Alkylbenzene Sulfonate (LAS) on the coagulation of ZnO nanoparticles in aqueous matrix",2022,"DESALINATION AND WATER TREATMENT (ONLINE)",,1
"A00dffe0d","ARTIGO","Effect of H3PO4 oxidation of corn cob biochar on the adsorption of a commercial glyphosate formulation",2022,"DESALINATION AND WATER TREATMENT (ONLINE)",,1
"Ac412feb3","ARTIGO","Influência do Encapsulamento do Biocarvão Ativado Produzido a partir de Casca de Banana com Alginato de Sódio para Remoção de Fósforo em Meio Aquoso",2022,"Boletin do Observatório Ambiental Alberto Ribeiro Lamego",,1
"Aa6ec800b","ARTIGO","Reaproveitamento de Sabugo de Milho para Potencial Remoção de Formulação Comercial de Glifosato em Fase Aquosa pela Técnica de Adsorção",2021,"ENGENHARIA SANITÁRIA E AMBIENTAL (ONLINE)",,1
"A08d392e0","ARTIGO","Avaliação de diferentes técnicas de medição do oxigênio dissolvido para o saneamento básico",2021,"Fronteiras: Journal of Social, Technological and Environmental Science","10.21664/2238-8869.2021v10i1.p406-426",1
"Aed0f0b92","ARTIGO","Biocarvão ativado produzido a partir de lodo anaeróbio de estação de tratamento de efluentes para remoção do corante tartrazina",2021,"Materia-Rio de Janeiro",,1
"Ae41c3b87","ARTIGO","Influência da pré-cloração na clarificação de águas para abastecimento utilizando coagulante à base de tanino",2021,"ENGENHARIA SANITÁRIA E AMBIENTAL (ONLINE)",,1
"A68f3b42f","ARTIGO","APLICAÇÃO DE PROCESSO DE ELETROCOAGULAÇÃO/FLOTAÇÃO PARA REUSO DE ÁGUA PLUVIAL",2019,"PERIÓDICO TCHÊ QUÍMICA (MEIO ELETRÔNICO)",,1
"Ae8dc7908","ARTIGO","Avaliação sazonal de índices de estado trófico para fósforo total para mananciais de abastecimento público do Município de Goiânia, Estado do Goiás, Brasil",2019,"Revista Brasileira de Gestão Ambiental e Sustentabilidade","10.21438/rbgas.061418",1
"Aa9f626c5","ARTIGO","Ampliação da capacidade de tratamento da estação de tratamento de esgotos de Quirinópolis Go por meio da implantação da tecnologia de reator biológico de leito móvel(MBBR)",2019,"Brazilian Journal of Development","10.34117/bjdv5n11-258",1
"Aca05ea9a","ARTIGO","REMOÇÃO DE GLIFOSATO E TURBIDEZ EM MEIO AQUOSO POR MEIO DA CLARIFICAÇÃO COM SULFATO DE ALUMÍNIO E POLÍMERO NATURAL (TANFLOC)",2018,"PERIÓDICO TCHÊ QUÍMICA (MEIO ELETRÔNICO)",,1
"Af08c8553","ARTIGO","Avaliação da presença de resíduos farmacológicos nos córregos Veado e Cedro do município de Presidente Prudente ? SP/Brasil",2016,"Revista Brasileira de Ciências Ambientais (Online)","10.5327/z2176-947820159914",1
"A78514566","ARTIGO","ANÁLISE DA EFICIÊNCIA DE CALÇADAS ECOLÓGICAS COMO SISTEMA DE DRENAGEM SUSTENTÁVEL NOS CENTROS URBANOS: ESTUDO DE CASO NO PARQUE FLAMBOYANT, GOIÂNIA ? GOIÁS",2015,"Revista Eletrônica em Gestão, Educação e Tecnologia Ambiental",,1
"Ac98ec982","ARTIGO","Utilização do índice de qualidade de água (IQA) para monitoramento da qualidade de água em uma área de preservação ambiental",2015,"Revista Eletrônica em Gestão, Educação e Tecnologia Ambiental",,1
"A26836855","ARTIGO","Avaliação Técnica e Econômica do Reúso de Águas Cinzas em Aparelhos Sanitários",2014,"Colloquium Exactarum",,1
"Aec9dcfad","ARTIGO","Qualidade microbiológica da água para consumo humano em assentamentos do município de Teodoro Sampaio - SP",2013,"Fórum Ambiental da Alta Paulista",,1
"A9b632b1d","ARTIGO","Saneamento Básico e sua Relação com a Qualidade de Vida nos Assentamentos do Município de Teodoro Sampaio",2012,"Fórum Ambiental da Alta Paulista",,1
"Ae074c33e","ARTIGO","Avaliação da Presença de Nitrato e Coliformes em Águas Subterrâneas de Presidente Prudente - SP",2012,"Fórum Ambiental da Alta Paulista",,1
"A0e1f06a0","ARTIGO","EFEITO DA ADIÇÃO DE CARBOIDRATOS NO CRESCIMENTO DE BIOFILME EM REATOR ANAERÓBIO DE LEITO FLUIDIFICADO",2010,"HOLOS Environment (Online)",,1
"Aba0f84b0","ARTIGO","Denitrification coupled with methane anoxic oxidation and microbial community involved identification",2010,"Brazilian Archives of Biology and Technology (Impresso)","10.1590/s1516-89132011000100022",1
"Acfe2f282","LIVRO","Microplástico como vetor de transporte de metformina em meio aquoso",2023,"CID - Centro de Investigación y Desarrollo",,1
"A98c3fd8a","LIVRO","Influência do Encapsulamento do Biocarvão Ativado Produzido a partir de Casca de Banana com Alginato de Sódio para Remoção de Fósforo em Meio Aquoso",2022,"UFG",,1
"A362918cc","LIVRO","Remoção de Fósforo Associada à Clarificação de Meio Aquoso Utilizando Coagulantes Orgânicos",2022,,,1
"A05d43d14","LIVRO","Que tal Conhecermos um Pouco de Engenharia?",2021,,,1
"Aa3db403c","CONGRESSO_COMPLETO","Influencia do Microplástico na Eficiência de Clarificação por Processos de Flotação por Ar Dissolvido",2024,"XV Congresso Brasileiro de Gestão Ambiental",,1
"Af8fd4616","CONGRESSO_COMPLETO","Avaliação da Influência de Surfactante na Remoção de Turbidez em Água",2021,"Congresso Nacional de Saneamento da ASSEMAE",,1
"A1cdc9544","CONGRESSO_COMPLETO","UTILIZAÇÃO DE LODO DE ESTAÇÃO DE TRATAMENTO DE ESGOTO SANITÁRIO PARA PREPARO DE BIOCARVÃO ATIVADO PARA REMOÇÃO DE NITRATO EM MEIO AQUOSO",2019,"2º Congresso Sul-americano de Resíduos Sólidos e Sustentabilidade",,1
"A62adb51d","CONGRESSO_COMPLETO","REMOÇÃO DE FORMULAÇÃO COMERCIAL A BASE DE GLIFOSATO EM REATOR AERÓBIO DE LEITO FIXO",2019,"30º Congresso Brasileiro de Engenharia Sanitária e Ambiental",,1
"A228d345f","CONGRESSO_COMPLETO","AVALIAÇÃO DA EFICIÊNCIA NO TRATAMENTO ALTERNATIVO DE EFLUENTE DE ESTAMPARIA COM SEMENTES DE MORINGA OLEIFERA",2019,"30º Congresso Brasileiro de Engenharia Sanitária e Ambiental",,1
"A8f6fca4a","CONGRESSO_COMPLETO","USO DE LODO DE ESTAÇÃO DE TRATAMENTO DE EFLUENTE PARA PRODUÇÃO DE CARVÃO ATIVADO QUIMICAMENTE COM INDUÇÃO POR ENERGIA DE MICROONDAS",2018,"1 Congresso Sul-Americano de Resíduos Sólidos e Sustentabilidade",,1
"A2b77dd92","CONGRESSO_COMPLETO","BIOSSORVENTE PRODUZIDO A PARTIR DE SABUGO DE MILHO PARA REMOÇÃO DE NITRATO EM SOLUÇÕES AQUOSAS",2018,"1o Congresso Sul- Americano de Resíduos Sólidos e Sustentabilidade",,1
"Add6cf09e","CONGRESSO_COMPLETO","REMOÇÃO DE GLIFOSATO DE ÁGUAS DESTINADAS AO ABASTECIMENTO PÚBLICO NA ETAPA DE COAGULAÇÃO E FLOCULAÇÃO COM SULFATO DE ALUMÍNIO FERROSO E POLICLORETO DE ALUMÍNIO",2017,"3° Congresso Internacional da Rede de Saneamento e Abastecimento de Água - Resag",,1
"A9572a1fa","CONGRESSO_COMPLETO","ANÁLISE DA REPRESENTATIVIDADE DOS BIOINDICADORES UTILIZADOS EM ENSAIOS DE ECOTOXIDADE NA AMÉRICA LATINA",2017,"3° Congresso Internacional da Rede de Saneamento e Abastecimento de Água - Resag",,1
"A1a2b00e4","CONGRESSO_COMPLETO","APLICAÇÃO DO PROCESSO DE ELETROCOAGULAÇÃO/FLOTAÇÃO PARA REUSO DE ÁGUA PLUVIAL",2017,"3 Congresso Internacional Rede de Saneamento e Abastecimento de Água - Resag,",,1
"A8d48f138","CONGRESSO_COMPLETO","REMOÇÃO DE CAFEÍNA POR CARVÃO ATIVADO DE BORRA DE CAFÉ COM ATIVAÇÃO ALTERNATIVA EM CÁPSULAS DE ALUMÍNIO",2017,"3 Congresso Internacional de Rede de Saneamento e Abastecimento de Água - Resag,",,1
"Ad265a467","CONGRESSO_COMPLETO","Influência do Fósforo na Adsorção do Glifosato em Lodo de Estação de Tratamento de Água",2016,"17º Silubesa ? Simpósio Luso-Brasileiro de Engenharia Sanitária e Ambiental",,1
"Aca480c9e","CONGRESSO_COMPLETO","Investigação da Presença de Resíduos Farmacológicos em Águas Superficiais - O Caso dos Córregos Veado, Limoeiro e Cedro do Município de Presidente Prudente - SP",2014,"XI Congresso Nacional de Meio Ambiente de Poços de Caldas",,1
"A5d8c0501","CONGRESSO_COMPLETO","Avaliação da Presença de Compostos Farmacológicos nos Córregos do Cedro e Veado - Presidente Prudente? SP",2011,"26º Congresso Brasileiro de Engenharia Sanitária e Ambiental",,1
"A755d1ac7","CONGRESSO_COMPLETO","Influência dos Íons Cloreto e Sulfato no Processo de Desnitrificação Associado à Atividade de Organismos Metanotróficos",2007,"XVI Simpósiuo Nacional de Bioprocessos",,1
"A40ad85e0","CONGRESSO_COMPLETO","Comparação de Dois Materiais Suportes em Reator Contínuo de Leito Movél para a Remoção de Matérîa Orgânica e Nutrientes com Fases Intermitentes de Aeração.",2007,"24 Congresso Brasileiro de Engenharia Sanitária e Ambiental",,1
"Add0f3f8a","CONGRESSO_COMPLETO","Avaliação do potencial de uso do metano como doador de eletrons para a desnitrificação em reator anóxico horizotal de leito fixo",2005,"Simpósio Nacional de Bioprocessos",,1
"Af1c4f227","CONGRESSO_COMPLETO","Optimización de la determinación de ácidos volátiles como método de monitoreo y del desempleo de reactores anaerobios",2000,"VIII Congreso Nacional de Ingeniería Sanitaria y Ambiental",,1
"A122dd22f","CONGRESSO_RESUMO_EXP","Funcionalização de Magnetita com Ácido Oleico com Vista à Remoção de Microplásticos",2025,"II Simpósio de Recursos Hídricos, Hidráulica e Saneamento",,1
"Adf6a3694","CONGRESSO_RESUMO_EXP","Uso do Biocarvão Produzido a Partir de Casca de Coco Verde para Remoção do Corante Verde de Malaquita em Solução Aquosa",2025,"II Simpósio de Recursos Hídricos, Hidráulica e Saneamento",,1
"Ada83f625","CONGRESSO_RESUMO_EXP","Fluoride Removal from Aqueous Medium Using Coffee Grounds Biochar",2022,"14º Encontro Brasileiro sobre Adsorção",,1
"A7b4fdbad","CONGRESSO_RESUMO_EXP","Biochar Produced from Banana Peel for Adsorption of Nitrate in Aqueous Medium",2022,"14º Encontro Brasileiro sobre Adsorção",,1
"Ae131d140","CONGRESSO_RESUMO_EXP","Adsorption of ibuprofen in biochars: Trends in the production of biosorvents",2022,"14º Encontro Brasileiro sobre Adsorção",,1
"A2e2337c5","CONGRESSO_RESUMO_EXP","Removal of ibuprofen in aqueous medium by adsorption in biochar produced from coffee grounds and activated with hydrogen peroxide.",2022,"14º Encontro Brasileiro sobre Adsorção",,1
"A956f0189","CONGRESSO_RESUMO_EXP","Phosphorous removal with banana peel activated biochar beads",2022,"14º Encontro Brasileiro sobre Adsorção",,1
"Afa25ae32","CONGRESSO_RESUMO_EXP","Estudo sobre o costume da automedicação entre universitários de cursos noturnos de uma faculdade do interior de São Paulo",2012,"Encontro de Ensino, Pesquisa e Extensão",,1
"A8f1fce27","CONGRESSO_RESUMO_EXP","Avaliação da Qualidade da Gasolina Comum Tipo C comercializada na Cidade de Presidente Bernardes - SP",2012,"Encontro de Ensino, Pesquisa e Extensão",,1
"Ae4dd37a0","CONGRESSO_RESUMO_EXP","Utilização dos índices de qualidade da água (IQA) e de Estado Trófico IET) na caracterização sanitária do córrego dos Bandeirantes na cidade de Tarabai - SP",2012,"Encontro de Ensino, Pesquisa e Extensão",,1
"A2d682e97","CONGRESSO_RESUMO_EXP","Avaliação da Qualidade da Água Subterrânea em Dois Assentamentos de Teodoro Sampaio - SP",2012,"Encontro de Ensino, Pesquisa e Extensão",,1
"A09fde985","CONGRESSO_RESUMO_EXP","Avaliação da Qualidade da Água Subterrânea no Assentamento Santa Zélia no Município de Teodoro Sampaio - SP",2012,"Encontro de Ensino, Pesquisa e Extensão",,1
"Abd8d4726","CONGRESSO_RESUMO_EXP","Avaliação Técnica e Econômica do Reúso de Água de Lavadouras de Roupa em Sanitários Domésticos",2010,"Encontro de Ensino, Pesquisa e Extensão",,1
"A4ac72ba6","CONGRESSO_RESUMO_EXP","Avaliação da Remoção de Material Orgânico via Processo de Desnitrificação na Presença de Cianeto",2010,"Encontro de Ensino, Pesquisa e Extensão",,1
"A504957fa","CONGRESSO_RESUMO_EXP","Avaliação da Presença de Nitrato e Coliformes Totais em Águas Subterrâneas de Presidente Prudente/SP",2010,"Encontro de Ensino, Pesquisa e Extensão",,1
"Adeb3c5d6","CONGRESSO_RESUMO_EXP","Caracterização Microbiológica do Sistema de Lodos Ativados Utilizado para o Tratamento de Águas Residuárias de Presidente Prudente",2009,"Encontro de Ensino, Pesquisa e Extensão",,1
"A53ede71e","CONGRESSO_RESUMO","Análise da Eficiência da Eletrocoagulação na Remoção de Microplástico",2025,"33 Congresso Brasileiro de Engenharia Sanitária e Ambiental",,1
"A4ea70160","CONGRESSO_RESUMO","Capacidade de microplástico como vetor para transporte da metformina em meio aquoso sob diferentes teores de salinidade",2024,"Congresso de Pesquisa, Ensino e Extensão - CONPEEX",,1
"A19bad38e","CONGRESSO_RESUMO","Produção de Biocarvão a partir de Borra de Café por Meio da Co-Pirólise com Lodo De ETA e ETE para Remoção de Flúor em Meio Aquoso",2023,"51 Congresso Nacional de Saneamento da ASSEMAE",,1
"Ad572b2b2","APRESENTACAO","Borra de Café como Solução Sustentável: Produção e Avaliação de Biocarvões Ativados para a Remoção de Flúor em Meio Aquoso",2025,,,1
"A9b097c9d","APRESENTACAO","Análise da Eficiência da Eletrocoagulação na Remoção de Microplástico",2025,,,1
"Af444ba94","APRESENTACAO","Funcionalização de Magnetita com Ácido Oleico com Vista à Remoção de Microplásticos",2025,,,1
"Aed8791ec","APRESENTACAO","Remoção De Fósforo em Meio Aquoso por Biocarvão Produzido a partir da Copirolise de Lodo de Estação de Tratamento de Água (ETA) e Microplástico de Polietileno",2024,,,1
"A705164ac","APRESENTACAO","Influência do Microplástico na Eficiência de Clarificação por Processos de Flotação por Ar Dissolvido com Adição de Coagulante",2024,,,1
"Ad85fa8bd","APRESENTACAO","Microplástico de garrafas PET (politereftalato de etileno) como vetor para transporte de metformina em meio aquoso",2024,,,1
"Ac16b94a8","APRESENTACAO","Capacidade de microplástico como vetor para transporte da metformina em meio aquoso sob diferentes teores de salinidade",2024,,,1
"A4926e29c","APRESENTACAO","o Capacidade de microplástico como vetor para transporte da metformina em meio aquoso sob diferentes teores de salinidade",2024,,,1
"Aaab03bb7","APRESENTACAO","Produção de Biocarvão a partir de Borra de Café por Meio da Co-Pirólise com Lodo De ETA e ETE para Remoção de Flúor em Meio Aquoso",2023,,,1
"Ab77e0f56","APRESENTACAO","Microplástico como vetor de transporte de metformina em meio aquoso",2023,,,1
"Acdb329f9","APRESENTACAO","Utilização de lodo de estação de tratamento de esgoto sanitário para preparo de biocarvão imobilizado em gel de alginato de cálcio para remoção de nitrato em meio aquoso",2023,,,1
"Aa3b5b9d5","APRESENTACAO","Biochar Produced from Banana Peel for Adsorption of Nitrate in Aqueous Medium",2022,,,1
"A85651d7a","APRESENTACAO","Adsorption of ibuprofen in biochars: Trends in the production of biosorvents",2022,,,1
"Ab7719566","APRESENTACAO","Removal of ibuprofen in aqueous medium by adsorption in biochar produced from coffee grounds and activated with hydrogen peroxide.",2022,,,1
"Ae6a27326","APRESENTACAO","Phosphorous removal with banana peel activated biochar beads",2022,,,1
"A87d5c34d","APRESENTACAO","Fluoride Removal from Aqueous Medium Using Coffee Grounds Biochar",2022,,,1
"A9730e36f","APRESENTACAO","UTILIZAÇÃO DE LODO DE ESTAÇÃO DE TRATAMENTO DE ESGOTO SANITÁRIO PARA PREPARO DE BIOCARVÃO ATIVADO PARA REMOÇÃO DE NITRATO EM MEIO AQUOSO 2019",2019,,,1
"A40bd89a0","APRESENTACAO","PRODUÇÃO DE BIOCARVÃO A PARTIR DE BAGAÇO DE CANA-DE-AÇÚCAR PARA REMOÇÃO DE GLIFOSATO (FORMULAÇÃO COMERCIAL) EM MEIO AQUOSO",2018,,,1
"A4d69953b","APRESENTACAO","BIOSSORVENTE PRODUZIDO A PARTIR DE SABUGO DE MILHO PARA REMOÇÃO DE NITRATO EM SOLUÇÕES AQUOSAS",2018,,,1
"A2a689803","APRESENTACAO","DDEGRADAÇÃO DE FORMULAÇÃO COMERCIAL À BASE DE GLIFOSATO POR PROCESSO DESNITRIFICANTE UTILIZANDO REATOR SEQUENCIAL EM BATELADA COM BIOMASSA IMOBILIZADA",2018,,,1
"A83ca7246","APRESENTACAO","Produção de biossorvente assistida por energia de micro-ondas a partir de bagaço de cana-de-açúcar para tratamento de águas contaminadas com formulações comerciais de glifosato",2018,,,1
"A63655d5b","APRESENTACAO","USO DE LODO DE ESTAÇÃO DE TRATAMENTO DE EFLUENTE PARA PRODUÇÃO DE CARVÃO ATIVADO QUIMICAMENTE COM INDUÇÃO POR ENERGIA DE MICROONDAS",2018,,,1
"Ab731f307","APRESENTACAO","ANÁLISE DO ÍNDICE DE QUALIDADE DA ÁGUA DO RIBEIRÃO JOÃO LEITE PARA ABASTECIMENTO PÚBLICO",2017,,,1
"A33aaaaf1","APRESENTACAO","INFLUÊNCIA DO FÓSFORO NA ADSORÇÃO DO GLIFOSATO EM LODO DE ESTAÇÃO DE TRATAMENTO DE ÁGUA (ETA)",2016,,,1
"Abf672287","APRESENTACAO","TRATAMENTO DE EFLUENTES DE INDÚSTRIA FARMACÊUTICA POR MEIO DE UM REATOR OPERADO EM BATELADAS SEQUENCIAIS",2016,,,1
"Ada5ae71b","APRESENTACAO","INFLUÊNCIA DA CONCENTRAÇÃO DE FÓSFORO NA ADSORÇÃO DE GLIFOSATO EM ARGILA EXPANDIDA",2016,,,1
"A4dd5446b","APRESENTACAO","AVALIAÇÃO DO PROCESSO AERÓBIO NO TRATAMENTO DE ÁGUAS CONTAMINADAS COM GLIFOSATO.",2016,,,1
"Aa3a96243","APRESENTACAO","REMOÇÃO DE GLIFOSATO EM MEIO AQUOSO POR MEIO DA CLARIFICAÇÃO COM SULFATO DE ALUMÍNIO FERROSO E POLICLORETO DE ALUMÍNIO",2016,,,1
"A468b7e93","APRESENTACAO","REMOÇÃO DE GLIFOSATO EM MEIO AQUOSO POR MEIO DA CLARIFICAÇÃO COM SULFATO DE ALUMÍNIO E POLÍMERO NATURAL (TANFLOC)",2016,,,1
"A8283deb2","APRESENTACAO","OCORRÊNCIAS DE ILHA DE CALOR EM GOIÂNIA ? GO",2016,,,1
"A7eafd260","APRESENTACAO","INVESTIGAÇÃO DA PRESENÇA DE RESÍDUOS FARMACOLÓGICOS EM ÁGUAS SUPERFICIAIS - O CASO DOS CÓRREGOS VEADO, LIMOEIRO E CEDRO DO MUNICÍPIO DE PRESIDENTE PRUDENTE -SP",2014,,,1
"A9d4aeca5","APRESENTACAO","AVALIAÇÃO DA QUALIDADE DA ÁGUA SUBTERRÂNEA NO ASSENTAMENTO SANTA ZÉLIA NO MUNICÍPIO DE TEODORO SAMPAIO -SP",2012,,,1
"A28157282","APRESENTACAO","ESTUDO SOBRE O COSTUME DA AUTOMEDICAÇÃO ENTRE UNIVERSITÁRIOS DE CURSOS NOTURNOS DE UMA FACULDADE DO INTERIOR DE SÃO PAULO",2012,,,1
"A608609f5","APRESENTACAO","UTILIZAÇÃO DOS ÍNDICES DE QUALIDADE DA ÁGUA (IQA) E ESTADO TRÓFICO (IET) NA CARACTERIZAÇÃO SANITÁRIA DO CÓRREGO DOS BANDEIRANTES NA CIDADE DE TARABAI - SP",2012,,,1
"A120fba1c","APRESENTACAO","AVALIAÇÃO DA QUALIDADE DA GASOLINA COMUM TIPO C COMERCIALIZADA NA CIDADE DE PRESIDENTE BERNARDES-SP",2012,,,1
"Ad18f4283","APRESENTACAO","AVALIAÇÃO DA PRESENÇA E DIVERSIDADE DE COMPOSTOS FARMACOLÓGICOS NOS CÓRREGOS DO CEDRO E VEADO - PRESIDENTE PRUDENTE ? SP",2011,,,1
"Af24355ec","APRESENTACAO","AVALIAÇÃO DA PRESENÇA DE NITRATO E COLIFORMES TOTAIS EM ÁGUAS SUBTERRÂNEAS DE PRESIDENTE PRUDENTE - SP",2010,,,1
"A35121861","APRESENTACAO","AVALIAÇÃO DA REMOÇÃO DE MATERIAL ORGÂNICO VIA PROCESSO DE DESNITRIFICAÇÃO NA PRESENÇA DE CIANETO",2010,,,1
"Ae482ee60","APRESENTACAO","AVALIAÇÃO TÉCNICA E ECONÔMICA DO REÚSO DE ÁGUA DE LAVADORAS DE ROUPA EM SANITÁRIO DOMÉSTICO",2010,,,1
"A10dec4dc","APRESENTACAO","AVALIAÇÃO DA PRESENÇA DE COMPOSTOS FARMACOLÓGICOS NOS CÓRREGOS DO CEDRO E VEADO (PRESIDENTE PRUDENTE - SP): UMA PROPOSIÇÃO DE INDICADORES DE QUALIDADE DE ÁGUA",2010,,,1
"A69a66aa5","APRESENTACAO","CARACTERIZAÇÃO MICROBIOLÓGICA DO SISTEMA DE LODOS ATIVADOS UTILIZADO PARA O TRATAMENTO DE ÁGUAS RESIDUÁRIAS DE PRESIDENTE PRUDENTE",2009,,,1
"A0b57e34f","BANCA_MESTRADO","valiação da capacidade de reutilização do resíduo de grãos de cervejaria para remoção do corante reativo azul 5G de soluções aquosas",2025,"Universidade Federal de Goiás",,1
"A05f2badb","BANCA_MESTRADO","Transporte por adsorção e dessorção de cloridrato de metformina em microesferas de polietileno em meio aquoso",2024,"Universidade Federal de Goiás",,1
"A3a052765","BANCA_MESTRADO","Efeito do Tween 20 e alquilbenzeno sulfonato linear na coagulação de microplástico",2022,"Universidade Federal de Goiás",,1
"Af15cae38","BANCA_MESTRADO","Reúso agrícola de água na região dos afluentes goianos do Baixo Paranaíba",2022,"Universidade Federal de Goiás",,1
"A04f2713d","BANCA_MESTRADO",": Concepção e Avaliação de reator vertical de eletrocoagulação/flotação na remoção de alquilbenzeno linear sulfonado",2018,"Universidade Federal de Goiás",,1
"Aa7ab79e1","BANCA_MESTRADO","Avaliação Quali-Quantitativa da Presença de Agrotóxicos em Sedimentos do Reservatório do Ribeirão João Leite em Goiânia - GO",2016,"Universidade Federal de Goiás",,1
"A461bc202","BANCA_MESTRADO","Avaliação da Influência de Polímeros Hidroabsorventes na Degradação Biológica do Glifosato por Meio do Processo de Lodos Ativados",2014,"Universidade do Oeste Paulista",,1
"A586a1c73","BANCA_MESTRADO","Estudo da eficiência do tratamento biológico de efluentes através da otimização de parâmetros físico-químicos auxiliados pelo planejamento fatorial de experimentos",2013,"Universidade do Oeste Paulista",,1
"A6c1d8910","BANCA_MESTRADO","Avaliação da capacidade de reutilização do resíduo de grãos de cervejaria para remoção do corante reativo azul 5G de soluções aquosas",2025,"Universidade Federal de Goiás",,1
"A623f8cef","BANCA_MESTRADO","Desfluoretação de água para consumo humano por adsorção utilizando biocarvão produzido a partir de borra de café e modificado com lodo de estação de tratamento de água",2025,"Universidade Federal de Goiás",,1
"Ad6529b27","BANCA_MESTRADO","Transporte de cloridrato de metformina em microesferas de polietileno em meio aquoso",2024,"Universidade Federal de Goiás",,1
"A981b0e22","BANCA_MESTRADO","?Adsorção de metformina em biocarvão de lodo de estação de tratamento de efluente modificado com peróxido de hidrogênio com uso de planejamento experimental""",2023,"Universidade Federal de Goiás",,1
"Ab2230ed2","BANCA_MESTRADO","Avaliação do Desempenho no tratamento de água bruta para abastecimento de reator contínuo utilizando eletroflotofiltração",2018,"Universidade Federal de Goiás",,1
"A2beee1a4","BANCA_MESTRADO","Produção de Materiais Adsorventes para Remoção de Nitrato em Soluções Aquosas",2018,"Universidade Federal de Goiás",,1
"A3956526e","BANCA_MESTRADO","Remoção de glifosato em efluente sintético por meio de processo combinado H2O2/UV",2018,"Universidade Federal de Goiás",,1
"Af112776f","BANCA_MESTRADO","Recuperação de microalgas cultivadas em lagoa de estabilização por meio da floculação induzida por pH elevado",2018,"Universidade Federal de Goiás",,1
"A4ab6e655","BANCA_MESTRADO","Remoção de níquel em solução aquosa pela biomassa da bactéria Mucilaginibacter SP",2018,"Universidade Federal de Goiás",,1
"A31655a78","BANCA_MESTRADO","Avaliação do Ruído Ambienal Gerado pelo Trânsito Veicular no Trânsito do Setor Leste Universitário em Goiânia, Go, Brasil",2018,"Instituto Federal de Educação",,1
"A5c35322c","BANCA_MESTRADO","Remoção de glifosato em efluente sintético por meio de processo combinado de H2O2/UV",2017,"Universidade Federal de Goiás",,1
"A260c014e","BANCA_MESTRADO","Remoção de Etinilestradiol por Meio de Ozonização Fotocatalítica em Reator de Leito Fluidificado",2016,"Universidade Federal de Goiás",,1
"A9824cecd","BANCA_MESTRADO","Desempenho de um Reator Aeróbio de Leito Fixo no Tratamento de Água Contaminada com Glifosato sob Diferentes Concentrações de Fósforo",2016,"Universidade Federal de Goiás",,1
"A5cd51dec","BANCA_MESTRADO","Degradação de etinilestradiol por meio de fotocatálise heterogênea e radiação UV",2014,"Universidade Federal de Goiás",,1
"A02e56890","BANCA_MESTRADO","Processo oxidativo aplicado a paracetamol: fotodegradação por pentóxido de nióbio e UV",2014,"Universidade Federal de Goiás",,1
"A9ca8ea93","BANCA_MESTRADO","Estudo da qualidade da água utilizada para consumo Humano em Assentamentos de Teodoro Sampaio/SP",2013,"Universidade do Oeste Paulista",,1
"A62adc930","BANCA_ESPECIALIZACAO","Análise da viabilidade técnica do uso de biodigestores no tratamento da fração orgânica dos resíduos sólidos urbanos no município de Goiânia-GO",2024,"Universidade Federal de Goiás",,1
"A279aa420","BANCA_ESPECIALIZACAO","Tipos de tratamento de efluentes de indústrias de laticínios ? analise para diferentes portes",2023,"Universidade Federal de Goiás",,1
"A29b62fd9","BANCA_TCC","Microplásticos como Vetores de Metais Pesados em Ambientes Aquáticos: Uma Revisão Bibliográfica",2025,"Universidade Federal de Goiás",,1
"Aa9ed57cf","BANCA_TCC","Química medicinal: síntese e avaliação de fármacos, mecanismos",2024,"Universidade do Oeste Paulista",,1
"Ae2321ba8","BANCA_TCC","Diagnóstico Ambiental Da Qualidade De Águas Subterrâneas Em Áreas Periféricas Da Zona Sul de Presidente Prudente-SP",2024,"Universidade do Oeste Paulista",,1
"Ac2c808b0","BANCA_TCC","Transporte de fósforo em meio aquoso por resíduos de microplásticos provenientes de garrafas PET (polietileno tereftalato)",2024,"Universidade Federal de Goiás",,1
"Aa7b920c2","BANCA_TCC","Remoção de Microplástico do Meio Aquoso por Flotação com Ar Dissolvido",2024,"Universidade Federal de Goiás",,1
"A4dbc8bc5","BANCA_TCC","Estudo do Efeito do Surfactante LAS sobre a Coagulação de Microplástico Envelhecido",2023,"Universidade Federal de Goiás",,1
"A45ae7745","BANCA_TCC","Avaliação da Remoção de Fósforo utilizando Biossorvente Produzido a partir da Polpa do Baru (Dipteryx Alata)""",2023,"Universidade Federal de Goiás",,1
"A0ec670d1","BANCA_TCC","Avaliação do potencial de reúso agrícola em efluentes de ETE?s nas bacias hidrográficas dos rios São Marcos e São Bartolomeu: Foco nos critérios de qualidade.""",2022,"Universidade Federal de Goiás",,1
"A871af59f","BANCA_TCC","Remoção de Ibuprofeno em meio aquoso por adsorção em biocarvão produzido a partir de borra de café e ativado com água oxigenada",2022,"Universidade Federal de Goiás",,1
"Ae8b58c1c","BANCA_TCC","Otimização da remoção de nitrogênio e outros poluentes no sistema de tratamento de lixiviados do aterro sanitário de Goiânia",2021,"Universidade Federal de Goiás",,1
"Afce0e720","BANCA_TCC","?Influência do Encapsulamento do Biocarvão Ativado Produzido a partir de Casca de Banana com Alginato de Sódio para Remoção de Fósforo em Meio Aquoso?",2021,"Universidade Federal de Goiás",,1
"Ab14ae4b8","BANCA_TCC","Remoção de Fósforo Associada à Clarificação de Meio Aquoso Utilizando Coagulantes Orgânicos",2021,"Universidade Federal de Goiás",,1
"A97dcefdd","BANCA_TCC","Reúso agrícola como alternativa de abastecimento para irrigação em comunidades de agricultores familiares",2021,"Universidade Federal de Goiás",,1
"A089e7af7","BANCA_TCC","Elaboração do Inventário de Emissões de gases de efeito estufa da Universidade Federal de Goiás - Campus Goiânia",2021,"Universidade Federal de Goiás",,1
"Afc3b101a","BANCA_TCC","Reúso de Água em Indústrias: Aproveitamento do Efluente da Estação de Tratamento de Esgoto Lages, Aparecida de Goiânia ? GO",2021,"Universidade Federal de Goiás",,1
"Ac7198f57","BANCA_TCC","""Influência da Presença do Surfactante LAS na Remoção de Ibuprofeno por Adsorção em Biocarvão em Meio Aquoso",2021,"Universidade Federal de Goiás",,1
"Af4b14039","BANCA_TCC","Tratamento de efluente de estamparia por precipitação química",2017,"Universidade Federal de Goiás",,1
"Ada454071","BANCA_TCC","Avaliação ecotoxicológica de efluente têxtil com corante utilizando sementes de Lactuca sativa e Allium cepa",2017,"Universidade Federal de Goiás",,1
"A419c61a6","BANCA_TCC","Comparação de Dimensionamentos Entre Reatores Sequenciais em Batelada Operando com: Lodo Flocular e Granular",2017,"Universidade Federal de Goiás",,1
"Aa54bddc2","BANCA_TCC","Estudo para a adequação da concentração de fósforo de um efluente de indústria de refrigerante para lançamento em um corpo receptor Classe 2",2017,"Universidade Federal de Goiás",,1
"A0ceb60a3","BANCA_TCC","Desempenho de um reator de leito fixo operado em batelada sequencial no tratamento de efluente de indústria farmaceutica",2017,"Universidade Federal de Goiás",,1
"A2ff89f73","BANCA_TCC","Avaliação do Processo de Desnitrificação no Tratamento de Águas Contaminadas com Glifosato",2017,"Universidade Federal de Goiás",,1
"A7c500cc9","BANCA_TCC","Gestão Sustentável e Reciclagem de Resíduos Sólidos da Construção Civil no Município de Goiânia- GOnicí",2017,"Pontifícia Universidade Católica de Goiás",,1
"A43a71121","BANCA_TCC","Influência do Tipo de Equipamento na Determinação de Oxigênio Dissolvido em Estações de Tratamento de Esgoto",2017,"Pontifícia Universidade Católica de Goiás",,1
"A6ea56c5e","BANCA_TCC","Ecotoxidade de Efluente Sintético Proveniente do Tratamento por Eletrocoagulação de Água Residual contendo Alquilbenzeno Linear Sulfonado (LAS)",2017,"Universidade Federal de Goiás",,1
"A88805b0d","BANCA_TCC","Diagnóstico das Condições Ambientais das Nascentes do Córrego Campo Alegre do Município de Campo Alegre de Goiás - GO",2016,"Pontifícia Universidade Católica de Goiás",,1
"A89c587c2","BANCA_TCC","Diagnóstico Ambiental do Córrego Gueiroba no Município de Edealina -GO",2016,"Pontifícia Universidade Católica de Goiás",,1
"Abd12ce50","BANCA_TCC","Desempenho de um reator aeróbio-anóxico de leito fixo operado em bateladas sequenciais no tratamento de efluentes industrial de indústria farmacêutica",2016,"Universidade Federal de Goiás",,1
"Adf60930f","BANCA_TCC","Remoção de glifosato a partir de efluente industrial utilizando ozonização fotocatalítica com dióxido de titânio",2016,"Universidade Federal de Goiás",,1
"A61b3306d","BANCA_TCC","Remoção de etinilestradiol em concentrações típicas de efluente farmaceutico utilizando processos oxidativos avançados",2016,"Universidade Federal de Goiás",,1
"A64b32954","BANCA_TCC","Processo Biológico em reator de leito fluifidificado visando o tratamento de águas residuárias de oriegem farmaceutica",2016,"Universidade Federal de Goiás",,1
"A2b3d7070","BANCA_TCC","Avaliação do processo aeróbio no tratamento de águas contaminadas com glifosato",2016,"Universidade Federal de Goiás",,1
"Adbac06ec","BANCA_TCC","Desempenho de um reator operado em batelada sequencial para o tratamento de efluente de indústria farmaceutica",2016,"Universidade Federal de Goiás",,1
"Adbd89bfa","BANCA_TCC","Degradação do corante tartrazina por fotocatálise",2016,"Universidade Federal de Goiás",,1
"A92c597f0","BANCA_TCC","Identificação de Ilhas de Calor em Goiânia - GO",2016,"Pontifícia Universidade Católica de Goiás",,1
"A8428f015","BANCA_TCC","Potencial econômico dos resíduos sólidos urbanos secos passíveis de reciclagem do município de Adelândia /GO",2016,"Pontifícia Universidade Católica de Goiás",,1
"A9d9dc957","BANCA_TCC","Remoção De Glifosato Em Meio Aquoso Por Meio da Clarificação com Sulfato de Alumínio Ferroso e Policloreto de Alumínio",2016,"Pontifícia Universidade Católica de Goiás",,1
"A61b6d33c","BANCA_TCC","Influência da presença de fósforo na remoção de glifosato por meio de adsorção em lodo proveniente de estação de tratamento de água (ETA)",2016,"Pontifícia Universidade Católica de Goiás",,1
"A38f86e1a","BANCA_TCC","Inundações Urbanas e Seus Riscos Ambientais",2014,"Faculdade Araguaia",,1
"A0fcc4432","BANCA_TCC","Utilização do Gesso da Construção Civil como Incremento no Desenvolvimento de Crotalaria Retusa L. na Recuperação de Áreas Degradadas",2014,"Faculdade Araguaia",,1
"Aed415522","BANCA_TCC","Desempenho de um Reator Anaeróbio Operado em Batelada Sequencial para o Tratamento de Efluentes de Indústria Farmacêutica",2014,"Universidade Federal de Goiás",,1
"A7357cc1f","ORIENTACAO_MESTRADO","Ativação de Biocarvão Produzido a partir da Casca de Coco por Meio dos Processos Fenton e Foto ? Fenton para Remoção de Corantes Catiônicos em Soluções Aquosas",2025,"Universidade Federal de Goiás",,1
"A6737ab43","ORIENTACAO_MESTRADO","Transporte de glifosato em meio aquoso por partículas de microplástico de politereftalato de etileno (PET): avaliação do mecanismo e da toxicidade;",2024,"Universidade Federal de Goiás",,1
"A1699d62a","ORIENTACAO_MESTRADO","Remoção de Fósforo em Meio Aquoso por Biocarvão Produzido a partir da Copirolise de Lodo de Estação de Tratamento de Água (ETA) e Microplástico de Polietileno",2024,"Universidade Federal de Goiás",,1
"Ad6ac8c3c","ORIENTACAO_MESTRADO","Remoção de fluor em meio aquoso utilizando biocarvão produzido a partir da borra de café e modificado com lodo de estação de tratamento de água (ETA)",2023,"Universidade Federal de Goiás",,1
"A7c626cb2","ORIENTACAO_IC","Fitotoxicidade de partículas de microplásticos adsorvidas com glifosato em sementes de Lactuca sativa",2025,"Universidade Federal de Goiás",,1
"A162f36e5","ORIENTACAO_MESTRADO","Estudo da capacidade de adsorção e dessorção de cloridrato de metformina em microplásticos",2024,"Universidade Federal de Goiás",,1
"A74d9535c","ORIENTACAO_MESTRADO","Uso de lodo de Estação de Tratamento de Efluentes para preparo de adsorventes para remoção de metformina em meio aquoso",2023,"Universidade Federal de Goiás",,1
"A97d8a010","ORIENTACAO_MESTRADO","Remoção de fluoreto de meio aquoso utilizando biocarvão produzido a partir de borra de café e funcionalizado com peróxido de hidrogênio (H2O2)",2022,"Universidade Federal de Goiás",,1
"A4e821255","ORIENTACAO_MESTRADO","Utilização de biocarvão e carvão ativado obtidos de sabugo de milho para tratamento de água contendo formulação comercial de glifosato",2020,"Universidade Federal de Goiás",,1
"A940ae3d2","ORIENTACAO_MESTRADO","Produção de Materiais Adsorventes para Remoção de Nitrato em Meio Aquoso",2019,"Universidade Federal de Goiás",,1
"Aebdb6f79","ORIENTACAO_MESTRADO","Avaliação do processo de eletro-coagulação-flotação na remoção de surfactantes utilizando reator tubular",2018,"Universidade Federal de Goiás",,1
"A5b8090a1","ORIENTACAO_MESTRADO","Influência da concentração de fósforo e do meio suporte na remoção biológica de glifosato em reator desnitrificante",2017,"Universidade Federal de Goiás",,1
"A0ac1c8ed","ORIENTACAO_MESTRADO","Avaliação da qualidade da água subterrânea em dois assentamentos de Teodoro Sampaio - SP",2012,"Universidade do Oeste Paulista",,1
"Ae00d2a2c","ORIENTACAO_ESPECIALIZACAO","Análise da Exposição de Riscos Químicos em Postos Revendedores de Combustíveis por meio da Aplicação de Técnicas de Análise Preliminar de Risco (APR)",2020,"Universidade Federal de Goiás",,1
"Aea4175b4","ORIENTACAO_ESPECIALIZACAO","Avaliação da Aceitabilidade para Replicação do Biodigestor pelas Familias dos Estudantes Da EFAU (Escola Famílía Agrícola de Uirapurú/Go)",2020,"Universidade Federal de Goiás",,1
"Ada87e146","ORIENTACAO_ESPECIALIZACAO","Uso de Tecnologias Individuais de Tratamento de Água Utilizada para Consumo Humano no Setor Condomínio Shangri-Lá, Goiânia/GO",2020,"Universidade Federal de Goiás",,1
"A18eba17d","ORIENTACAO_TCC","Microplásticos como Vetores de Metais Pesados em Ambientes Aquáticos: Uma Revisão BibliográficaMicroplásticos como Vetores de Metais Pesados em Ambientes Aquáticos: Uma Revisão Bibliográfica",2025,"Universidade Federal de Goiás",,1
"A0d2e7631","ORIENTACAO_TCC","Remoção de fósforo por adsorção em biossorvente produzido a a partir de polpa de baru",2022,"Universidade Federal de Goiás",,1
"Ad5749f35","ORIENTACAO_TCC","Remoção de Ibuprofeno por adsorção em biocarvão produzido a partir de borra de café e ativado com água oxigenada",2022,"Universidade Federal de Goiás",,1
"Ad46f9ab2","ORIENTACAO_TCC","B. de Oliveira e Luanna G. Guimarães. Influência do encapsulamento do biocarvão ativado produzido a partir de casca de banana com alginato de sódio para remoção de fósforo em meio aquoso",2021,"Universidade Federal de Goiás",,1
"Adff6a31b","ORIENTACAO_TCC","Utilização de Lodo de Estação de Tratamento de Esgoto Sanitário para Preparo de Biocarvão Adsorvente Imobilizado em Gel de Alginato de Cálcio para Remoção de Nitrato em Meio Aquoso",2019,"Universidade Federal de Goiás",,1
"A5d0394db","ORIENTACAO_TCC","Utilização de Lodo de ETE para Preparo de Biocarvão para Remoção de Nitrato em Meio Aquoso",2019,"Universidade Federal de Goiás",,1
"A9abf1c78","ORIENTACAO_TCC","Influência da Pré-Cloração na Tratabilidade de Água Utilizando Semente de Moringa Oleifera como Coagulante",2019,"Universidade Federal de Goiás",,1
"A713ad92f","ORIENTACAO_TCC","Biocarvão Produzido a partir de Lodo de Estação de Tratamento de Esgoto para Remoção de Corante Tartrazina",2019,"Universidade Federal de Goiás",,1
"A579cf6bb","ORIENTACAO_TCC","Estudo da Dinâmica Sazonal e Longitudinal de Parâmetros Abióticos no Rio Meia Ponte após o Lançamento de Efluente da Estação de Tratamento de Esgoto Dr. Helio Seixo de Britto",2018,"Universidade Federal de Goiás",,1
"A06e970d0","ORIENTACAO_TCC","Remoção de Glifosato de Meio Aquoso Utilizando Biossorvente Preparado a partir de Sabugo de Milho",2018,"Universidade Federal de Goiás",,1
"A949bab35","ORIENTACAO_TCC","Avaliação da Eficiência no Tratamento Alternativo de Efluente de Estamparia com Sementes de Moringa Oleifera",2018,"Universidade Federal de Goiás",,1
"A0a2f80ca","ORIENTACAO_TCC","Ecotoxidade de Efluente Sintético Proveniente do Tratamento por Eletrocoagulação de Água Residual contendo Alquilbenzeno Linear Sulfonado (LAS)",2018,"Universidade Federal de Goiás",,1
"A40b0d435","ORIENTACAO_TCC","Avaliação de implementação do plano de gerenciamento de resíduos sólidos de serviços de saúde ? PGRSS: Estudo de caso em uma clínica odontológica",2014,"Faculdade Araguaia",,1
"Afda29f39","ORIENTACAO_TCC","Apresentação das práticas de educação ambiental utilizadas em escolas do ensino fundamental da rede particular no município de Goiânia",2014,"Faculdade Araguaia",,1
"A267ddea7","ORIENTACAO_TCC","Estudo da destinação dos pneus inservíveis em Goiânia-GO",2014,"Faculdade Araguaia",,1
"A57ee6aef","ORIENTACAO_TCC","Avaliação da produção do tijolo ecológico a partir de resíduos de construção civil: Um enfoque ambiental",2014,"Faculdade Araguaia",,1
"A5fd1c418","ORIENTACAO_TCC","Utilização da seringueira hevea brasiliensis müell. Arg. para a recuperação de áreas degradadas",2014,"Faculdade Araguaia",,1
"A09f5a61a","ORIENTACAO_TCC","Análise ergonômica com a aplicação do método OWAS: Estudo de caso em indústria de cerâmica vermelha no Município de Vianópolis- GO",2014,"Pontifícia Universidade Católica de Goiás",,1
"A8ad8ccc8","ORIENTACAO_TCC","Diagnóstico ambiental e propostas de ações corretivas para um canteiro de obras de uma rodovia em Doverlândia - GO",2014,"Pontifícia Universidade Católica de Goiás",,1
"Adb7df4f2","ORIENTACAO_TCC","Análise da eficiência de calçadas ecológicas como sistema de drenagem sustentável nos centros urbanos: Estudo de caso no Parque Flamboyant",2014,"Pontifícia Universidade Católica de Goiás",,1
"A468fa14e","ORIENTACAO_TCC","Diagnóstico do Gerenciamento dos Resíduos de Serviços de Saúde nos Postos de Saúde do Município de Nerópolis - GO",2014,"Pontifícia Universidade Católica de Goiás",,1
"Ae234958a","ORIENTACAO_TCC","Implantação de um programa de coleta seletiva para uma indústria de revestimentos cerâmicos em Anápolis- GO",2014,"Faculdade Araguaia",,1
"A58043951","ORIENTACAO_TCC","O consórcio intermunicipal de aterro sanitário como alternativa para erradicação de lixões",2014,"Faculdade Araguaia",,1
"Afe22d263","ORIENTACAO_TCC","Licenciamento ambiental dos postos revendedores de combustíveis em Goiânia - GO",2014,"Faculdade Araguaia",,1
"A9d21b8cd","ORIENTACAO_TCC","Levantamento dos riscos ambientais e importância do uso de EPI's em cooperativa de coleta e reciclagem de resíduos sólidos",2014,"Faculdade Araguaia",,1
"A858d047f","ORIENTACAO_TCC","Utilização do lodo de esgoto como adubo nas atividades de silvicultura",2014,"Faculdade Araguaia",,1
"A14411e1d","ORIENTACAO_TCC","Utilização do lodo de estações de tratamento de esgoto na recuperação de áreas degradadas",2014,"Faculdade Araguaia",,1
"A9777d5a2","ORIENTACAO_TCC","Avaliação da qualidade da gasolina comum, tipo C, comercializada no município de Presidente Bernardes - SP",2013,"Universidade do Oeste Paulista",,1
"Abf5821ef","ORIENTACAO_TCC","Risse e Michele Silvestre. Quantificação de nitrato em alface tipo crespa comercializada no interior do oeste paulista",2013,"Universidade do Oeste Paulista",,1
"A3a2c239a","ORIENTACAO_TCC","Santos e Fernanda R. Borchert. Avaliação da qualidade físico-química e microbiológica da água subterrânea em poços artesianos localizados no município de teodoro Sampaio - SP",2013,"Universidade do Oeste Paulista",,1
"A54c1f7e5","ORIENTACAO_TCC","Avaliação da eficiência do sistemas de lagoas utilizado para o tratamento de efluentes de um frigorífico",2013,"Universidade do Oeste Paulista",,1
"A95565bd2","ORIENTACAO_TCC","Eficácia do processo de remoção de umidade na fabricação de gelatina",2012,"Universidade do Oeste Paulista",,1
"A183964a4","ORIENTACAO_TCC","Utilização do índice de qualidade de águas (IQA) na caracterização sanitária do córrego dos Bandeirantes no município de Tarabai ? SP",2012,"Universidade do Oeste Paulista",,1
"A7953bae4","ORIENTACAO_TCC","Utilização do índice de estado trófico (IET) na caracterização sanitária do córrego dos Bandeirantes no município de Tarabai ? SP",2012,"Universidade do Oeste Paulista",,1
"A9edcd3ee","ORIENTACAO_TCC","VICENTINI; SHARISY H. ALVES; VALÉRIA G. OLIVEIRA. AVALIAÇÃO DA PRESENÇA DE NITRATO E COLIFORMES TOTAIS EM ÁGUAS SUBTERRÂNEAS DE PRESIDENTE PRUDENTE-SP",2010,"Universidade do Oeste Paulista",,1
"A287c2de8","ORIENTACAO_TCC","NASCIMENTO. AVALIAÇÃO DA REMOÇÃO DE MATERIAL ORGÂNICO VIA PROCESSO DE DESNITRIFICAÇÃO NA PRESENÇA DE CIANETO",2010,"Universidade do Oeste Paulista",,1
"Aac488054","ORIENTACAO_TCC","de Lima. Avaliação dos processos biológicos empregados no tratamento de efluentes de fecularia - revisão de literatura",2010,"Universidade do Oeste Paulista",,1
"Ad4cf6a99","ORIENTACAO_TCC","Levantamento dos riscos ambientais devido às atividades industriais do setor sucroalcooleiro",2009,"Universidade do Oeste Paulista",,1
"Afeb870bc","ORIENTACAO_IC","Ação de Particulas de Microplastico no Transporte de Contaminantes no Meio Liquido ? Uma Revisão Sistematizada da Literatura",2025,"Universidade Federal de Goiás",,1
"Aa3f70704","ORIENTACAO_IC","Influência Da Salinidade na Adsorção/Dessorção de Metformina em Resíduos de Microplásticos Provenientes De Garrafas PET",2024,"Universidade Federal de Goiás",,1
"A7be7f9a1","ORIENTACAO_IC","Produção de Biocarvão a partir da Co-Pirólise de Lodo de Estação de Tratamento de Água e Microplástico para remoção de Metformina em Meio Aquoso",2024,"Universidade Federal de Goiás",,1
"A490f9866","ORIENTACAO_IC","Análise Cienciométrica sobre o Reúso de Água na Agricultura: Tendências no Brasil e no Mundo",2022,"Universidade Federal de Goiás",,1
"A5772fb87","ORIENTACAO_IC","Utilização de tanino vegetal para tratamento de efluentes têxteis ? Revisão da Literatura",2021,"Universidade Federal de Goiás",,1
"A36b09134","ORIENTACAO_IC","Influência da Concentração de Fósforo na Remoção de Surfactante LAS em Meio Aquoso Utilizando Resíduo de Milho como Carvão Ativado",2020,"Universidade Federal de Goiás",,1
"Ac97edb39","ORIENTACAO_IC","Adsorção de Nitrato em Meio Aquoso em Carvão Ativado Produzido a partir da Casca de Banana",2019,"Universidade Federal de Goiás",,1
"A07061e8d","ORIENTACAO_IC","Uso de Carvão Ativado Produzido a partir de Casca de Banana para Remoção de Fósforo em Meio Aquoso",2019,"Universidade Federal de Goiás",,1
"Aaf80fb56","ORIENTACAO_IC","Tratamento de Água Contaminada com Glifosato por Meio do Processo de Adsorção em Carvão Ativado Produzido a partir do Bagaço da Cana-de-Açúcar",2018,"Universidade Federal de Goiás",,1
"A669c3eaa","ORIENTACAO_IC","Avaliação de Processo Desnitrificante no Tratamento de Águas Contaminadas com Glifosato",2017,"Universidade Federal de Goiás",,1
"A313ec58e","ORIENTACAO_IC","PRODUÇÃO DE BIOSSORVENTE ASSISTIDA POR ENERGIA DE MICROONDAS A PARTIR DO BAGAÇO DE CANA-DE-AÇUCAR PARA TRATAMENTO DE ÁGUA CONTAMINADA COM FORMULAÇÕES COMERCIAIS DE GLIFOSATO",2017,"Universidade Federal de Goiás",,1
"A18370684","ORIENTACAO_IC","Avaliação do Processo aeróbio no tratamento de águas contaminadas com glifosato",2016,"Universidade Federal de Goiás",,1
"Ad6a9268f","ORIENTACAO_IC","Influência da presença de fósforo na remoção de glifosato por meio de adsorção em lodo proveniente de Estação de Tratamento de Água (ETA)",2016,"Pontifícia Universidade Católica de Goiás",,1
"Add8a2b00","ORIENTACAO_IC","Remoção de glifosato em meio aquoso por meio da clarificação com sulfato de alumínio ferroso e policloreto de alumínio (PAC)",2016,"Pontifícia Universidade Católica de Goiás",,1
"A5f7e2f49","ORIENTACAO_IC","Remoção de glifosato em meio aquoso por meio da clarificação com sulfato de alumínio e polímero natural (TANFLOC)",2016,"Pontifícia Universidade Católica de Goiás",,1
"Addc64c37","ORIENTACAO_IC","Degradação biológica do glifosato em reator desnitrificante",2015,"Universidade Federal de Goiás",,1
"A942cf046","ORIENTACAO_IC","Influência do glifosato na remoção de fósforo via coagulação/floculação utilizando como coagulante lodo de Estação de Tratamento de Água (ETA)",2015,"Pontifícia Universidade Católica de Goiás",,1
"A721363d4","ORIENTACAO_IC","Remoção de glifosato em meio aquoso por meio da clarificação com cloreto férrico",2015,"Pontifícia Universidade Católica de Goiás",,1
"A3b823ff8","ORIENTACAO_IC","REMOÇÃO DE GLIFOSATO E TURBIDEZ EM MEIO AQUOSO POR MEIO DA CLARIFICAÇÃO COM SULFATO DE ALUMÍNIO E POLÍMERO NATURAL (TANFLOC)",2015,"Pontifícia Universidade Católica de Goiás",,1
"Ab938a9a2","ORIENTACAO_IC","Estudo sobre o costume da automedicação entre universitários de cursos noturnos de uma faculdade do interior de São Paulo",2012,"Universidade do Oeste Paulista",,1
"A63acbcd1","ORIENTACAO_IC","Batista; Nikele M. Milani; Rodrigo H. S. Fernande. Utilização dos índices de qualidade da água (IQA) e de Estado Trófico IET) na caracterização sanitária do córrego dos Bandeirantes na cidade de Tarabai - SP",2011,"Universidade do Oeste Paulista",,1
"Af86a13b4","ORIENTACAO_IC","Avaliação da Presença de Compostos Farmacológicos no Córrego do Cedro (Presidente Prudente - SP); Uma Proposição de Indicadores de Qualidade de Água",2011,"Universidade do Oeste Paulista",,1
"Ab224dd16","ORIENTACAO_IC","Vicentini; Sharisy Horácio Alves;Tânia Martins. Avaliação da presença de nitrato e coliformes totais em águas subterrâneas de Presidente Prudente - SP",2011,"Universidade do Oeste Paulista",,1
"Ae1424dfe","ORIENTACAO_IC","Avaliação do uso de plantas medicinais entre acadêmicos de uma universidade do Oeste Paulista",2011,"Universidade do Oeste Paulista",,1
"A8028e4c5","ORIENTACAO_IC","Caracterização microbiológica do sistema de lodos ativados utilizado para o tratamento de águas residuárias de Presidente Prudente - SP",2010,"Universidade do Oeste Paulista",,1
"A62b0f7ca","ORIENTACAO_IC","Avaliação da Remoção de Material Orgânico via Processo de Desnitrificação na Presença de Cianeto",2010,"Universidade do Oeste Paulista",,1
"Af9f5aca9","ORIENTACAO_OUTRA","Estágio curricular obrigatório",2024,"Universidade Federal de Goiás",,1
"A7c044746","ORIENTACAO_OUTRA","Estágio curricular obrigatório - Metropolitana Serviços Ambientais",2023,"Universidade Federal de Goiás",,1
"A4cc0ef3a","ORIENTACAO_OUTRA","Orientação Estágio Obrigatório",2023,"Universidade Federal de Goiás",,1
"A9e374fb7","ORIENTACAO_OUTRA","Orientação de Estágio Supervisionado Obrigatório - EngenhariaAmbiental e Sanitaria",2023,"Universidade Federal de Goiás",,1
"Aee88bcd0","ORIENTACAO_OUTRA","Defesa de Relatório de Estágio EECA 111/2022",2022,"Universidade Federal de Goiás",,1
"A8c632f0a","PROJETO_PESQUISA","Estudo da viabilidade técnica e econômica para desenvolvimento ds Arranjos Produtivos Locais (APL) de produtores de cachaça do Estado de Goiás",2024,,,1
"Acbb557a0","PROJETO_PESQUISA","Projeto MAI/DAI (Programa de Mestrado e Doutorado com empresas para a Inovação).",2023,"Conselho Nacional de Desenvolvimento Científico e Tecnológico",,1
"Abed6e1da","PROJETO_PESQUISA","Processo de eliminação de etileno utilizando carvão ativado à base de Dipteryx alata Vog. resíduos",2022,,,1
"A674bfaf3","PROJETO_PESQUISA","Estudo e aplicação do método MSA (Meat Standards Australia) em colaboração com a França - Brasil",2021,"Campus France - Cooperação / Fundação de Amparo a Pesquisa do Estado de Goiás",,1
"A75689c74","PROJETO_PESQUISA","Detecção de micropoluentes ftalatos migrantes da embalagem para o alimento em diferentes regiões brasileiras",2021,,,1
"A899fa4e7","PROJETO_PESQUISA","Materiais adsorventes potencializados elaborados a partir de Resíduos Agroindustriais a serem aplicados em Processos Oxidativos Avançados na eliminação de Contaminants of emerging concern (CECs) .",2020,"Fundação de Amparo a Pesquisa do Estado de Goiás",,1
"A4a31e513","PROJETO_PESQUISA","Utilização de Energia Solar no Tratamento de Poluentes Emergentes Presentes em Efluentes Agrícolas e Agroindustriais",2019,"Conselho Nacional de Desenvolvimento Científico e Tecnológico",,1
"Aaac34cbc","PROJETO_PESQUISA","Utilização de Plantas Alimentícias não convencionais (PANC) na formulação de alimentos",2017,,,1
"A56c4b4fd","PROJETO_PESQUISA","Implantação de Processos Oxidativos Avançados no Tratamento de Poluentes Emergentes",2015,,,1
"A1f2086a1","PROJETO_PESQUISA","Estudo e Desenvolvimento de Tecnologias Acopladas para o Tratamento de Efluente Agroindustrial",2012,"Conselho Nacional de Desenvolvimento Científico e Tecnológico",,1
"A8b2ac5cf","PROJETO_PESQUISA","Implantação de um Piloto de tratamento terciário de efluentes industriais com uso simultâneo de ozônio/carvão ativado",2008,"Agence de l'eau Loire-Bretagne",,1
"A5ffb8914","PROJETO_PESQUISA","Identificação de micropoluentes presentes em áreas industriais",2006,,,1
"A9dd75047","PROJETO_EXTENSAO","I Congresso do Centro-Oeste de Produção, Inovação e Segurança de Alimentos.",2023,"Fundação de Amparo a Pesquisa do Estado de Goiás",,1
"A17cd73f5","PROJETO_EXTENSAO","Internacionalização, Qualificação e Expansão do Programa de Pós-graduação em Ciência e Tecnologia de Alimentos (PPGCTA) da UFG",2022,"Universidade Federal de Goiás",,1
"Ae66e9f68","PROJETO_EXTENSAO","Caracterização físico-química, microbiológica e funcional do mel : influência das épocas de floração",2021,,,1
"A53d4a9be","PROJETO_EXTENSAO","Alimentos em Ação",2020,,,1
"A1fceb37e","PROJETO_EXTENSAO","BRAFAGRI - Brasil France Agriculture",2019,,,1
"Abeba690e","PROJETO_EXTENSAO","Agricultura Sustentável: Valorização dos resíduos de baru (Dipteryx alata) e de cacau (Theobroma cacao).",2022,,,1
"Ae993a8fe","PROJETO_EXTENSAO","Utilização de Energia Solar no Tratamento de Poluentes Emergentes Presentes em Efluentes Agrícolas e Agroindustriais",2018,,,1
"Aafd4686b","ARTIGO","Towards the sustainable preservation of climacteric fruit by ethylene removal using MnxOy-carbon composites derived from agrifood waste",2026,"JOURNAL OF ENVIRONMENTAL CHEMICAL ENGINEERING","10.1016/j.jece.2026.123673",1
"A94f9125d","ARTIGO","Effect of Monomaterial and Multimaterial Packaging on the Stability of Bioactive Compounds and Lipid Oxidation in Roasted Arabica Coffee",2026,"PROCESSES","10.3390/pr14111740",1
"A90d53695","ARTIGO","The development of protein biscuits for pets containing pro-teinrich baru residue (Dipterix alata Vog)",2025,"CADERNO PEDAGÓGICO (LAJEADO. ONLINE)","10.54033/cadpedv22n1-182",1
"Aa8ee47a0","ARTIGO","Food-related properties and composition of cocoa honey (Theobroma cacao L.): An integrated investigation",2025,"FOOD RESEARCH INTERNATIONAL","10.1016/j.foodres.2025.115694",1
"A182b204a","ARTIGO","Prediction of marbling score in ribeye quartered at the 5th- 6th rib of French beef using the Q-FOM- beef assessment camera",2025,"MEAT SCIENCE","10.1016/j.meatsci.2025.109759",1
"Aa9d16cf5","ARTIGO","Removal of amoxicillin, phenol, and diethyl phthalate using activated carbon from murici seeds (Byrsonima crassifolia L. Kunth)",2025,"DESALINATION AND WATER TREATMENT (ONLINE)","10.1016/j.dwt.2025.101134",1
"Ac19d8030","ARTIGO","Influence of cultivation region on color, volatile compounds, phenolics, and antioxidant activity of Arabica coffee (Coffea arabica) Catuaí cultivar in Brazil",2025,"CIÊNCIA E TECNOLOGIA DE ALIMENTOS (ONLINE)","10.5327/fst.00464",1
"Ad5f0df1e","ARTIGO","Kinetics of volatile aromatic compound production during the aging of cachaça in different types of wood",2025,"CIÊNCIA E TECNOLOGIA DE ALIMENTOS (ONLINE)","10.5327/fst.00455",1
"A88c3430b","ARTIGO","Innovative molybdenum disulfide/reduced graphene oxide@MIL 53 (nickel) catalyst for simultaneous real-time wastewater treatment and energy production",2025,"JOURNAL OF POWER SOURCES","10.1016/j.jpowsour.2025.237828",1
"Ab98f245e","ARTIGO","Solar-driven sustainable process combined with heterogeneous photocatalysis (TiO-): degradation of penicillin and indigo carmine blue dye",2025,"CADERNO PEDAGÓGICO (LAJEADO. ONLINE)","10.54033/cadpedv22n9-085",1
"A31448da9","ARTIGO","Analysis of biometrics and soluble solids of sugarcane in different pro-duction locations in Goiás: Implications for cachaça quality",2025,"OBSERVATORIO DE LA ECONOMÍA LATINOAMERICANA","10.55905/oelv23n3-149",1
"A4223a240","ARTIGO","Influence of mastruz extract (Chenopodium ambrosioides) incorporation on the quality parameters of natural yogurt.",2025,"CADERNO PEDAGÓGICO (LAJEADO. ONLINE)","10.54033/cadpedv22n8-235",1
"A1243e48b","ARTIGO","Impact of Dysphania ambrosioides L. extract on the selected quality characteristics of orange-acerola sorbets",2025,"Emirates Journal of Food and Agriculture","10.3897/ejfa.2025.127685",1
"A53f8d7bd","ARTIGO","Activated carbons from Baru (Dipteryx alata Vog.) waste impregnated with copper oxide: application in the postharvest preservation of bananas",2025,"CIÊNCIA E TECNOLOGIA DE ALIMENTOS (ONLINE)","10.5327/fst.507",1
"A11577c2f","ARTIGO","Perfil químico, antioxidante e cromatográfico de cachaça envelhecida em tonéis de carvalho americano, castanha-do-pará, amburana e bálsamo em 12 meses",2025,"OBSERVATORIO DE LA ECONOMÍA LATINOAMERICANA","10.55905/oelv23n2-080",1
"Add4be523","ARTIGO","Use of murici (Byrsonima crassifolia) and jabuticaba (Plinia cauliflora) residues in the preparation of porous materials: Effect of pH on the adsorption efficiency of the contaminants phenol, diethylphthalate and amoxicillin",2024,"Desalination and Water Treatment","10.1016/j.dwt.2024.100110",1
"A6006d52a","ARTIGO","OCCURRENCE OF DIETHYL PHTHALATE (DEP) IN FOOD USING DIFFERENT PACKAGING: DETECTION AND TRACEABILITY",2024,"QUIMICA NOVA","10.21577/0100-4042.20240019",1
"Aa1b0ec06","ARTIGO","Heterostructure-induced interfacial charge transfer interaction in CoS/CoO@NAC nanosheets as a bi-functional electrocatalyst for water-splitting application",2024,"INTERNATIONAL JOURNAL OF HYDROGEN ENERGY","10.1016/j.ijhydene.2024.03.240",1
"A5fe1ef97","ARTIGO","Closing the loop: sustainable approaches for managing and recovering food industry residues",2024,"PRINCIPIA (JOÃO PESSOA)","10.18265/2447-9187a2024id8436",1
"Aa7c8e9b3","ARTIGO","Recent technological developments and future trends in the evaluation and prediction of beef sensory quality in Brazil and France",2024,"Livestock Science","10.1016/j.livsci.2024.105550",1
"A4e3adb97","ARTIGO","Activated carbons from Brazilian lignocellulosic residues from baru and jurubeba as adsorbents for removal of diethyl phthalate in aqueous phase",2024,"DESALINATION AND WATER TREATMENT (ONLINE)","10.1016/j.dwt.2024.100761",1
"A3e32eabb","ARTIGO","An investigation on g-C3N4/ZnS/SnO2 ternary nanocomposites for electrochemical alkaline water splitting and photocatalytic methylene blue decomposition reactions",2024,"JOURNAL OF SOLID STATE ELECTROCHEMISTRY","10.1007/s10008-024-06099-8",1
"Aee425375","ARTIGO","Does transport affect the eating quality potential of beef from Limousin cows in France? - A case study",2024,"VETERINARY AND ANIMAL SCIENCE","10.1016/j.vas.2024.100411",1
"Abe531791","ARTIGO","Efeito de diferentes madeiras sobre a cinética no envelhecimento de cachaça",2024,"CADERNO PEDAGÓGICO (LAJEADO. ONLINE)","10.54033/cadpedv21n13-424",1
"Abc59a286","ARTIGO","Pequi fruit: nutritional properties, sustainable potential, and derived products",2024,"Food Science and Technology","10.5327/fst.00389",1
"Aa9432eb9","ARTIGO","Synthesis and characterization of metal-free nanosheets of carbo-catalysts for bifunctional electrocatalyst towards HER and OER application",2023,"Molecular Catalysis","10.1016/j.mcat.2023.113043",1
"A612fff82","ARTIGO","Evidence of Synergy Effects between Zinc and Copper Oxides with Acidic Sites on Natural Zeolite during Photocatalytic Oxidation of Ethylene Using Operando DRIFTS Studies",2023,"Catalysts","10.3390/catal13030610",1
"Ad7c75f31","ARTIGO","Review of the current Brazilian and world scenarios in the face of pathogens and contaminants of emerging concer",2023,"Sustainable Water Resources Management","10.1007/s40899-023-00867-6",1
"A89081c60","ARTIGO","Headspace GC/MS for identification of bioactive compounds of Curcuma longa L. leaf extract: Industrial application as antioxidant for soybean oil",2023,"CIÊNCIA E AGROTECNOLOGIA (ONLINE)","10.1590/1413-7054202347013922",1
"A24ef9b67","ARTIGO","Study and construction of a sustainable solar photocatalytic reactor: indigo carmine blue food dye degradation",2023,"Desalination and Water Treatment","10.5004/dwt.2023.30086",1
"Ab8d47c73","ARTIGO","VOLATILE ORGANIC COMPOUNDS AND ANTIOXIDANT CAPACITY OF Curcuma longa L. AND Curcuma caesia Roxb. LEAVES: EXPLORING BIOACTIVITY IN NATURAL PRODUCTS.",2023,"Brazilian Journal of Agriculture","10.37856/bja.v98i2.4328",1
"Aada82ac3","ARTIGO","Does transport stress have any effect on carcass quality of Nellore cattle ( Bos taurus indicus</i> ) in Brazil? - A Case Study1",2023,"Translational Animal Science","10.1093/tas/txad134",1
"Ae5ca42d8","ARTIGO","La production de viande bovine au Brésil et ses perspectives de développement",2022,"VPC-2022-3841",,1
"A2014c285","ARTIGO","Adaptive evolution of Saccharomyces cerevisiae and its application in co-culture with Saccharomyces kudriavzevii in the production of fermented Myrciaria jaboticaba",2021,"RESEARCH, SOCIETY AND DEVELOPMENT","10.33448/rsd-v10i2.12525",1
"A02e812bd","ARTIGO","Sustentabilidade agroindustrial: Processos Oxidativos Avançados (POA) utilizando bioadsorventes brasileiros",2021,"RESEARCH, SOCIETY AND DEVELOPMENT","10.33448/rsd-v10i5.12830",1
"Adb0b4517","ARTIGO","Talinum paniculatum (Jacq.) Gaertn leaves: Potential for application in food",2021,"DOI: https://doi.org/10.17306/J.AFS.0892","10.17306/j.afs.0892",1
"A1a1617bc","ARTIGO","Effect of Curcuma longa L. leaves extracts in preventing the oxidation of soybean oil",2021,"DOI: https://doi.org/10.17306/J.AFS.0894","10.17306/j.afs.0894",1
"A4529783a","ARTIGO","The elimination of cancerous pollutants by an advanced oxidation processes and adsorption in monosolute solutions mixtures in water",2020,"Desalination and Water Treatment","10.5004/dwt.2020.25710",1
"A05e35c5c","ARTIGO","Evaluation of Sanitary Hygienic practices in the production of açaí in the bowl: Diagnosis and intervention",2020,"DESAFIOS: REVISTA INTERDISCIPLINAR DA UNIVERSIDADE FEDERAL DO TOCANTINS","10.20873/uftv7-7616",1
"A5d74d457","ARTIGO","Brazilian cheese bread rolls from fermented and native waxy maize starch",2020,"CIÊNCIA E AGROTECNOLOGIA (ONLINE)","10.1590/1413-7054202044012920",1
"A90af98be","ARTIGO","Elimination of the endocrine disruptor diethyl phthalate (DEP) using porous materials in advanced oxidative processes (AOPs)",2019,"Desalination and Water Treatment","10.5004/dwt. 2019. 23333",1
"Aa7e3fdc4","ARTIGO","Texture profile of fermented rice extracts with probiotic strains and different contents of waxy maize starch, and sensory acceptance of flavored selected extract",2019,"INTERNATIONAL JOURNAL OF FOOD SCIENCE AND TECHNOLOGY","10.1111/ijfs.14303",1
"A95c8d968","ARTIGO","Phenol degradation using adsorption methods, advanced oxidative process (H2 O2 /UV) and H2 O2 /UV/activated carbon coupling: influence of homogeneous and heterogeneous phase",2018,"DESALINATION AND WATER TREATMENT (ONLINE)","10.5004/dwt.2017.21808",1
"A13069a39","ARTIGO","Advanced treatment of phenol by H 2</sub> O 2</sub> /UV/activated carbon coupling: Influence of homogeneous and heterogeneous phase",2018,"CANADIAN JOURNAL OF CHEMICAL ENGINEERING","10.1002/cjce.23186",1
"A2779fb73","ARTIGO","Curcuma longa L. Leaves: Characterization (bioactive and antinutritional compounds) for use in Human Food in Brazil",2018,"FOOD CHEMISTRY","10.1016/j.foodchem.2018.05.096",1
"A4d84e3ae","ARTIGO","Degradation of disrupter regulateur dietilphtalate by (AOP)-UV-C/H2O2 using response surface methodology",2018,"Desalination and Water Treatment","10.5004/dwt. 2018. 22754",1
"Adfb53a29","ARTIGO","Curcuma longa L. Leaf: Kinetic Study Using Different Drying Methods",2018,"doi:10.29011/AFPT-110.100010",,1
"A0a907275","ARTIGO","Adsorption of Phthalates on Activated Carbons in Monosolute Solution and in Mix Within Complex Matrices",2017,"WATER AIR AND SOIL POLLUTION","10.1007/s11270-017-3315-7",1
"Ae9da809d","ARTIGO","Syneresis and chemical characteristics of fermented rice extract with probiotic bacteria and waxy maize starch",2017,"CIÊNCIA E TECNOLOGIA DE ALIMENTOS (ONLINE)","10.1590/1678-457x.29216",1
"A5045ccb5","ARTIGO","Application of lipase from Burkholderia cepacia in the degradation of agro-industrial effluent.",2015,"Water Science and Technology","10.2166/wst.2015.037",1
"A7eca3dee","ARTIGO","Selection and optimization of extracellular lipase production using agro-industrial waste",2014,"African Journal of Biotechnology",,1
"A363be689","ARTIGO","Drying kinetics of potato pulp waste",2014,"Ciência e Tecnologia de Alimentos (Online)","10.1590/s0101-20612014000100017",1
"A897a5a32","ARTIGO","Production of lipase extrated from aqueous waste: enzymatic activity kinetics",2014,"Ciência e Agrotecnologia (UFLA)","10.1590/s1413-70542014000600005",1
"Ac6766cf8","ARTIGO","Evolution of the toxicity and the mineralization rate during the treatment of diethylphthalate in water by ozone/activated carbon coupling",2013,"Journal of Environmental Engineering","10.1061/(asce)ee.1943-7870.0000671",1
"A36b7a6ee","ARTIGO","Removal of a mix of endocrine disrupters from different natural matrices by ozone/activated carbon coupling process",2013,"Desalination and Water Treatment (Print)","10.1080/19443994.2013.803668",1
"A3e411278","ARTIGO","Utilização da polpa de batata residual em snacks como perspectivade redução do impacto ambiental",2013,"Revista Brasileira de Engenharia Agrícola e Ambiental (Online)",,1
"Ad7283375","ARTIGO","Removal of Diethyl Phthalate from Aqueous Media by Adsorption on Different Activated Carbons: Kinetic and Isotherm Studies",2012,"Separation Science and Technology (Print)","10.1080/01496395.2011.645184",1
"A916f0202","ARTIGO","Removal of Acid Dye from Aqueous Solutions by Electrocoagulation/ GAC Adsorption Coupling: Kinetics and Electrical Operating Costs",2012,"J TAIWAN INST CHEM E","10.1016/j.jtice.2012.03.003",1
"Af4a592bd","ARTIGO","Use of ozone/activated carbon coupling to remove diethyl phthalate from water: Influence of activated carbon textural and chemical properties",2011,"Desalination (Amsterdam)","10.1016/j.desal.2011.03.084",1
"Acbc40674","ARTIGO","Degradation kinetics of DEP in water by ozone/activated carbon process: Influence of pH",2011,"Desalination (Amsterdam)","10.1016/j.desal.2010.11.013",1
"A4ffefd2e","LIVRO","Handbook of 2D Materials for a Sustainable Future",2025,,,1
"A23b81601","LIVRO","Chlorophyll and Chlorophyllin Extraction",2026,"Springer US",,1
"Abf833bba","LIVRO","PERFIL DE COMPOSTOS ORGÂNICOS VOLÁTEIS E PARÂMETROS FÍSICO-QUÍMICOS DA KOMBUCHA DE MELADO DE CANA-DE-AÇÚCAR ENRIQUECIDA COM ACEROLA",2024,"Editora Omnis Scientia",,1
"A63a63613","LIVRO","KOMBUCHA À BASE DE Camellia sinensis E Hibiscus sabdariffa L., SABORIZADA COM MEL DE CACAU E ACEROLA: UMA ANÁLISE COLORIMÉTRICA",2024,"Editora Omnis Scientia",,1
"A1391c135","LIVRO","TREATMENT OF EFFLUENTS WITH AGRICULTURAL WASTE: RESPONSE SURFACE ANALYSIS IN THE ADSORPTION PROCESS IN MONOSOLUTE SOLUTION AND IN MIX WITHIN COMPLEX MATRICES",2021,,,1
"A21b851f0","TEXTO_JORNAL","Gestão e Tratamento de resíduos industriais",2008,"Alban Projects Completed 2008",,1
"Aa736221b","CONGRESSO_COMPLETO","Etude de la cinétique et de la thermodynamique d?adsorption sur",2013,"Recents Proges en Genie des Procedes",,1
"A7f4f3825","CONGRESSO_COMPLETO","Removal of diethylphthalate from water by ozone/activated carbon coupling : evolution of toxicity and minerali",2011,"XIII Congresso SFGP (Sociedade Francesa de Engenharia de Processos)",,1
"A6a7da8c0","CONGRESSO_COMPLETO","Modification of the texture and the surface chemistry of activated carbons by ozonation in gaseous phase: effect on the adsorption of micropollutants",2011,"SFGP (Sociedade Francesa de Engenharia de Processos)",,1
"Aee287663","CONGRESSO_COMPLETO","Removal of diethyl phthalate from aqueous media by adsorption on different activated carbons",2010,"Water and Wastewater treatment plants in town and communities of the XXI century : Technologies, Design and Operation",,1
"A79f986ac","CONGRESSO_RESUMO_EXP","S .R. ; FERREIRA DE OLIVEIRA, TATIANNE ; CHRIKI, S. ; HOCQUETTE, J. F. ; ELLIES-OURY, M. . Multivariate analysis of beef carcass traits processed by a slaughterhouse in Brazil",2022,"73RD ANNUAL MEETING OF THE EUROPEAN FEDERATION OF ANIMAL SCIENCE",,1
"A37e00d84","CONGRESSO_RESUMO_EXP","Characterization of Porous materials from Brazilian agro-food waste: Application in POA",2022,"5th Iberoamerican Conference on Advanced Oxidation Technologies (CIPOA)",,1
"Ab4a75139","CONGRESSO_RESUMO_EXP","Selective synthesis of adsorbents from cassava peel residues: application in POA",2022,"5th Iberoamerican Conference on Advanced Oxidation Technologies (CIPOA)",,1
"Af8a92436","CONGRESSO_RESUMO","CINÉTICA DE CACHAÇA ENVELHECIDA PRODUZIDA NO ESTADO DE GOIÁS: ESTUDO DE UM ARRANJO PRODUTIVO LOCAL (APL)",2024,"I CONGRESSO BRASILEIRO DE AGROPECUÁRIA (ONLINE)",,1
"A68fe5677","CONGRESSO_RESUMO","IDENTIFICAÇÃO DOS COMPOSTOS ORGÂNICOS VOLÁTEIS DA CACHAÇA ARMAZENADA EM BARRIS DE BÁLSAMO PRODUZIDA EM GOIÁS: ESTUDO DE UM ARRANJO PRODUTIVO LOCAL (APL)",2024,"I CONGRESSO BRASILEIRO DE AGROPECUÁRIA (ONLINE)",,1
"A8d73cfe0","CONGRESSO_RESUMO","MIGRAÇÃO DE DIETIL FTALATO PARA CORTE DE CUPIM REFRIGERADO ACONDICIONADO EM FILME FLEXÍVEL",2023,"Congresso Latino Americano Segurança de Alimentos",,1
"A90ff76c3","CONGRESSO_RESUMO","MIGRAÇÃO DE FTALATO PARA QUEIJOS TIPO MUSSARELA E PRATO ACONDICIONADOS EM EMBALAGENS FLEXÍVEIS",2023,"Congresso Latino Americano Segurança de Alimentos",,1
"A85a2dca5","CONGRESSO_RESUMO","UNLOCKING THE NUTRITIONAL SECRETS OF COCOA HONEY: A SUPERFOOD PERSPECTIVE",2023,"15 Simpósio Latino Americano de Ciência de Alimentos e Nutrição - SLACAN",,1
"A3ec6c9ba","CONGRESSO_RESUMO","CO-28 Elimination du phthalate de diéthyle présent en phase aqueuse par adsorption sur charbon actif",2009,"Encontro National da Sociedade Francesa de Quimica",,1
"A0b079fbb","APRESENTACAO","Impacto tóxico do herbicida 2,4 D no processo germinativo e crescimento inicial de Lactuca Sativa",2025,,,1
"A8a1cd3eb","APRESENTACAO","Microplásticos em peixes de rios goianos e a Insegurança dos alimentos",2025,,,1
"A599b9b67","APRESENTACAO","Programa Adbias Nascimento - trocas acadêmicas",2025,,,1
"Aef5aa2ef","APRESENTACAO","Activated carbons from Baru (Dipteryx Alata Vog) waste impregnated with copper oxide: Application im post-harvest preservation",2025,,,1
"A21d25143","APRESENTACAO","Calorific value of pellets produced from baru (Dipteryx Alata Vog.) waste",2025,,,1
"Acf159f54","APRESENTACAO","Tatianne Ferreira De Oliveira, Zamira Abel d de Jesus Maria, Ana Carolina de Jesus Oliveira, Fer",2025,,,1
"A0aa46c38","APRESENTACAO","Laboratories, research programs, and internship opportunities at UFG",2025,,,1
"A7110f23c","APRESENTACAO","Does transport stress affect carcass quality of Nellore cattle (Bos taurus indicus) in Goiás, Brazil?",2024,,,1
"Aa8ce135f","APRESENTACAO","Estudo das interações químicas entre o etileno e os sítios ativos superficiais de carvões ativados modificados com CuO: uma abordagem por espectroscopia IV em modo operando",2024,,,1
"A5099fac2","APRESENTACAO","A importância do baru no Cerrado",2024,,,1
"A0485f08e","APRESENTACAO","Cinética da Cachaça envelhida produzida no Estado de Goiás: Estudo de um Arranjo Produtivo Local (APL)",2024,,,1
"A7c1b0680","APRESENTACAO","Identificação dos Compostos Orgânicos Voláteis da Cachaça Armazenadaem Barris de Bálsamo Produzida em Goiás: Estudo de um ArranjoProdutivo Local (APL)",2024,,,1
"Ad6d39566","APRESENTACAO","Enriquecimento de massas frescas pela substituição percentual da farinha de trigo por farinhas feitas a partir de baru",2024,,,1
"Ab028cf57","APRESENTACAO","Comparação da composição nutricional da farinha de baru e da farinha de torta",2024,,,1
"Ac0bb5d09","APRESENTACAO","Kombucha à base de Camellia sinensis e Hibiscus sabdariffa L.,saborizada com mel de cacau e acerola: uma análise colorimétrica",2024,,,1
"Ab900b375","APRESENTACAO","Perfil de compostos orgânicos voláteis e parâmetros físico-químicos dakombucha de melado de cana-de-açúcar enriquecida com acerola",2024,,,1
"A74b5ad13","APRESENTACAO","Transformação de resíduos agrícolas (cascas de monguba) em material adsorvente para tratamento de água",2024,,,1
"A5a289074","APRESENTACAO","Inovação na Indústria Pesqueira: desenvolvimento de Coprodutos a base de peixes com cogumelos comestíveis",2024,,,1
"Ad5dbf6c0","APRESENTACAO","Development of Films with Antimicrobial Properties using Waste from Solanum paniculatum and Dipteryx alata",2024,,,1
"A0e3c79e6","APRESENTACAO","Study of a Local Productive Arrangement (LPA): Characterization of Aromatic Compounds Present in Cachaças from the Region of Orizona - Goiás - Brazil",2024,,,1
"A19bde616","APRESENTACAO","Proximate Composition and Volatile Profile of Pequi (Caryocar brasiliense) Pulp",2024,,,1
"A44b57e54","APRESENTACAO","Avaliação de compostos voláteis de café especial de 05 regiões diferentes do Brasil",2024,,,1
"A3977b3b0","APRESENTACAO","Carvão ativado de cacau: Solução inovadora para remoção do contaminante vermelho de metilo em águas.",2024,,,1
"Aa7997c0a","APRESENTACAO","Desenvolvimento de uma fotoreator sustentável acoplado a uma placa solar",2024,,,1
"A71122040","APRESENTACAO","Eliminação do ácido diclorofenoxiacético ? 2,4 D utilizando carvão ativado oriundo de resíduos de cacau, monguna e baru",2024,,,1
"Abc658905","APRESENTACAO","Ficha avaliativa: Análise da produtividade da cana-de-açúcar para cachaça em Goiás",2024,,,1
"A4e1c31a7","APRESENTACAO","Extrato fermentado liofilizado de coproduto de baru e farinha de banana verde",2024,,,1
"A76604069","APRESENTACAO","Inovação na indústria de fontes proteicas com o aproveitamento da vagem do cacau (Theorema Cocoa L.) como ingrediente funcional e sustentável.",2024,,,1
"Ae0787cb9","APRESENTACAO","APIAGRO: Colônias resgatadas e produção sustentável",2024,,,1
"A96d3b7a3","APRESENTACAO","Caracterização dos compostos aromáticos presentes em cachaças comerciais da região de Orizona: Estudo de um Arranjo Produtivo Local (APL)",2024,,,1
"A2f5ac159","APRESENTACAO","MIGRAÇÃO DE DIETIL FTALATO PARA CORTE DE CUPIM REFRIGERADO ACONDICIONADO EM FILME FLEXÍVEL",2023,,,1
"A1bd32a3a","APRESENTACAO","AGROTOXICO E MICROPOLUENTES E SEU IMPACTO NO APROVEITAMENTO INTEGRAL DOS ALIMENTOS",2022,,,1
"A11c1223d","APRESENTACAO","Caracterização de compostos da casca de Dipteryx alata por CG /MS visando seu aproveitamento em novos produtos e processos",2022,,,1
"A7323d3d1","APRESENTACAO","COMPOSTOS VOLATEIS DE S",2022,,,1
"A27a34b91","APRESENTACAO","Estabilidade da suspensão de micro/nanofibrilas celulósicas de Solanum paniculatum",2022,,,1
"A3628cf67","APRESENTACAO","Compostos Orgânicos Voláteis de Tua-sabu (Aguardente) Origem do Timor-Leste por HS-HRGC-MS",2022,,,1
"A4e24fef1","APRESENTACAO","Post-graduation in the School of Agronomy of the Federal University of Goiás: research lines",2020,,,1
"A1090079b","APRESENTACAO","APROVEITAMENTO DA FOLHA DE CURCUMA LONGA L.: ESTUDO DA CINÉTICA DE SECAGEM",2018,,,1
"A7b8e454a","APRESENTACAO","APROVEITAMENTO DE RESÍDUOS DA AGROINDÚSTRIA E UTILIZAÇÃO COMO POTENCIAL FONTE DE ADSORVENTES",2018,,,1
"Aba502658","APRESENTACAO","CARACTERIZAÇÃO DA FOLHA DE CURCUMA LONGA L",2018,,,1
"A3fa8f8f3","APRESENTACAO","ELIMINAÇÃO DO MICROPOLUENTE FTALATO POR ADSORÇÃO VISANDO O APROVEITAMENTO DE RESÍDUOS DA AGROINDÚSTRIA",2018,,,1
"Aeefa33bc","APRESENTACAO","TREATMENT OF EFFLUENTS WITH AGRICULTURAL WASTE: RESPONSE SURFACE ANALYSIS IN THE ADSORPTION PROCESS IN MONOSOLUTE SOLUTION AND IN MIX WITHIN COMPLEX MATRICES",2018,,,1
"A53da9fe2","APRESENTACAO","Treatment of Agroindustrial Effluents: Advanced Oxidative Process (AOP).",2018,,,1
"A63fad58d","APRESENTACAO","La problematique de la pollution (eau) au Brésil: les micropolluants et leur traitement?",2017,,,1
"A42aaa9b9","APRESENTACAO","Problemática dos micropoluentes presentes em resíduos aquosos",2015,,,1
"A385ca466","BANCA_MESTRADO","Tratamento de águas cinzas por processos alternativos: Estudo comparativo entre adsorção e processos oxidativos avançados",2026,"Instituto Federal de Educação",,1
"A79aa745e","BANCA_MESTRADO","Biodigestão aeróbia de resíduos alimentares como fonte alternativa de geração de energia térmica",2025,"Instituto Federal de Educação",,1
"Aaeb37f29","BANCA_MESTRADO","Investigação do comportamento de sorção da atrazina em microplástico novo e envelhecido e avaliação de seu potencial fitotoxicológico",2025,"Universidade Federal de Goiás",,1
"Aede79c6c","BANCA_MESTRADO","Desenvolvimento de bebida fermentada de tangeria murcott (Citrus reticulata)",2025,"Universidade Federal de Goiás",,1
"A996cbf0d","BANCA_MESTRADO","Desenvolvimento de reato fotocatalítico solar sustentável: aplicação de solução aquosa de corante azul indigotina",2023,"Universidade Federal de Goiás",,1
"A7904a24a","BANCA_MESTRADO","Evolução Adaptativa da Saccharomycea Cerevisiae e estudo do seu comportamento em co-cultura na produção de bebida fermentada de jabuticaba",2018,"Universidade Federal de Goiás",,1
"Ae82916b9","BANCA_MESTRADO","Soro de queijo como substrato potencial á produção de pigmentos por Monascus ruber",2017,"Universidade Federal de Goiás",,1
"A09432371","BANCA_MESTRADO","Caracterização, avaliação do efeito da casca de achachairú (garcia humilis) sobre a oxidação lipídica em carne mecanicamente separada (CMS) de tilápis e aceitação sensorial de produtos elaborados com estas matrizes",2017,"Universidade Federal de Goiás",,1
"A1710b3cc","BANCA_MESTRADO","Enriquecimento protéico do Bagaço de Malte por Rhizopus Oligosporus",2015,"Universidade Federal de Goiás",,1
"A018d9cb1","BANCA_MESTRADO","Qualidade Física, Química e Antimicrobiana de sabões líquidos elaborados com óleo residual de fritura e diferentes agentes saponificantes",2013,"Universidade Federal de Goiás",,1
"A3e1ec2a0","BANCA_MESTRADO","Cereal extrusado, free glúten, formulado com subprodutos de arroz e quinoa",2013,"Universidade Federal de Goiás",,1
"A21c42131","BANCA_DOUTORADO","Tomate Ponteira: Do desperdício á agregação de valor",2025,"Universidade Federal de Goiás",,1
"A23b7b209","BANCA_DOUTORADO","Análise da Qualidade e Caracterização dos Compostos Orgânicos Voláteis das Cachaças do Estado de Goiás para o Fortalecimento do Arranjo Produtivo Local (APL)",2025,"Universidade Federal de Goiás",,1
"Aa2dae0f5","BANCA_DOUTORADO","Potencial dos Subprodutos do Fruto de Baru (Dipteryx alata Vogel): Características Químicas, Tecnológicas, Potencial Prebiótico e Desenvolvimento de Produtos Alimentícios Plant-Based",2025,"Universidade Federal de Goiás",,1
"A50c835dc","BANCA_DOUTORADO","Desenvolvimento de produtos a base de extratos de folhas de Dysphania ambrosioides L",2024,"Universidade Federal de Goiás",,1
"A0a6697e2","BANCA_DOUTORADO","Evaluation and prediction of the sensory quality of beef in Brazil and France",2024,"Universidade Federal de Goiás",,1
"A9fd32647","BANCA_DOUTORADO","Preparação e Caracterização de filmes nanocompósitos a base de Solanum paniculatum e Dipteryx alata com propriedades antimicrobianas",2024,"Universidade Federal de Goiás",,1
"Ad985e643","BANCA_DOUTORADO","APROVEITAMENTO DE RESÍDUOS DE JABUTICABA (Plinia cauliflora) E MURICI (Byrsonima crassifólia): CARACTERIZAÇÃO E PROPOSTA DE REUTILIZAÇÃO SUSTENTÁVEL",2023,"Universidade Federal de Goiás",,1
"A9c8bc35d","BANCA_DOUTORADO","DESENVOLVIMENTO E CARACTERIZAÇÃO DE FARINHAS DE FERMENTADOS MICROBIANOS OBTIDOS DE SUBPRODUTOS DE FEIJÃO E ARROZ",2023,"Universidade Federal de Goiás",,1
"Af72b8fcc","BANCA_DOUTORADO","PROPRIEDADES FUNCIONAIS EMICROENCAPSULAÇÃO DE EXTRATOS DA JABUTICABA (Myrciaria Cauliflora) COM APLICABILIDADE EM BISCOITOS DE POLVILHO",2021,"Universidade Federal de Goiás",,1
"Ae8bc35c8","BANCA_DOUTORADO","Desenvolvimento de embutidos emulsionados cozidos á base de pescado de baixo valor comercial: efeito do ultrassom, redução de sódio e adição de ingredientes funcionais",2026,"Universidade Federal Fluminense",,1
"Ab7b4ae17","BANCA_DOUTORADO","Potencial dos Subprodutos do Fruto de Baru: Características Químicas, Tecnológicas e Potencial Prebiótico e Desenvolvimento de Produtos Alimentícios Plant-Based",2025,"Universidade Federal de Goiás",,1
"A7beb85a3","BANCA_DOUTORADO","Tomate de ponteira: Do Desperdício á agregação de valor",2024,"Universidade Federal de Goiás",,1
"A8d33deab","BANCA_DOUTORADO","Valorização de resíduos de baru (Dipteryx alata Vog.) como precursores de materiais porosos para a eliminação de etileno",2024,"Universidade Federal de Goiás",,1
"Ad418b507","BANCA_DOUTORADO","Desenvolvimento de iogurte natural e sorbet de frutas enriquecidos com extrato de folhas de mastruz (Dysphania ambrosioides)",2023,"Universidade Federal de Goiás",,1
"Ab16ca86a","BANCA_DOUTORADO","Desenvolvimento, Caracterização e potencialização de materiais porosos oriundos de resíduos agroindustriais: proposta de eliminação de migrantes de embalagens alimentícias e em fase aquosa",2023,"Universidade Federal de Goiás",,1
"A2540ac42","BANCA_DOUTORADO","Propriedades antimicrobianas de filmes de nanocompósitos preparados de resíduos agroindustriais",2023,"Universidade Federal de Goiás",,1
"Ab5878d3f","BANCA_MESTRADO","Farofa do Cerrado: uma caracterização físico-quimica, nutricional e sensorial",2026,"Universidade Federal de Goiás",,1
"Af7484bdb","BANCA_MESTRADO","Transporte de glifosato em meio aquoso por adsorção e dessorção em partículas de microplásticos de politereftalato de etileno (PET)",2026,"Universidade Federal de Goiás",,1
"Ac33abac3","BANCA_MESTRADO","Estudo da Qualidade de cachaça de Goiás para o Desenvolvimento do Arranjo Produtivo Local (APL)",2025,"Universidade Federal de Goiás",,1
"A4304b15c","BANCA_MESTRADO","Malteação de grãos de arroz e aplicação na obtenção de cervejas",2025,"Universidade Federal de Goiás",,1
"A0c584191","BANCA_MESTRADO","Qualidade e painel de microrganismos patogênicos em leite cru",2025,"Universidade Federal de Goiás",,1
"A5c6572bf","BANCA_MESTRADO","Proposta de embalagem flexivel tecnicamente recicláveis para molhos de tomates",2025,"Universidade Federal de Goiás",,1
"A25998d07","BANCA_MESTRADO","Detecção de Microplásticos e Mercúrio em peixes dulcícolas da regiões Centro-Oeste a Amazônica",2025,"Universidade Federal de Goiás",,1
"A9d1e0d5f","BANCA_MESTRADO","Transporte de Cloridato de metformina por microsfera de polietileno em fase aquosa",2024,"Universidade Federal de Goiás",,1
"Ae302436d","BANCA_MESTRADO","Extratos fermentados de coprodutos de baru e banana verde",2024,"Universidade Federal de Goiás",,1
"Ac2d89357","BANCA_MESTRADO","Avaliação da qualidade física, química e tecnológica do resíduo ?finos? recuperado do processo de laminação de milho, modificado fisicamente e aplicado em pão de arepa",2024,"Universidade Federal de Goiás",,1
"Aa6b4ca8c","BANCA_MESTRADO","Elementary Schools students from various socioeconomic backgrounds and their experience with food insecurity in the city of Aparecida de Goiânia ? Goiás ? Brazil",2024,"Universidade Federal de Goiás",,1
"Ab5f7d858","BANCA_MESTRADO","Propriedades físico-químicas do mel de abelhas Mandaçaia (Melipona quadrifasciata quadrifasciata)",2024,"Universidade Federal de Goiás",,1
"A947e3d0b","BANCA_MESTRADO","Substituição Parcial da farinha de trigo por farinha de polpa residual de batata em biscoitos wafer",2023,"Universidade Federal de Goiás",,1
"A25f57496","BANCA_MESTRADO","Avaliação das unidades de conservação na proteção das bacias hidrográficas e na segurança hídrica",2023,"Universidade Federal de Goiás",,1
"Ae6ca3c79","BANCA_MESTRADO","Remoção de Fluoreto em biocarvão produzido com borra de café ativado quimicamente com lixíria de eucalipto",2022,"Universidade Federal de Goiás",,1
"A6e3644ac","BANCA_MESTRADO","Aplicação de extrato de grão-de-bico, prebiótico e probiótico na elaboração de bebida fermentada",2022,"Universidade Federal de Goiás",,1
"A6e35cd96","BANCA_MESTRADO","REVESTIMENTOS SUPERHIDROFÓBICOS INCORPORADOS COM NANOFIBRILAS DE CELULOSE BACTERIANA FUNCIONALIZADAS PARA APLICAÇÃO EM EMBALAGENS DE ALIMENTOS",2022,"Universidade Federal do Ceará",,1
"A30df6448","BANCA_MESTRADO","Análise da Influência do Alquibenzeno Sulfonato Linear (LA) na agregação, sedimentação e coagulação química",2019,"Universidade Federal de Goiás",,1
"Add14c835","BANCA_MESTRADO","Remoção do antibiótico oxitetraciclina por ação de enzima lacase e luz ultravioleta",2019,"Universidade Federal de Goiás",,1
"A4f2faa37","BANCA_MESTRADO","Remoção do herbicida Glifosato (formulação comercial) em adsorventes naturais produzidos a partir de sabugo de milho",2019,"Universidade Federal de Goiás",,1
"A87a2c7cf","BANCA_MESTRADO","Avaliação de Estações de Tratamento de Água do tipo ciclo completo em função da ocorrência de Giardia e Cryptosporidium",2019,"Universidade Federal de Goiás",,1
"A2315f1d9","BANCA_MESTRADO","Utilização de Diferentes métodos de Secagem para Obtenção de Produto Seco de Curcuma Longa L",2015,"Universidade Federal de Goiás",,1
"A0774d898","BANCA_MESTRADO","Descontaminação de Aflatoxina B1 e Ocratoxina A por Fermentação Semi-Sólida em Aspergillus Oryzae",2015,"Universidade Federal de Goiás",,1
"Aabe91f34","BANCA_MESTRADO","Producão de pão de forma sem glúten com co-produtos de arroz e soja, gomas e transglutaminase",2013,"Universidade Federal de Goiás",,1
"Af3ab4441","BANCA_MESTRADO","Qualidade de Revestimentos comestíveis para frutas in natura com coprodutos das agroindustriais de arroz, milho e laranja",2013,"Universidade Federal de Goiás",,1
"A5450ad7e","BANCA_TCC","Aplicação de biofilme a base de amido de mandioca para aumento do tempo de conservação dos ovos",2024,"Universidade Federal de Goiás",,1
"A431675b2","BANCA_TCC","Enriquecimento de massas frescas pela substituição percentual da farinha de trigo por farinhas feitas a partir de Dipteryx alata Vog. (baru)",2023,"Universidade Federal de Goiás",,1
"Ac7a9db44","BANCA_TCC","Desenvolvimento de produtos a base de solanum paniculatum",2023,"Universidade Federal de Goiás",,1
"Adfae0b60","BANCA_TCC","Desenvolvimento de Presunto com Redução no Teor de Sódio",2014,"Universidade Federal de Goiás",,1
"A0a7b2613","BANCA_TCC","Desenvolvimento de Presunto com Redução no Teor de Sódio: Influência sobre as características físico-químicas e sensoriais",2014,"Universidade Federal de Goiás",,1
"Aff4b6d2a","BANCA_TCC","Snack Drageado de Soja",2013,"Universidade Federal de Goiás",,1
"Af79772ab","BANCA_TCC","Procedimento Operacional Padrão (POP) par recebimento de matéria-prima e para análises de biscoito recheado tipo wafer",2013,"Universidade Federal de Goiás",,1
"A234c45a1","BANCA_TCC","Atualização de Procedimentos Operacionais Padrão e Registros",2013,"Universidade Federal de Goiás",,1
"A09d9f3ad","BANCA_TCC","Padronização, levantamento de custos, elaboração de fichas técnicas e tabelas nutricionais dos produtos produzidos pela panificadora Polos Pães e Doces",2013,"Universidade Federal de Goiás",,1
"A0becb6f8","ORIENTACAO_MESTRADO","Estudo e aplicação de Campomanesia adamantium, Anacardium humile em novos produtos alimentícios para o fortalecimento da bioeconomia",2025,"Universidade Federal de Goiás",,1
"A8d53ae17","ORIENTACAO_MESTRADO","Alternativa á Bioacumulação de peixes por metais pesados e microplástico na região Centro-Oeste",2024,"Universidade Federal de Goiás",,1
"Ab389b8fa","ORIENTACAO_DOUTORADO","Aproveitamento de resíduos e subprodutos da cadeia produtiva de Anacardium humile e Theobroma cacao L. como forma de fomentar a bioeconomia",2025,"Universidade Federal de Goiás",,1
"A402cf4c4","ORIENTACAO_DOUTORADO","Aproveitamento de resíduos de Dipteryx alata) e Hymenaea courbaril L",2025,"Universidade Federal de Goiás",,1
"Ad5bd3196","ORIENTACAO_DOUTORADO","Impact of Upcycled cocoa ingredients on the texture and flavour profile of confectionery products",2024,"Universidade Federal de Goiás",,1
"A911e30ac","ORIENTACAO_POS_DOC","Orientacao de Nathalia da Silva Rodrigues Mendes",2025,,,1
"Ae3a058ee","ORIENTACAO_POS_DOC","Orientacao de Ana Carolina de Jesus Oliveira",2025,,,1
"A81e1af54","ORIENTACAO_POS_DOC","Orientacao de Maria Carolina de Almeida",2024,,,1
"A102926cc","ORIENTACAO_IC","Caracterização de infusão de Theobroma cacao L. para incorporação de novos produtos com Anacardium humile",2025,"Universidade Federal de Goiás",,1
"Ad64f0b77","ORIENTACAO_IC","Aproveitamento dos resíduos de baru (Dipteryx alata) e pequi (Caryocar brasiliense) em processos de biodigestão aeróbia visando elaboração de pellets",2025,"Universidade Federal de Goiás",,1
"Af6b017bf","ORIENTACAO_IC","Desenvolvimento de novos produtos oriundos de Campomanesia adamantium, Anacardium humile e Dipteryx alata",2025,"Universidade Federal de Goiás",,1
"A681f82c1","ORIENTACAO_MESTRADO","Through their eyes: Experiences of Food Insecurity among public elementary school students in Aparecida de Goiânia, Brazil",2025,"Universidade Federal de Goiás",,1
"A24b48c16","ORIENTACAO_MESTRADO","Recuperação de sebo bovino como solução sustentável para agregar valor aos resíduos e reduzir impactos ambientais",2025,"Universidade Federal de Goiás",,1
"A517f18f6","ORIENTACAO_MESTRADO","Aproveitamento dos subprodutos de baru (Dipteryx Alata Vog: Aplicação em novos produtos e processos",2024,"Universidade Federal de Goiás",,1
"Aafdae5c2","ORIENTACAO_MESTRADO","Eliminação do 2,4 D através de nanocomósitos obtidos com resíduos de baru, manguba e cacau",2024,"Universidade Federal de Goiás",,1
"A2ad54dd2","ORIENTACAO_MESTRADO","Estudo d oArranjo Produtivo Local (APL) de cachaças do Estado de Goiás",2023,"Universidade Federal de Goiás",,1
"A6bc4eec5","ORIENTACAO_MESTRADO","Caracterização técnica e avaliação ambiental de uma proposta monomaterial de embalagens flexíveis para molho de tomate",2023,"Universidade Federal de Goiás",,1
"Abc435b4d","ORIENTACAO_MESTRADO","Desenvolvimento de fotocatalisadores econômicos a serem usados na eliminação de contaminantes emergentes",2022,"Universidade Federal de Goiás",,1
"A63488cfa","ORIENTACAO_MESTRADO","Valorização alimentar dos subprodutos de baru",2022,"Universidade Federal de Goiás",,1
"Ac7daafa2","ORIENTACAO_MESTRADO","Utilização de carvão ativado de baixo custo para a remoção de cafeína em águas residuárias",2021,"Universidade Federal de Goiás",,1
"Ad3b6c91b","ORIENTACAO_MESTRADO","Construção de um reator fotocatalítico para degradação de contaminants of emerging concern (CECs)",2021,"Universidade Federal de Goiás",,1
"A5a3173c6","ORIENTACAO_MESTRADO","Aproveitamento de resíduos da indústria alimentícia: sustentabilidade na cadeia agroalimentar",2018,"Universidade Federal de Goiás",,1
"A954b7f6a","ORIENTACAO_MESTRADO","APLICAÇÃO DO EXTRATO ETANÓLICO DA FOLHA DE CURCUMA LONGA L. COMO ANTIOXIDANTE NATURAL EM ÓLEO DE SOJA",2018,"Universidade Federal de Goiás",,1
"A600ebe26","ORIENTACAO_MESTRADO",": Evolução adaptativa da Saccharomyces cerevisiae e estudo do seu comportamento em co-cultura na produção de bebida fermentada de jabuticaba",2018,"Universidade Federal de Goiás",,1
"A46bc0910","ORIENTACAO_MESTRADO","Active carbon coupled to advanced oxidation process (H2O2/UV), characterization and efficiency for the treatment of phenol",2016,"Institut Supérieur d'Agriculture de Lille",,1
"Ace7f0d8f","ORIENTACAO_MESTRADO","Qualidade de folha de Curcuma Longa L. desidratada obtida com diferentes métodos de secagem",2016,"Universidade Federal de Goiás",,1
"A06852d3e","ORIENTACAO_MESTRADO","INVESTIGAÇÃO DO PROCESSO OXIDATIVO AVANÇADO (UV/H2O2/CA) NA ELIMINAÇÃO DE FTALATOS",2015,"Universidade Federal de Goiás",,1
"Ada0e8f49","ORIENTACAO_MESTRADO","INVESTIGAÇÃO DO PROCESSO OXIDATIVO AVANÇADO (UV/H2O2/CARVÃO ATIVADO) NO TRATAMENTO DE EFLUENTES INDUSTRIAIS: ELIMINAÇÃO DE FENOL",2015,"Universidade Federal de Goiás",,1
"A47c7b8f4","ORIENTACAO_MESTRADO","Elaboração e Avaliação de iogurtes de soja e arroz com diferentes concentrações de amido de milho ceroso",2013,"Universidade Federal de Goiás",,1
"Abc63aa1d","ORIENTACAO_MESTRADO","Adsorção competitiva de ftalatos com uso de carvão ativado e desorção com uso de ozônio",2011,"Universidade de Orléans",,1
"Aaa8371e6","ORIENTACAO_DOUTORADO","Development, Characterization and Enhancement of Porous Materials from Agroindustrial Residues: Proposal for Elimination of Migrants from Food Packaging and in the Aqueous Phase",2024,"Universidade Federal de Goiás",,1
"A47b2e495","ORIENTACAO_DOUTORADO","Preparação e Caracterização de filmes nanocompósitos a base de Solanum paniculatum e Dipteryx alata com propriedades antimicrobianas",2024,"Universidade Federal de Goiás",,1
"A460fd20c","ORIENTACAO_DOUTORADO","Evaluation and prediction of the sensory quality of beef in Brazil and France",2024,"Universidade Federal de Goiás",,1
"A77c9be90","ORIENTACAO_DOUTORADO","Obtenção de extratos de folhas de Chenopodium Ambrosiodes utilizando processos de extração que empregam solventes verdes?",2020,"Universidade Federal de Goiás",,1
"A1e2abe51","ORIENTACAO_DOUTORADO","Aproveitamento de resíduos da Jabuticaba (Plinia cauliflora) e Murici (Byrsonima crassifolia) para a produção de materiais porosos: caracterização e aplicação em fase líquida e gasosa",2019,"Universidade Federal de Goiás",,1
"Ab02921d9","ORIENTACAO_DOUTORADO","Qualidade de folha de Curcuma Longa L. desidratada obtida com diferentes métodos de secagem",2017,"Universidade Federal de Goiás",,1
"Aa06f51ec","ORIENTACAO_POS_DOC","Orientacao de Dianiny de Cássia Sousa Mendes",2024,,,1
"A989cb9d8","ORIENTACAO_POS_DOC","Orientacao de Bruna Melo Miranda",2024,,,1
"Ab8dbfca1","ORIENTACAO_POS_DOC","Orientacao de Natesan Kumaresan",2024,,,1
"A5897b846","ORIENTACAO_TCC","Desenvolvimento de produtos a base de solanum paniculatum",2023,"Universidade Federal de Goiás",,1
"A10ddde66","ORIENTACAO_TCC","Enriquecimento de massas frescas pela substituição percentual da farinha de trigo por farinhas feitas a partir de Dipteryx alata Vog. (baru)",2023,"Universidade Federal de Goiás",,1
"Adb73c4c6","ORIENTACAO_TCC","Desenvolvimento de presunto com redução no teor de sódio: influência sobre as características físico-químicas e sensoriais",2014,"Universidade Federal de Goiás",,1
"Aad76a54a","ORIENTACAO_TCC","Desenvolvimento de presunto com redução no teor de sódio: influência sobre as característcas físico-químicas e sensoriais",2014,"Universidade Federal de Goiás",,1
"Aa1920e1d","ORIENTACAO_TCC","Étude de l 'Influence de différentes matrices dans la capacité d' adsorption de micropolluants par charbon actif",2014,"Universidade Federal de Goiás",,1
"A1dfffe70","ORIENTACAO_TCC","Caracterisation Physico-Chimique de deux charbons actifs et comparasion de leurs performances dans le processus d' adsorption de la Rhodamine B et du Phénol",2014,"Universidade Federal de Goiás",,1
"Aaaf6ec20","ORIENTACAO_TCC","Étude d' un procédé basé sur le couplage lipase/carbon actif",2014,"Universidade Federal de Goiás",,1
"Ab9b308f6","ORIENTACAO_TCC","Adsorção do ftalato de dimetila e do ftalato de dietila com uso de diferentes carvões ativados",2010,"Universidade de Orléans",,1
"A403b62b5","ORIENTACAO_IC","Incorporação de materiais microporosos em filmes biodegradáveis a partir de resíduos agroindustriais de S. paniculatum e Dipteryx alata",2025,"Universidade Federal de Goiás",,1
"A22cb6da9","ORIENTACAO_IC","Desenvolvimento de materiais porosos a partir de resíduos de Dipteryx alata",2025,"Universidade Federal de Goiás",,1
"A62846605","ORIENTACAO_IC","Caracterização de subprodutos e novos produtos oriundos de Theorema cacau",2025,"Universidade Federal de Goiás",,1
"A549afcbc","ORIENTACAO_IC","Materiais adsorventes potencializados elaborados a partir de Resíduos Agroindustriais a serem aplicados em Processos Oxidativos Avançados na eliminação de Contaminants of emerging concern (CECs)",2020,"Universidade Federal de Goiás",,1
"Af20c96b8","ORIENTACAO_IC","ESTUDO DO PROCESSO OXIDATIVO AVANÇADO (POA) UTILIZANDO PAINÉIS SOLARES NA ELIMINAÇÃO DE MICROPOLUENTES EMERGENTES",2020,"Universidade Federal de Goiás",,1
"A6cd181a8","ORIENTACAO_IC","Utilização de Energia Solar no Tratamento de Poluentes Emergentes Presentes em Efluentes Agrícolas e Agroindustriais",2019,"Universidade Federal de Goiás",,1
"A3d647a62","ORIENTACAO_IC","Isolamento de Enzimas Hidrolíticas de Efluente Agroindustrial",2014,"Universidade Federal de Goiás",,1
"Ae549fcc5","ORIENTACAO_IC","Desenvolvimento de Tecnologias Acopladas para o Tratamento de Efluente Agroindustrial",2014,"Universidade Federal de Goiás",,1
"Aebae8e73","ORIENTACAO_IC","Eliminação do Teor de Óleo e Gorduras (TOG) e da Demanda Química de Oxigênio (DQO) em Efluentes Agroindustriais",2014,"Universidade Federal de Goiás",,1
"Ae4fdfece","ORIENTACAO_IC","Estudo e Desenvolvimento de Tecnologias Acopladas para o Tratamento de Efluente Agroindustrial",2012,"Universidade Federal de Goiás",,1
"A3012dd26","ORIENTACAO_OUTRA","RELATÓRIO DE ESTÁGIO OBRIGATÓRIO REALIZADO NA EMPRESA GAMA SUCOS E ALIMENTOS LTDA",2018,"Universidade Federal de Goiás",,1
"A7912e6f3","ORIENTACAO_OUTRA","RELATÓRIO DE ESTÁGIO OBRIGATÓRIO REALIZADO NA EMPRESAEMPÓRIO DELLA COMERCIAL DE ALIMENTOS LTDA",2018,"Universidade Federal de Goiás",,1
"A62c1a79c","ORIENTACAO_OUTRA","Análise de controle de qualidade da linha de processamento do frigorífico JBS",2015,"Universidade Federal de Goiás",,1
"Aeefd8d1d","ORIENTACAO_OUTRA","Controle de Qualidade da linha de processamento no frigorífico JBS",2015,"Universidade Federal de Goiás",,1
"A541862ab","ORIENTACAO_OUTRA","Monitoria em Fenômenos de Transporte III",2014,"Universidade Federal de Goiás",,1
"A60c0d478","ORIENTACAO_OUTRA","Verificação de Procedimentos Operacionais",2014,"Universidade Federal de Goiás",,1
