"id_atividade","id_pesquisador","papel","tipo"
"A32e009f5","P006","Coordenador","PROJETO_PESQUISA"
"Aa2af2a93","P006","Coordenador","PROJETO_PESQUISA"
"A047d46d0","P006","Integrante","PROJETO_PESQUISA"
"A047d46d0","P016","Coordenador","PROJETO_PESQUISA"
"A047d46d0","P008","Integrante","PROJETO_PESQUISA"
"Aa7d3526a","P006","Integrante","PROJETO_PESQUISA"
"Aa89c7d86","P006","Integrante","PROJETO_PESQUISA"
"Aa89c7d86","P016","Coordenador","PROJETO_PESQUISA"
"A39e0919b","P006","Coordenador","PROJETO_PESQUISA"
"A39e0919b","P016","Integrante","PROJETO_PESQUISA"
"A37e795cf","P006","Integrante","PROJETO_PESQUISA"
"A364879ea","P006","Integrante","PROJETO_PESQUISA"
"A6b5b5cbf","P006","Integrante","PROJETO_PESQUISA"
"A3fae5708","P006","Coordenador","PROJETO_PESQUISA"
"Ac12cbf0b","P006","Orientador","ORIENTACAO_DOUTORADO"
"A86766b30","P006","Coorientador","ORIENTACAO_DOUTORADO"
"A6d1214bd","P006","Orientador","ORIENTACAO_DOUTORADO"
"A4ffbd9dc","P006","Orientador","ORIENTACAO_DOUTORADO"
"A7f576f9b","P006","Coorientador","ORIENTACAO_DOUTORADO"
"Ad2a3b3ab","P006","Orientador","ORIENTACAO_POS_DOC"
"A29bab555","P006","Orientador","ORIENTACAO_POS_DOC"
"A4f903c6a","P006","Orientador","ORIENTACAO_MESTRADO"
"Af32f5271","P006","Orientador","ORIENTACAO_MESTRADO"
"A6a5953ed","P006","Coorientador","ORIENTACAO_MESTRADO"
"A87232c94","P006","Orientador","ORIENTACAO_MESTRADO"
"A38b6d4bd","P006","Orientador","ORIENTACAO_MESTRADO"
"Ab58a7fe1","P006","Coorientador","ORIENTACAO_MESTRADO"
"Ad9420d19","P006","Coorientador","ORIENTACAO_MESTRADO"
"A700ce2e7","P006","Orientador","ORIENTACAO_MESTRADO"
"A523bf12f","P006","Orientador","ORIENTACAO_MESTRADO"
"Afddc8638","P006","Orientador","ORIENTACAO_MESTRADO"
"Abf2d52b4","P006","Orientador","ORIENTACAO_MESTRADO"
"Ab627e348","P006","Orientador","ORIENTACAO_DOUTORADO"
"A357a5812","P006","Orientador","ORIENTACAO_DOUTORADO"
"A89aa66c8","P006","Orientador","ORIENTACAO_DOUTORADO"
"A1aacb4d3","P006","Orientador","ORIENTACAO_DOUTORADO"
"A40c35489","P006","Orientador","ORIENTACAO_POS_DOC"
"A08191d2d","P006","Orientador","ORIENTACAO_POS_DOC"
"A71dc1297","P006","Orientador","ORIENTACAO_POS_DOC"
"Ab4fe26ac","P007","Coordenador","PROJETO_PESQUISA"
"Ab4fe26ac","P018","Integrante","PROJETO_PESQUISA"
"A73d4ef1a","P007","Coordenador","PROJETO_PESQUISA"
"A73d4ef1a","P018","Integrante","PROJETO_PESQUISA"
"Afa1f143a","P007","Coordenador","PROJETO_PESQUISA"
"Afa1f143a","P018","Integrante","PROJETO_PESQUISA"
"A1e927422","P007","Coordenador","PROJETO_PESQUISA"
"A2bb61e05","P007","Coordenador","PROJETO_PESQUISA"
"A97c3b58e","P007","Coordenador","PROJETO_PESQUISA"
"Ab5a85779","P007","Coordenador","PROJETO_PESQUISA"
"A07acf1ec","P007","Coordenador","PROJETO_EXTENSAO"
"A4808a9d9","P007","Membro de banca","BANCA_MESTRADO"
"A03adae31","P007","Membro de banca","BANCA_MESTRADO"
"A8e433cc1","P007","Membro de banca","BANCA_MESTRADO"
"Acb787d67","P007","Membro de banca","BANCA_MESTRADO"
"Aeb7b2ca3","P007","Membro de banca","BANCA_MESTRADO"
"Aff9a3449","P007","Membro de banca","BANCA_MESTRADO"
"Aca19ce2a","P007","Membro de banca","BANCA_MESTRADO"
"A642d5279","P007","Membro de banca","BANCA_MESTRADO"
"A9ec77659","P007","Membro de banca","BANCA_MESTRADO"
"A2b509ace","P012","Membro de banca","BANCA_MESTRADO"
"A2b509ace","P007","Membro de banca","BANCA_MESTRADO"
"A82188c41","P016","Membro de banca","BANCA_MESTRADO"
"A82188c41","P007","Membro de banca","BANCA_MESTRADO"
"Afc196d94","P007","Membro de banca","BANCA_MESTRADO"
"Afd1386a5","P007","Membro de banca","BANCA_MESTRADO"
"Aee3bb523","P007","Membro de banca","BANCA_DOUTORADO"
"Ad5f70e98","P007","Membro de banca","BANCA_MESTRADO"
"Ac4878ff1","P007","Membro de banca","BANCA_MESTRADO"
"Ab9423200","P007","Membro de banca","BANCA_MESTRADO"
"Af2ff8fdb","P007","Membro de banca","BANCA_MESTRADO"
"Abbc3e2d0","P007","Membro de banca","BANCA_MESTRADO"
"Ac2eb4ade","P007","Membro de banca","BANCA_MESTRADO"
"A92888949","P007","Membro de banca","BANCA_MESTRADO"
"Ae3cdcd10","P007","Membro de banca","BANCA_MESTRADO"
"Adb185a34","P007","Membro de banca","BANCA_MESTRADO"
"A31bd8140","P007","Membro de banca","BANCA_MESTRADO"
"Af510e8fe","P007","Membro de banca","BANCA_MESTRADO"
"Ad7727da2","P007","Membro de banca","BANCA_MESTRADO"
"A9a01edf2","P018","Membro de banca","BANCA_TCC"
"A9a01edf2","P007","Membro de banca","BANCA_TCC"
"A0155cf4d","P007","Membro de banca","BANCA_TCC"
"A0f76eb01","P007","Membro de banca","BANCA_TCC"
"Af3430658","P007","Membro de banca","BANCA_TCC"
"A1a60cb8c","P007","Membro de banca","BANCA_TCC"
"A9da95e41","P007","Membro de banca","BANCA_TCC"
"Ab0b0c6b9","P007","Membro de banca","BANCA_TCC"
"Ae97a3727","P007","Membro de banca","BANCA_TCC"
"Aa567b554","P007","Membro de banca","BANCA_TCC"
"A14cd5148","P007","Membro de banca","BANCA_TCC"
"A5b073548","P007","Membro de banca","BANCA_TCC"
"A060e6643","P007","Membro de banca","BANCA_TCC"
"A86f5458a","P007","Membro de banca","BANCA_TCC"
"Acd3adb19","P007","Membro de banca","BANCA_TCC"
"Aa88d09c8","P007","Membro de banca","BANCA_TCC"
"A0e48f705","P007","Membro de banca","BANCA_TCC"
"A37811337","P007","Membro de banca","BANCA_TCC"
"A8fe1561e","P007","Membro de banca","BANCA_TCC"
"Af943aa77","P007","Membro de banca","BANCA_TCC"
"A904a4072","P007","Membro de banca","BANCA_TCC"
"A5cea0073","P007","Membro de banca","BANCA_TCC"
"Ab3a8fe52","P007","Membro de banca","BANCA_TCC"
"Aa0801786","P007","Membro de banca","BANCA_TCC"
"Ab418b66e","P007","Membro de banca","BANCA_TCC"
"A58bca4de","P007","Membro de banca","BANCA_TCC"
"A8c74c928","P007","Membro de banca","BANCA_TCC"
"A30550784","P007","Orientador","ORIENTACAO_MESTRADO"
"Ac696a900","P007","Orientador","ORIENTACAO_MESTRADO"
"Aa2cf375c","P007","Orientador","ORIENTACAO_MESTRADO"
"Af751a042","P007","Orientador","ORIENTACAO_MESTRADO"
"A263d0887","P007","Orientador","ORIENTACAO_ESPECIALIZACAO"
"A016ed83e","P007","Orientador","ORIENTACAO_IC"
"A3d59bfc1","P007","Orientador","ORIENTACAO_MESTRADO"
"A4995fbda","P007","Coorientador","ORIENTACAO_MESTRADO"
"Af4e51855","P007","Orientador","ORIENTACAO_MESTRADO"
"A844fe0f3","P007","Orientador","ORIENTACAO_MESTRADO"
"A8bff5eb2","P007","Orientador","ORIENTACAO_MESTRADO"
"A0977c7f6","P007","Orientador","ORIENTACAO_MESTRADO"
"A3553d58d","P007","Orientador","ORIENTACAO_MESTRADO"
"Aabf1e89b","P007","Orientador","ORIENTACAO_MESTRADO"
"A11e96e1a","P007","Orientador","ORIENTACAO_MESTRADO"
"A59fe1e72","P007","Orientador","ORIENTACAO_MESTRADO"
"A5c50083f","P007","Orientador","ORIENTACAO_MESTRADO"
"Aff152267","P007","Orientador","ORIENTACAO_MESTRADO"
"Ae125accc","P007","Coorientador","ORIENTACAO_MESTRADO"
"A8f6d5d56","P007","Coorientador","ORIENTACAO_MESTRADO"
"A7ff1dcab","P007","Coorientador","ORIENTACAO_MESTRADO"
"A180be89a","P007","Coorientador","ORIENTACAO_MESTRADO"
"A4a3e6024","P007","Orientador","ORIENTACAO_ESPECIALIZACAO"
"Aaca4bc2b","P007","Orientador","ORIENTACAO_ESPECIALIZACAO"
"A03358377","P007","Orientador","ORIENTACAO_TCC"
"Afb40e255","P007","Orientador","ORIENTACAO_TCC"
"A954c777e","P007","Orientador","ORIENTACAO_TCC"
"Aa62028d6","P007","Orientador","ORIENTACAO_TCC"
"A6fd900bb","P007","Orientador","ORIENTACAO_TCC"
"A2f4a7215","P007","Orientador","ORIENTACAO_TCC"
"Afc608455","P007","Orientador","ORIENTACAO_TCC"
"A78e00883","P007","Orientador","ORIENTACAO_TCC"
"A05f072b2","P007","Orientador","ORIENTACAO_TCC"
"A5f783b8a","P007","Orientador","ORIENTACAO_TCC"
"A1599d8b2","P007","Orientador","ORIENTACAO_TCC"
"A0b8d8bd1","P007","Orientador","ORIENTACAO_TCC"
"A9815d518","P007","Orientador","ORIENTACAO_TCC"
"A5729d689","P007","Orientador","ORIENTACAO_TCC"
"A81de6e23","P007","Orientador","ORIENTACAO_TCC"
"A1526ac37","P007","Orientador","ORIENTACAO_TCC"
"Abd689dfa","P007","Orientador","ORIENTACAO_TCC"
"Ac383e9cf","P007","Orientador","ORIENTACAO_TCC"
"A1ff29dba","P007","Orientador","ORIENTACAO_TCC"
"A3e248573","P007","Orientador","ORIENTACAO_TCC"
"A0987aaeb","P007","Orientador","ORIENTACAO_TCC"
"A0af57763","P007","Orientador","ORIENTACAO_TCC"
"A373cb724","P007","Orientador","ORIENTACAO_TCC"
"A6b390038","P007","Orientador","ORIENTACAO_TCC"
"Af347334c","P007","Orientador","ORIENTACAO_TCC"
"A865cdc54","P007","Orientador","ORIENTACAO_TCC"
"A5737d5f4","P007","Orientador","ORIENTACAO_TCC"
"Aaf06c5e3","P007","Orientador","ORIENTACAO_TCC"
"A4ac25c99","P007","Orientador","ORIENTACAO_TCC"
"A3ac322be","P007","Orientador","ORIENTACAO_TCC"
"Aea389057","P007","Orientador","ORIENTACAO_TCC"
"A9079a280","P007","Orientador","ORIENTACAO_TCC"
"A8368dc85","P007","Orientador","ORIENTACAO_TCC"
"Ade242e53","P007","Orientador","ORIENTACAO_TCC"
"Abcd06513","P007","Orientador","ORIENTACAO_TCC"
"Af3ddd0a8","P007","Orientador","ORIENTACAO_TCC"
"A3d75ab37","P007","Orientador","ORIENTACAO_TCC"
"A4d475bbe","P007","Orientador","ORIENTACAO_TCC"
"A75e5ad67","P007","Orientador","ORIENTACAO_TCC"
"A62d7a9cf","P007","Orientador","ORIENTACAO_TCC"
"A2a903f99","P007","Orientador","ORIENTACAO_TCC"
"Aad7e3b1a","P007","Orientador","ORIENTACAO_TCC"
"A0d5f1784","P007","Orientador","ORIENTACAO_TCC"
"A68044b1a","P007","Orientador","ORIENTACAO_IC"
"Aa276fd36","P007","Orientador","ORIENTACAO_IC"
"Aa63fddcd","P007","Orientador","ORIENTACAO_IC"
"Ae5b83e3e","P007","Orientador","ORIENTACAO_IC"
"Aff4ac4ef","P007","Orientador","ORIENTACAO_IC"
"Af0ceb2ae","P007","Orientador","ORIENTACAO_IC"
"A92aba36d","P007","Orientador","ORIENTACAO_IC"
"Ab1b9895a","P007","Orientador","ORIENTACAO_IC"
"A0623faad","P007","Orientador","ORIENTACAO_IC"
"Aa9213d74","P007","Orientador","ORIENTACAO_IC"
"A18caf23b","P007","Orientador","ORIENTACAO_IC"
"Aebf6cfe6","P007","Orientador","ORIENTACAO_IC"
"Ac584c641","P007","Orientador","ORIENTACAO_IC"
"A0386502e","P007","Orientador","ORIENTACAO_IC"
"A10feaa6b","P007","Orientador","ORIENTACAO_IC"
"A3d233646","P007","Orientador","ORIENTACAO_IC"
"A3581ed04","P007","Orientador","ORIENTACAO_IC"
"Ac93fe3e8","P007","Orientador","ORIENTACAO_IC"
"Ae16504d5","P007","Orientador","ORIENTACAO_IC"
"Ab946ee32","P007","Orientador","ORIENTACAO_IC"
"A8e54b4f7","P007","Orientador","ORIENTACAO_IC"
"Aaca160e6","P007","Orientador","ORIENTACAO_IC"
"A60dcc582","P007","Orientador","ORIENTACAO_IC"
"Ad399770e","P007","Orientador","ORIENTACAO_OUTRA"
"A349c084d","P007","Orientador","ORIENTACAO_OUTRA"
"A8c49bf0a","P007","Orientador","ORIENTACAO_OUTRA"
"Aa264633d","P007","Orientador","ORIENTACAO_OUTRA"
"Accbc4d85","P008","Integrante","PROJETO_PESQUISA"
"Accbc4d85","P011","Integrante","PROJETO_PESQUISA"
"Accbc4d85","P015","Integrante","PROJETO_PESQUISA"
"Accbc4d85","P007","Integrante","PROJETO_PESQUISA"
"Accbc4d85","P016","Integrante","PROJETO_PESQUISA"
"Accbc4d85","P012","Integrante","PROJETO_PESQUISA"
"A047d46d0","P013","Integrante","PROJETO_PESQUISA"
"A047d46d0","P018","Integrante","PROJETO_PESQUISA"
"Ac85a383f","P008","Integrante","PROJETO_PESQUISA"
"Ac85a383f","P011","Integrante","PROJETO_PESQUISA"
"Ac85a383f","P015","Integrante","PROJETO_PESQUISA"
"Ac85a383f","P016","Coordenador","PROJETO_PESQUISA"
"Ac85a383f","P013","Integrante","PROJETO_PESQUISA"
"Ac85a383f","P017","Integrante","PROJETO_PESQUISA"
"Ac85a383f","P010","Integrante","PROJETO_PESQUISA"
"Ac85a383f","P018","Integrante","PROJETO_PESQUISA"
"A561ad052","P008","Coordenador","PROJETO_PESQUISA"
"A561ad052","P011","Integrante","PROJETO_PESQUISA"
"A561ad052","P016","Integrante","PROJETO_PESQUISA"
"A561ad052","P009","Integrante","PROJETO_PESQUISA"
"A82d5815b","P016","Membro de banca","BANCA_MESTRADO"
"A82d5815b","P008","Membro de banca","BANCA_MESTRADO"
"A516e9bd2","P008","Membro de banca","BANCA_MESTRADO"
"A4808a9d9","P008","Membro de banca","BANCA_MESTRADO"
"A8568afa1","P016","Membro de banca","BANCA_MESTRADO"
"A8568afa1","P008","Membro de banca","BANCA_MESTRADO"
"A56f43163","P008","Membro de banca","BANCA_MESTRADO"
"A1b9cd3e9","P008","Membro de banca","BANCA_MESTRADO"
"Adff94cce","P008","Membro de banca","BANCA_MESTRADO"
"A5a957cfd","P008","Membro de banca","BANCA_MESTRADO"
"A5811ed9d","P008","Membro de banca","BANCA_MESTRADO"
"A9f9be8da","P008","Membro de banca","BANCA_MESTRADO"
"A909a91fa","P016","Membro de banca","BANCA_MESTRADO"
"A909a91fa","P008","Membro de banca","BANCA_MESTRADO"
"A91f181d4","P016","Membro de banca","BANCA_MESTRADO"
"A91f181d4","P008","Membro de banca","BANCA_MESTRADO"
"A504b8dbf","P008","Membro de banca","BANCA_MESTRADO"
"A504b8dbf","P017","Membro de banca","BANCA_MESTRADO"
"Ace05fe70","P016","Membro de banca","BANCA_MESTRADO"
"Ace05fe70","P008","Membro de banca","BANCA_MESTRADO"
"A9dee7a25","P008","Membro de banca","BANCA_ESPECIALIZACAO"
"A9dee7a25","P015","Membro de banca","BANCA_ESPECIALIZACAO"
"Aad381108","P016","Membro de banca","BANCA_ESPECIALIZACAO"
"Aad381108","P008","Membro de banca","BANCA_ESPECIALIZACAO"
"A1b2dd95a","P016","Membro de banca","BANCA_TCC"
"A1b2dd95a","P008","Membro de banca","BANCA_TCC"
"A66aace18","P016","Membro de banca","BANCA_TCC"
"A66aace18","P008","Membro de banca","BANCA_TCC"
"A0e4e9641","P017","Membro de banca","BANCA_TCC"
"A0e4e9641","P008","Membro de banca","BANCA_TCC"
"A34956890","P008","Membro de banca","BANCA_TCC"
"A7a2b0bb4","P008","Membro de banca","BANCA_TCC"
"A5a8ad262","P008","Membro de banca","BANCA_TCC"
"Add8dd52a","P016","Membro de banca","BANCA_TCC"
"Add8dd52a","P008","Membro de banca","BANCA_TCC"
"A1eb710ef","P017","Membro de banca","BANCA_TCC"
"A1eb710ef","P008","Membro de banca","BANCA_TCC"
"Aa8b481bf","P017","Membro de banca","BANCA_TCC"
"Aa8b481bf","P008","Membro de banca","BANCA_TCC"
"Af5573e64","P016","Membro de banca","BANCA_TCC"
"Af5573e64","P008","Membro de banca","BANCA_TCC"
"A9a01edf2","P008","Membro de banca","BANCA_TCC"
"Ae65ce8ab","P017","Membro de banca","BANCA_TCC"
"Ae65ce8ab","P008","Membro de banca","BANCA_TCC"
"A20f92f24","P008","Membro de banca","BANCA_TCC"
"A20f92f24","P017","Membro de banca","BANCA_TCC"
"Af3cd2fc7","P008","Membro de banca","BANCA_TCC"
"Ae350a683","P008","Membro de banca","BANCA_TCC"
"A45a199e5","P008","Membro de banca","BANCA_TCC"
"A45a199e5","P007","Membro de banca","BANCA_TCC"
"A6c9daeda","P007","Membro de banca","BANCA_TCC"
"A6c9daeda","P008","Membro de banca","BANCA_TCC"
"A839a3a61","P008","Membro de banca","BANCA_TCC"
"A5ed434a9","P016","Membro de banca","BANCA_TCC"
"A5ed434a9","P009","Membro de banca","BANCA_TCC"
"A5ed434a9","P008","Membro de banca","BANCA_TCC"
"A09eb1d80","P008","Orientador","ORIENTACAO_MESTRADO"
"Aced3c315","P008","Orientador","ORIENTACAO_MESTRADO"
"A752d792a","P008","Orientador","ORIENTACAO_MESTRADO"
"A86e6e0c5","P008","Orientador","ORIENTACAO_TCC"
"Ac479b0a6","P008","Orientador","ORIENTACAO_TCC"
"A64b719b0","P008","Orientador","ORIENTACAO_IC"
"A880696fc","P008","Orientador","ORIENTACAO_IC"
"A8dca37ef","P008","Orientador","ORIENTACAO_IC"
"Ada6b3401","P008","Orientador","ORIENTACAO_IC"
"A1c7f99a7","P008","Orientador","ORIENTACAO_IC"
"A1edc3adb","P008","Orientador","ORIENTACAO_IC"
"A4434f867","P008","Coorientador","ORIENTACAO_MESTRADO"
"A977f210e","P008","Coorientador","ORIENTACAO_MESTRADO"
"Ab2cc44a0","P008","Orientador","ORIENTACAO_ESPECIALIZACAO"
"A36b9271b","P008","Orientador","ORIENTACAO_ESPECIALIZACAO"
"Aa1b8adfa","P008","Orientador","ORIENTACAO_ESPECIALIZACAO"
"A5a83c83e","P008","Orientador","ORIENTACAO_ESPECIALIZACAO"
"A22a3a9af","P008","Orientador","ORIENTACAO_ESPECIALIZACAO"
"A1da656af","P008","Orientador","ORIENTACAO_ESPECIALIZACAO"
"Aed091ea0","P008","Orientador","ORIENTACAO_ESPECIALIZACAO"
"A27df5673","P008","Orientador","ORIENTACAO_ESPECIALIZACAO"
"A1544b45a","P008","Orientador","ORIENTACAO_ESPECIALIZACAO"
"Af98ae4e6","P008","Orientador","ORIENTACAO_ESPECIALIZACAO"
"A62f18548","P008","Orientador","ORIENTACAO_ESPECIALIZACAO"
"A8c62269f","P008","Orientador","ORIENTACAO_ESPECIALIZACAO"
"A1d5a769b","P008","Orientador","ORIENTACAO_ESPECIALIZACAO"
"A8c1754b0","P008","Orientador","ORIENTACAO_ESPECIALIZACAO"
"A58ee73de","P008","Orientador","ORIENTACAO_ESPECIALIZACAO"
"Add93a4b3","P008","Orientador","ORIENTACAO_ESPECIALIZACAO"
"Aa613a0a3","P008","Orientador","ORIENTACAO_ESPECIALIZACAO"
"Ad7606feb","P008","Orientador","ORIENTACAO_ESPECIALIZACAO"
"Ac5a81b75","P008","Orientador","ORIENTACAO_TCC"
"A195e9e34","P008","Orientador","ORIENTACAO_TCC"
"Ae25f1ce4","P008","Orientador","ORIENTACAO_TCC"
"A7b7417df","P008","Orientador","ORIENTACAO_TCC"
"Ac22b8837","P008","Orientador","ORIENTACAO_IC"
"Ab398f8da","P009","Coordenador","PROJETO_PESQUISA"
"Add339052","P009","Coordenador","PROJETO_PESQUISA"
"Add339052","P008","Integrante","PROJETO_PESQUISA"
"Add339052","P012","Integrante","PROJETO_PESQUISA"
"A570e5e09","P010","Membro de banca","BANCA_MESTRADO"
"A570e5e09","P009","Membro de banca","BANCA_MESTRADO"
"A40a4558e","P009","Membro de banca","BANCA_MESTRADO"
"A5f494060","P009","Membro de banca","BANCA_MESTRADO"
"A5f494060","P012","Membro de banca","BANCA_MESTRADO"
"Af7388d57","P009","Membro de banca","BANCA_MESTRADO"
"Adc32dee7","P012","Membro de banca","BANCA_MESTRADO"
"Adc32dee7","P009","Membro de banca","BANCA_MESTRADO"
"A2d405ec3","P009","Membro de banca","BANCA_MESTRADO"
"A995e68f3","P012","Membro de banca","BANCA_MESTRADO"
"A995e68f3","P009","Membro de banca","BANCA_MESTRADO"
"A33cf07ea","P012","Membro de banca","BANCA_MESTRADO"
"A33cf07ea","P009","Membro de banca","BANCA_MESTRADO"
"Adaa828d6","P009","Membro de banca","BANCA_MESTRADO"
"A8c320806","P009","Membro de banca","BANCA_MESTRADO"
"A9a994a43","P010","Membro de banca","BANCA_DOUTORADO"
"A9a994a43","P009","Membro de banca","BANCA_DOUTORADO"
"A4d5d3999","P009","Membro de banca","BANCA_DOUTORADO"
"A5a7c2760","P017","Membro de banca","BANCA_MESTRADO"
"A5a7c2760","P009","Membro de banca","BANCA_MESTRADO"
"Ab0ecd352","P009","Membro de banca","BANCA_MESTRADO"
"Ab684e8d4","P010","Membro de banca","BANCA_MESTRADO"
"Ab684e8d4","P009","Membro de banca","BANCA_MESTRADO"
"A70d7af7a","P009","Membro de banca","BANCA_MESTRADO"
"A037c6beb","P012","Membro de banca","BANCA_MESTRADO"
"A037c6beb","P009","Membro de banca","BANCA_MESTRADO"
"A114477e7","P009","Membro de banca","BANCA_MESTRADO"
"A114477e7","P008","Membro de banca","BANCA_MESTRADO"
"A8f67808f","P012","Membro de banca","BANCA_MESTRADO"
"A8f67808f","P009","Membro de banca","BANCA_MESTRADO"
"A41ff475a","P012","Membro de banca","BANCA_MESTRADO"
"A41ff475a","P009","Membro de banca","BANCA_MESTRADO"
"A87e41535","P009","Membro de banca","BANCA_MESTRADO"
"A958b766b","P009","Membro de banca","BANCA_MESTRADO"
"Aa61d7ddf","P012","Membro de banca","BANCA_MESTRADO"
"Aa61d7ddf","P009","Membro de banca","BANCA_MESTRADO"
"Ad9301287","P012","Membro de banca","BANCA_MESTRADO"
"Ad9301287","P009","Membro de banca","BANCA_MESTRADO"
"A73acb662","P009","Membro de banca","BANCA_MESTRADO"
"A78c60fd9","P009","Membro de banca","BANCA_MESTRADO"
"A51abd504","P009","Membro de banca","BANCA_MESTRADO"
"A5314db93","P015","Membro de banca","BANCA_MESTRADO"
"A5314db93","P009","Membro de banca","BANCA_MESTRADO"
"A973aea13","P009","Membro de banca","BANCA_MESTRADO"
"Ab1703922","P017","Membro de banca","BANCA_TCC"
"Ab1703922","P009","Membro de banca","BANCA_TCC"
"Ac99c2ae3","P009","Membro de banca","BANCA_TCC"
"A9e99da0b","P009","Membro de banca","BANCA_TCC"
"A4f3b9883","P008","Membro de banca","BANCA_TCC"
"A4f3b9883","P016","Membro de banca","BANCA_TCC"
"A4f3b9883","P009","Membro de banca","BANCA_TCC"
"A7bbeab74","P009","Membro de banca","BANCA_TCC"
"A99c343f9","P009","Membro de banca","BANCA_TCC"
"Add949ccb","P009","Membro de banca","BANCA_TCC"
"Ae5e39b71","P009","Membro de banca","BANCA_TCC"
"A5b8b8bf3","P009","Membro de banca","BANCA_TCC"
"Aba16fac2","P016","Membro de banca","BANCA_TCC"
"Aba16fac2","P008","Membro de banca","BANCA_TCC"
"Aba16fac2","P009","Membro de banca","BANCA_TCC"
"A265c5c90","P009","Membro de banca","BANCA_TCC"
"A43d75c0e","P009","Orientador","ORIENTACAO_MESTRADO"
"Afcf8fe0f","P009","Orientador","ORIENTACAO_MESTRADO"
"A229c8597","P009","Coorientador","ORIENTACAO_DOUTORADO"
"A2f9ea144","P009","Orientador","ORIENTACAO_MESTRADO"
"A30a2b4f0","P009","Coorientador","ORIENTACAO_MESTRADO"
"Aa6f1e178","P009","Coorientador","ORIENTACAO_MESTRADO"
"Ae08e98cc","P009","Orientador","ORIENTACAO_MESTRADO"
"Ac88d3283","P009","Coorientador","ORIENTACAO_MESTRADO"
"Aa424b1b2","P009","Coorientador","ORIENTACAO_DOUTORADO"
"Ad6efc42c","P009","Orientador","ORIENTACAO_TCC"
"A2a69a917","P009","Orientador","ORIENTACAO_TCC"
"Af8101597","P009","Orientador","ORIENTACAO_TCC"
"A64f0acc1","P009","Orientador","ORIENTACAO_TCC"
"Ab7458233","P009","Orientador","ORIENTACAO_IC"
"A05d12ed0","P009","Orientador","ORIENTACAO_IC"
"Af0ed6f02","P009","Orientador","ORIENTACAO_IC"
"A35e86944","P009","Orientador","ORIENTACAO_IC"
"A31a0043f","P009","Orientador","ORIENTACAO_IC"
"A1f206a69","P009","Orientador","ORIENTACAO_IC"
"A9328a35b","P009","Orientador","ORIENTACAO_IC"
"A8cf61714","P010","Coordenador","PROJETO_PESQUISA"
"A673b749e","P010","Integrante","PROJETO_PESQUISA"
"A673b749e","P017","Integrante","PROJETO_PESQUISA"
"A404450af","P010","Coordenador","PROJETO_PESQUISA"
"A404450af","P009","Integrante.Número de produções C, T & A: 2","PROJETO_PESQUISA"
"Aa63c57ec","P010","Integrante","PROJETO_PESQUISA"
"Ab0192387","P010","Integrante","PROJETO_PESQUISA"
"A8fdab203","P010","Integrante","PROJETO_PESQUISA"
"A779ac16c","P010","Integrante","PROJETO_EXTENSAO"
"Afe3bbc2a","P015","Membro de banca","BANCA_MESTRADO"
"Afe3bbc2a","P010","Membro de banca","BANCA_MESTRADO"
"Ab2caa6bb","P010","Membro de banca","BANCA_MESTRADO"
"A5fd09187","P010","Membro de banca","BANCA_DOUTORADO"
"Abc1c32af","P010","Membro de banca","BANCA_DOUTORADO"
"Aff6ee4bc","P010","Membro de banca","BANCA_DOUTORADO"
"A9673b506","P010","Membro de banca","BANCA_DOUTORADO"
"A4911c542","P010","Membro de banca","BANCA_MESTRADO"
"A66800ab1","P010","Membro de banca","BANCA_MESTRADO"
"A66800ab1","P009","Membro de banca","BANCA_MESTRADO"
"A9a4af30f","P010","Membro de banca","BANCA_MESTRADO"
"A9a4af30f","P017","Membro de banca","BANCA_MESTRADO"
"Af68bc108","P010","Membro de banca","BANCA_ESPECIALIZACAO"
"Af04c21b1","P016","Membro de banca","BANCA_ESPECIALIZACAO"
"Af04c21b1","P010","Membro de banca","BANCA_ESPECIALIZACAO"
"Af7bf038a","P010","Membro de banca","BANCA_ESPECIALIZACAO"
"A4c769810","P010","Membro de banca","BANCA_ESPECIALIZACAO"
"A89bffe26","P010","Membro de banca","BANCA_ESPECIALIZACAO"
"Ad7d32333","P010","Membro de banca","BANCA_TCC"
"Aa6ed4359","P010","Membro de banca","BANCA_TCC"
"A5a13b4bd","P017","Membro de banca","BANCA_TCC"
"A5a13b4bd","P010","Membro de banca","BANCA_TCC"
"A272cdc5b","P017","Membro de banca","BANCA_TCC"
"A272cdc5b","P010","Membro de banca","BANCA_TCC"
"A737a213b","P017","Membro de banca","BANCA_TCC"
"A737a213b","P010","Membro de banca","BANCA_TCC"
"A825b7161","P010","Membro de banca","BANCA_TCC"
"A21443f2a","P017","Membro de banca","BANCA_TCC"
"A21443f2a","P008","Membro de banca","BANCA_TCC"
"A21443f2a","P010","Membro de banca","BANCA_TCC"
"A83a940b9","P010","Membro de banca","BANCA_TCC"
"A472dfd9e","P010","Orientador","ORIENTACAO_MESTRADO"
"Ae6bca19b","P010","Orientador","ORIENTACAO_ESPECIALIZACAO"
"A836c54b5","P010","Orientador","ORIENTACAO_ESPECIALIZACAO"
"A598dbc02","P010","Orientador","ORIENTACAO_ESPECIALIZACAO"
"A232bb7d4","P010","Orientador","ORIENTACAO_ESPECIALIZACAO"
"A2695d898","P010","Orientador","ORIENTACAO_TCC"
"A380264e7","P010","Orientador","ORIENTACAO_TCC"
"A456620a1","P010","Orientador","ORIENTACAO_IC"
"Aaeb494e4","P010","Orientador","ORIENTACAO_IC"
"Ad68711a2","P010","Orientador","ORIENTACAO_IC"
"Aeb9a8690","P010","Orientador","ORIENTACAO_IC"
"A6ee36c2b","P011","Coordenador","PROJETO_PESQUISA"
"Ab2a03e15","P011","Coordenador","PROJETO_PESQUISA"
"Ab2a03e15","P018","Integrante","PROJETO_PESQUISA"
"Ab2a03e15","P009","Integrante","PROJETO_PESQUISA"
"Afccdf4b0","P011","Coordenador","PROJETO_PESQUISA"
"Aceb77805","P011","Coordenador","PROJETO_PESQUISA"
"A35dda4f3","P011","Integrante","PROJETO_PESQUISA"
"A35dda4f3","P012","Coordenador","PROJETO_PESQUISA"
"A35dda4f3","P008","Integrante","PROJETO_PESQUISA"
"Aac930d0b","P011","Coordenador","PROJETO_PESQUISA"
"A50e65516","P011","Coordenador","PROJETO_PESQUISA"
"Aa89c7d86","P011","Integrante","PROJETO_PESQUISA"
"Aa89c7d86","P015","Integrante","PROJETO_PESQUISA"
"Aa89c7d86","P013","Integrante","PROJETO_PESQUISA"
"Aa89c7d86","P018","Integrante","PROJETO_PESQUISA"
"A39e35671","P011","Integrante","PROJETO_PESQUISA"
"A39e35671","P012","Coordenador","PROJETO_PESQUISA"
"Ad436d4c1","P011","Integrante","PROJETO_PESQUISA"
"Ad436d4c1","P012","Coordenador","PROJETO_PESQUISA"
"A68f8c6a1","P011","Integrante","PROJETO_PESQUISA"
"A68f8c6a1","P012","Coordenador","PROJETO_PESQUISA"
"Ada697e27","P011","Integrante","PROJETO_PESQUISA"
"Ada697e27","P012","Coordenador","PROJETO_PESQUISA"
"A0278888e","P011","Integrante","PROJETO_PESQUISA"
"A78751175","P011","Coordenador","PROJETO_EXTENSAO"
"A78751175","P016","Integrante","PROJETO_EXTENSAO"
"Acaf5eba3","P011","Coordenador","PROJETO_EXTENSAO"
"A9fa18f9b","P011","Coordenador","PROJETO_EXTENSAO"
"Aef8213c7","P011","Coordenador","PROJETO_EXTENSAO"
"A09c42e8a","P011","Membro de banca","BANCA_MESTRADO"
"A04222a44","P011","Membro de banca","BANCA_MESTRADO"
"Ad3410344","P011","Membro de banca","BANCA_MESTRADO"
"A3f423540","P012","Membro de banca","BANCA_MESTRADO"
"A3f423540","P011","Membro de banca","BANCA_MESTRADO"
"A139efbcf","P011","Membro de banca","BANCA_MESTRADO"
"A0cf13d43","P015","Membro de banca","BANCA_MESTRADO"
"A0cf13d43","P011","Membro de banca","BANCA_MESTRADO"
"A2db27bb8","P011","Membro de banca","BANCA_MESTRADO"
"A23ae622e","P017","Membro de banca","BANCA_MESTRADO"
"A23ae622e","P011","Membro de banca","BANCA_MESTRADO"
"Ab7146695","P011","Membro de banca","BANCA_MESTRADO"
"A5e6779fe","P011","Membro de banca","BANCA_MESTRADO"
"A3b906325","P011","Membro de banca","BANCA_MESTRADO"
"A51d0f53c","P011","Membro de banca","BANCA_MESTRADO"
"Afecf45b8","P011","Membro de banca","BANCA_DOUTORADO"
"A95533854","P012","Membro de banca","BANCA_DOUTORADO"
"A95533854","P015","Membro de banca","BANCA_DOUTORADO"
"A95533854","P011","Membro de banca","BANCA_DOUTORADO"
"A67c9c396","P011","Membro de banca","BANCA_DOUTORADO"
"A47fbd348","P011","Membro de banca","BANCA_DOUTORADO"
"A44575b7c","P011","Membro de banca","BANCA_MESTRADO"
"Afe3bbc2a","P011","Membro de banca","BANCA_MESTRADO"
"A75845c06","P011","Membro de banca","BANCA_MESTRADO"
"A62e73bff","P011","Membro de banca","BANCA_MESTRADO"
"A9e4bcba9","P011","Membro de banca","BANCA_MESTRADO"
"A9e4bcba9","P016","Membro de banca","BANCA_MESTRADO"
"A06a7f8ca","P011","Membro de banca","BANCA_MESTRADO"
"A7343f900","P011","Membro de banca","BANCA_ESPECIALIZACAO"
"A63278aec","P011","Membro de banca","BANCA_ESPECIALIZACAO"
"Af85a675a","P011","Membro de banca","BANCA_ESPECIALIZACAO"
"A3497990a","P011","Membro de banca","BANCA_ESPECIALIZACAO"
"Abc225cc9","P011","Membro de banca","BANCA_ESPECIALIZACAO"
"A21d76ff8","P011","Membro de banca","BANCA_ESPECIALIZACAO"
"A2556f8ec","P011","Membro de banca","BANCA_ESPECIALIZACAO"
"A4f914a24","P011","Membro de banca","BANCA_ESPECIALIZACAO"
"A18626782","P011","Membro de banca","BANCA_ESPECIALIZACAO"
"Ad87e929f","P011","Membro de banca","BANCA_ESPECIALIZACAO"
"A81376cb3","P011","Membro de banca","BANCA_ESPECIALIZACAO"
"Ad8c38d9c","P011","Membro de banca","BANCA_ESPECIALIZACAO"
"A70a2863d","P011","Membro de banca","BANCA_ESPECIALIZACAO"
"A62ed728d","P011","Membro de banca","BANCA_ESPECIALIZACAO"
"A7ea07840","P011","Membro de banca","BANCA_ESPECIALIZACAO"
"Acaf312af","P011","Membro de banca","BANCA_ESPECIALIZACAO"
"A1f7c4c3b","P011","Membro de banca","BANCA_TCC"
"A599dedc5","P011","Membro de banca","BANCA_TCC"
"A5e43b71e","P011","Membro de banca","BANCA_TCC"
"A3eb0657c","P011","Membro de banca","BANCA_TCC"
"A3eb0657c","P008","Membro de banca","BANCA_TCC"
"Ae238f27f","P011","Membro de banca","BANCA_TCC"
"A41e0d99d","P011","Membro de banca","BANCA_TCC"
"A8d3bed66","P011","Membro de banca","BANCA_TCC"
"A7e297c10","P008","Membro de banca","BANCA_TCC"
"A7e297c10","P011","Membro de banca","BANCA_TCC"
"Ab948c220","P011","Membro de banca","BANCA_TCC"
"A18b72614","P011","Membro de banca","BANCA_TCC"
"A18b72614","P008","Membro de banca","BANCA_TCC"
"Afd004960","P011","Membro de banca","BANCA_TCC"
"A34c8ccfe","P011","Membro de banca","BANCA_TCC"
"A88594678","P011","Membro de banca","BANCA_TCC"
"A42a61462","P011","Membro de banca","BANCA_TCC"
"A42a61462","P008","Membro de banca","BANCA_TCC"
"Ace4eaed2","P011","Membro de banca","BANCA_TCC"
"Abde91ef7","P016","Membro de banca","BANCA_TCC"
"Abde91ef7","P011","Membro de banca","BANCA_TCC"
"A6e50170d","P011","Membro de banca","BANCA_TCC"
"A2b26163f","P011","Membro de banca","BANCA_TCC"
"A2b26163f","P008","Membro de banca","BANCA_TCC"
"Af3cd2fc7","P011","Membro de banca","BANCA_TCC"
"A95ac42d4","P011","Membro de banca","BANCA_TCC"
"A95ac42d4","P008","Membro de banca","BANCA_TCC"
"A5bc90df2","P011","Membro de banca","BANCA_TCC"
"A19cf18cd","P015","Membro de banca","BANCA_TCC"
"A19cf18cd","P011","Membro de banca","BANCA_TCC"
"A8b168a85","P011","Membro de banca","BANCA_TCC"
"A5761160b","P011","Membro de banca","BANCA_TCC"
"Ad630b42a","P011","Membro de banca","BANCA_TCC"
"A7d0a9efa","P011","Membro de banca","BANCA_TCC"
"A7f72f818","P011","Membro de banca","BANCA_TCC"
"Ab7ef739a","P011","Membro de banca","BANCA_TCC"
"A990949c4","P011","Membro de banca","BANCA_TCC"
"Abe4f68eb","P011","Membro de banca","BANCA_TCC"
"A8d4adf4b","P011","Membro de banca","BANCA_TCC"
"A57d01295","P011","Membro de banca","BANCA_TCC"
"A99afb32a","P011","Membro de banca","BANCA_TCC"
"A78f3abee","P011","Membro de banca","BANCA_TCC"
"Acc3cfab0","P011","Membro de banca","BANCA_TCC"
"Afac52abd","P011","Membro de banca","BANCA_TCC"
"Ac4c48620","P011","Membro de banca","BANCA_TCC"
"Af346a5bb","P011","Membro de banca","BANCA_TCC"
"A033b3603","P011","Membro de banca","BANCA_TCC"
"Af7582426","P011","Membro de banca","BANCA_TCC"
"Acc70e351","P011","Membro de banca","BANCA_TCC"
"A683cee5c","P011","Orientador","ORIENTACAO_MESTRADO"
"A7f4aa2b2","P011","Orientador","ORIENTACAO_MESTRADO"
"A2d49ed71","P011","Orientador","ORIENTACAO_MESTRADO"
"A30fc4800","P011","Orientador","ORIENTACAO_MESTRADO"
"Aa1f62d97","P011","Orientador","ORIENTACAO_MESTRADO"
"A198caa9e","P011","Orientador","ORIENTACAO_MESTRADO"
"A3d609165","P011","Orientador","ORIENTACAO_MESTRADO"
"A1edbe322","P011","Orientador","ORIENTACAO_MESTRADO"
"A4965a655","P011","Orientador","ORIENTACAO_ESPECIALIZACAO"
"Ae17ae65a","P011","Orientador","ORIENTACAO_ESPECIALIZACAO"
"Ae0886861","P011","Orientador","ORIENTACAO_ESPECIALIZACAO"
"A8163fcfb","P011","Orientador","ORIENTACAO_ESPECIALIZACAO"
"A03fc0cb3","P011","Orientador","ORIENTACAO_ESPECIALIZACAO"
"A5a1a4e86","P011","Orientador","ORIENTACAO_ESPECIALIZACAO"
"A2fb80195","P011","Orientador","ORIENTACAO_ESPECIALIZACAO"
"Abe57f60c","P011","Orientador","ORIENTACAO_ESPECIALIZACAO"
"Ae26dcd34","P011","Orientador","ORIENTACAO_TCC"
"Afc14633a","P011","Orientador","ORIENTACAO_TCC"
"Abd92507b","P011","Orientador","ORIENTACAO_TCC"
"A013e394d","P011","Orientador","ORIENTACAO_TCC"
"Ae432b9db","P011","Orientador","ORIENTACAO_TCC"
"A5251387d","P011","Orientador","ORIENTACAO_TCC"
"A2a98e841","P011","Orientador","ORIENTACAO_TCC"
"Aa3fa1cc7","P011","Orientador","ORIENTACAO_TCC"
"A325179cb","P011","Orientador","ORIENTACAO_TCC"
"A2bb6d435","P011","Orientador","ORIENTACAO_TCC"
"Aff6ca0da","P011","Orientador","ORIENTACAO_TCC"
"A1a1a4c7a","P011","Orientador","ORIENTACAO_TCC"
"A7b92dfe4","P011","Orientador","ORIENTACAO_TCC"
"Ad2500a6d","P011","Orientador","ORIENTACAO_TCC"
"A9e146b3d","P011","Orientador","ORIENTACAO_TCC"
"Aa2c2f9f0","P011","Orientador","ORIENTACAO_TCC"
"A79a6092e","P011","Orientador","ORIENTACAO_TCC"
"A745f6bd1","P011","Orientador","ORIENTACAO_TCC"
"A01ca4e92","P011","Orientador","ORIENTACAO_TCC"
"A8ac77529","P011","Orientador","ORIENTACAO_TCC"
"A21139164","P011","Orientador","ORIENTACAO_TCC"
"Aab359aa6","P011","Orientador","ORIENTACAO_TCC"
"A57459335","P011","Orientador","ORIENTACAO_TCC"
"A56dd63dd","P011","Orientador","ORIENTACAO_TCC"
"A9efbce9a","P011","Orientador","ORIENTACAO_TCC"
"A90864905","P011","Orientador","ORIENTACAO_TCC"
"A3ddb43d7","P011","Orientador","ORIENTACAO_TCC"
"A98a3edb1","P011","Orientador","ORIENTACAO_TCC"
"A212c3e0f","P011","Orientador","ORIENTACAO_TCC"
"A7b38961f","P011","Orientador","ORIENTACAO_TCC"
"A4bef2d7e","P011","Orientador","ORIENTACAO_TCC"
"A39349e25","P011","Orientador","ORIENTACAO_TCC"
"Ab6c7bee6","P011","Orientador","ORIENTACAO_TCC"
"A903d8725","P011","Orientador","ORIENTACAO_IC"
"Ae34e7e1c","P011","Orientador","ORIENTACAO_IC"
"A52e6019e","P011","Orientador","ORIENTACAO_IC"
"A0206109a","P011","Orientador","ORIENTACAO_IC"
"A15f07ebf","P011","Orientador","ORIENTACAO_IC"
"A8fa192f5","P011","Orientador","ORIENTACAO_IC"
"A260bc780","P011","Orientador","ORIENTACAO_IC"
"Ac1fafa7f","P011","Orientador","ORIENTACAO_IC"
"Ab6be215b","P011","Orientador","ORIENTACAO_IC"
"A356ac446","P011","Orientador","ORIENTACAO_IC"
"A719c7006","P011","Orientador","ORIENTACAO_IC"
"Afbb9708b","P011","Orientador","ORIENTACAO_IC"
"A66a58272","P011","Orientador","ORIENTACAO_IC"
"Af9ebc76b","P011","Orientador","ORIENTACAO_IC"
"A2f7ac44f","P011","Orientador","ORIENTACAO_IC"
"A1eb31f60","P011","Orientador","ORIENTACAO_IC"
"A887388b6","P012","Coordenador","PROJETO_PESQUISA"
"A887388b6","P015","Integrante","PROJETO_PESQUISA"
"A887388b6","P017","Integrante","PROJETO_PESQUISA"
"A867de4cc","P012","Coordenador","PROJETO_PESQUISA"
"Aa6991b1b","P012","Integrante","PROJETO_PESQUISA"
"A2673e68c","P012","Coordenador","PROJETO_PESQUISA"
"A2673e68c","P015","Integrante","PROJETO_PESQUISA"
"A81a673b0","P012","Coordenador","PROJETO_PESQUISA"
"A81a673b0","P009","Integrante","PROJETO_PESQUISA"
"Aec984135","P012","Coordenador","PROJETO_PESQUISA"
"A3eccaa6f","P012","Coordenador","PROJETO_PESQUISA"
"A0e479fe0","P012","Coordenador","PROJETO_PESQUISA"
"Ae8991514","P012","Coordenador","PROJETO_PESQUISA"
"Ac86f6f68","P012","Coordenador","PROJETO_PESQUISA"
"A425c0478","P012","Integrante","PROJETO_PESQUISA"
"Ac3d8e2c7","P012","Integrante","PROJETO_PESQUISA"
"A124da7ab","P012","Coordenador","PROJETO_EXTENSAO"
"A124da7ab","P017","Integrante","PROJETO_EXTENSAO"
"Ab11bb238","P012","Coordenador","PROJETO_EXTENSAO"
"A45f3a0db","P012","Integrante","PROJETO_EXTENSAO"
"A0a4a6563","P012","Coordenador","PROJETO_EXTENSAO"
"A0a4a6563","P015","Integrante","PROJETO_EXTENSAO"
"A0a4a6563","P017","Integrante","PROJETO_EXTENSAO"
"A89934d7f","P012","Coordenador","PROJETO_EXTENSAO"
"A89934d7f","P011","Integrante","PROJETO_EXTENSAO"
"A89934d7f","P015","Integrante","PROJETO_EXTENSAO"
"A89934d7f","P009","Integrante","PROJETO_EXTENSAO"
"A7e5be5ae","P012","Integrante","PROJETO_EXTENSAO"
"Ae3af96ee","P012","Integrante","PROJETO_EXTENSAO"
"A62286def","P012","Membro de banca","BANCA_MESTRADO"
"A4a321f1f","P015","Membro de banca","BANCA_MESTRADO"
"A4a321f1f","P012","Membro de banca","BANCA_MESTRADO"
"Aa8ea25c5","P012","Membro de banca","BANCA_MESTRADO"
"Ad12ed644","P015","Membro de banca","BANCA_MESTRADO"
"Ad12ed644","P012","Membro de banca","BANCA_MESTRADO"
"A9f2ecddf","P016","Membro de banca","BANCA_MESTRADO"
"A9f2ecddf","P012","Membro de banca","BANCA_MESTRADO"
"A193852d7","P009","Membro de banca","BANCA_MESTRADO"
"A193852d7","P012","Membro de banca","BANCA_MESTRADO"
"Adcf3b168","P012","Membro de banca","BANCA_MESTRADO"
"A6b2b4973","P012","Membro de banca","BANCA_MESTRADO"
"Acfd7b070","P012","Membro de banca","BANCA_MESTRADO"
"Acfd7b070","P009","Membro de banca","BANCA_MESTRADO"
"A866432ae","P012","Membro de banca","BANCA_MESTRADO"
"A866432ae","P015","Membro de banca","BANCA_MESTRADO"
"A3e9cd7c1","P012","Membro de banca","BANCA_MESTRADO"
"Afea87510","P012","Membro de banca","BANCA_MESTRADO"
"A6465127b","P012","Membro de banca","BANCA_MESTRADO"
"A6465127b","P009","Membro de banca","BANCA_MESTRADO"
"A123a04dd","P012","Membro de banca","BANCA_MESTRADO"
"A839b55b6","P012","Membro de banca","BANCA_MESTRADO"
"Aca361f5d","P012","Membro de banca","BANCA_MESTRADO"
"A8d95174e","P012","Membro de banca","BANCA_MESTRADO"
"A85bea83c","P012","Membro de banca","BANCA_MESTRADO"
"Ac02dc40b","P012","Membro de banca","BANCA_MESTRADO"
"Ac996ea22","P012","Membro de banca","BANCA_MESTRADO"
"Ac996ea22","P007","Membro de banca","BANCA_MESTRADO"
"A3684fc65","P012","Membro de banca","BANCA_MESTRADO"
"Affe68342","P012","Membro de banca","BANCA_MESTRADO"
"Ac207b44f","P012","Membro de banca","BANCA_MESTRADO"
"A2fed50c3","P012","Membro de banca","BANCA_MESTRADO"
"A20b30d4e","P012","Membro de banca","BANCA_MESTRADO"
"A9977f44b","P012","Membro de banca","BANCA_MESTRADO"
"A17123eb3","P012","Membro de banca","BANCA_MESTRADO"
"A1fab819f","P012","Membro de banca","BANCA_MESTRADO"
"A47222f6d","P012","Membro de banca","BANCA_MESTRADO"
"Abbb1462e","P012","Membro de banca","BANCA_MESTRADO"
"Ace352a5f","P012","Membro de banca","BANCA_MESTRADO"
"A36925396","P012","Membro de banca","BANCA_MESTRADO"
"A9c70480e","P012","Membro de banca","BANCA_MESTRADO"
"Ae6209d21","P012","Membro de banca","BANCA_MESTRADO"
"A6fc008b1","P012","Membro de banca","BANCA_MESTRADO"
"Af33c4b96","P012","Membro de banca","BANCA_MESTRADO"
"A71db9421","P012","Membro de banca","BANCA_MESTRADO"
"Ad52e7db8","P012","Membro de banca","BANCA_MESTRADO"
"Ad52e7db8","P011","Candidato","BANCA_MESTRADO"
"A8f818832","P012","Membro de banca","BANCA_MESTRADO"
"A0dfef5b2","P012","Membro de banca","BANCA_MESTRADO"
"A16ff54db","P012","Membro de banca","BANCA_DOUTORADO"
"A16ff54db","P017","Membro de banca","BANCA_DOUTORADO"
"A32327d98","P012","Membro de banca","BANCA_DOUTORADO"
"A32327d98","P015","Membro de banca","BANCA_DOUTORADO"
"Aa0eb424e","P012","Membro de banca","BANCA_DOUTORADO"
"A9967c3d6","P012","Membro de banca","BANCA_DOUTORADO"
"Adc5c1b9a","P015","Membro de banca","BANCA_DOUTORADO"
"Adc5c1b9a","P012","Membro de banca","BANCA_DOUTORADO"
"A07200570","P012","Membro de banca","BANCA_DOUTORADO"
"A07200570","P015","Membro de banca","BANCA_DOUTORADO"
"A654b47cf","P012","Membro de banca","BANCA_DOUTORADO"
"Ab20dc461","P015","Membro de banca","BANCA_DOUTORADO"
"Ab20dc461","P012","Membro de banca","BANCA_DOUTORADO"
"A03af7e66","P012","Membro de banca","BANCA_DOUTORADO"
"A89bf9cdc","P015","Membro de banca","BANCA_DOUTORADO"
"A89bf9cdc","P012","Membro de banca","BANCA_DOUTORADO"
"A9e61bf81","P012","Membro de banca","BANCA_DOUTORADO"
"A770c947c","P012","Membro de banca","BANCA_DOUTORADO"
"A770c947c","P015","Membro de banca","BANCA_DOUTORADO"
"A3eb730f4","P012","Membro de banca","BANCA_DOUTORADO"
"A586cd6bf","P016","Membro de banca","BANCA_DOUTORADO"
"A586cd6bf","P012","Membro de banca","BANCA_DOUTORADO"
"A633f9adf","P012","Membro de banca","BANCA_DOUTORADO"
"Ad7020ac8","P015","Membro de banca","BANCA_DOUTORADO"
"Ad7020ac8","P016","Membro de banca","BANCA_DOUTORADO"
"Ad7020ac8","P012","Membro de banca","BANCA_DOUTORADO"
"A95349594","P012","Membro de banca","BANCA_DOUTORADO"
"Aa8792132","P012","Membro de banca","BANCA_DOUTORADO"
"Ad7a59b7c","P012","Membro de banca","BANCA_DOUTORADO"
"Ab2438aea","P012","Membro de banca","BANCA_DOUTORADO"
"A12303664","P012","Membro de banca","BANCA_MESTRADO"
"A1e85b730","P015","Membro de banca","BANCA_MESTRADO"
"A1e85b730","P012","Membro de banca","BANCA_MESTRADO"
"A07de7bf6","P012","Membro de banca","BANCA_MESTRADO"
"A07de7bf6","P009","Membro de banca","BANCA_MESTRADO"
"Abb0f945a","P015","Membro de banca","BANCA_MESTRADO"
"Abb0f945a","P012","Membro de banca","BANCA_MESTRADO"
"Ae226ebc3","P016","Membro de banca","BANCA_MESTRADO"
"Ae226ebc3","P012","Membro de banca","BANCA_MESTRADO"
"A9a03c49c","P012","Membro de banca","BANCA_MESTRADO"
"A9a03c49c","P015","Membro de banca","BANCA_MESTRADO"
"Ad0e7204a","P012","Membro de banca","BANCA_MESTRADO"
"Ad0e7204a","P015","Membro de banca","BANCA_MESTRADO"
"A92f64753","P012","Membro de banca","BANCA_MESTRADO"
"A92f64753","P016","Membro de banca","BANCA_MESTRADO"
"A35d02d77","P015","Membro de banca","BANCA_MESTRADO"
"A35d02d77","P012","Membro de banca","BANCA_MESTRADO"
"A2d5a5555","P012","Membro de banca","BANCA_MESTRADO"
"A2d5a5555","P009","Membro de banca","BANCA_MESTRADO"
"Ab5a1350a","P015","Membro de banca","BANCA_MESTRADO"
"Ab5a1350a","P012","Membro de banca","BANCA_MESTRADO"
"A8c320806","P012","Membro de banca","BANCA_MESTRADO"
"A8c320806","P015","Membro de banca","BANCA_MESTRADO"
"Af2ff8fdb","P012","Membro de banca","BANCA_MESTRADO"
"A8a956176","P012","Membro de banca","BANCA_MESTRADO"
"A12b758e3","P012","Membro de banca","BANCA_MESTRADO"
"A4b775858","P012","Membro de banca","BANCA_TCC"
"Aa6845529","P012","Orientador","ORIENTACAO_MESTRADO"
"A03099bc7","P012","Orientador","ORIENTACAO_MESTRADO"
"A67df96ca","P012","Orientador","ORIENTACAO_MESTRADO"
"A47c328fe","P012","Orientador","ORIENTACAO_MESTRADO"
"A0a8228f5","P012","Orientador","ORIENTACAO_MESTRADO"
"Ae1cdf841","P012","Orientador","ORIENTACAO_DOUTORADO"
"A85fb2eb4","P012","Orientador","ORIENTACAO_DOUTORADO"
"A3a72462b","P012","Orientador","ORIENTACAO_DOUTORADO"
"A4777dff3","P012","Orientador","ORIENTACAO_POS_DOC"
"A02f5ba85","P012","Orientador","ORIENTACAO_POS_DOC"
"Af4e1cda0","P012","Orientador","ORIENTACAO_MESTRADO"
"A2832a836","P012","Orientador","ORIENTACAO_MESTRADO"
"A9645a158","P012","Orientador","ORIENTACAO_MESTRADO"
"A2733e361","P012","Orientador","ORIENTACAO_MESTRADO"
"A493c032d","P012","Orientador","ORIENTACAO_MESTRADO"
"A001e8501","P012","Orientador","ORIENTACAO_MESTRADO"
"A86d83bec","P012","Orientador","ORIENTACAO_MESTRADO"
"A8c1fb35c","P012","Orientador","ORIENTACAO_MESTRADO"
"Ad212456c","P012","Orientador","ORIENTACAO_MESTRADO"
"Aa6d6a221","P012","Orientador","ORIENTACAO_MESTRADO"
"Adaac6671","P012","Orientador","ORIENTACAO_MESTRADO"
"A51809d67","P012","Orientador","ORIENTACAO_MESTRADO"
"A29c559da","P012","Orientador","ORIENTACAO_MESTRADO"
"A3506aa58","P012","Orientador","ORIENTACAO_MESTRADO"
"A85c8a470","P012","Orientador","ORIENTACAO_MESTRADO"
"Ae781bf70","P012","Orientador","ORIENTACAO_MESTRADO"
"A5f7543df","P012","Orientador","ORIENTACAO_MESTRADO"
"A857fc2f5","P012","Orientador","ORIENTACAO_MESTRADO"
"A50073b70","P012","Orientador","ORIENTACAO_MESTRADO"
"A43a8a123","P012","Coorientador","ORIENTACAO_MESTRADO"
"Aec66b9df","P012","Orientador","ORIENTACAO_MESTRADO"
"Ae21cc51a","P012","Orientador","ORIENTACAO_MESTRADO"
"A73d0db22","P012","Orientador","ORIENTACAO_MESTRADO"
"A4a0499c6","P012","Orientador","ORIENTACAO_MESTRADO"
"A7a1576ff","P012","Orientador","ORIENTACAO_MESTRADO"
"A2ee002d9","P012","Orientador","ORIENTACAO_MESTRADO"
"A00edba0a","P012","Orientador","ORIENTACAO_MESTRADO"
"A679ef5cf","P012","Orientador","ORIENTACAO_MESTRADO"
"A679ef5cf","P011","Orientando","ORIENTACAO_MESTRADO"
"A2c4df298","P012","Orientador","ORIENTACAO_DOUTORADO"
"A4c7c9647","P012","Orientador","ORIENTACAO_DOUTORADO"
"A88188eb6","P012","Orientador","ORIENTACAO_DOUTORADO"
"A393c42a2","P012","Orientador","ORIENTACAO_DOUTORADO"
"Aabbf922b","P012","Orientador","ORIENTACAO_DOUTORADO"
"A037f42ba","P012","Orientador","ORIENTACAO_DOUTORADO"
"Ae7fe57c7","P012","Orientador","ORIENTACAO_DOUTORADO"
"Aed87bc9d","P012","Orientador","ORIENTACAO_DOUTORADO"
"A0b0beb5c","P012","Orientador","ORIENTACAO_DOUTORADO"
"Aac104a32","P012","Orientador","ORIENTACAO_DOUTORADO"
"A148d279c","P012","Orientador","ORIENTACAO_DOUTORADO"
"A91aab00d","P012","Orientador","ORIENTACAO_DOUTORADO"
"Ab8428741","P012","Orientador","ORIENTACAO_DOUTORADO"
"Ab8428741","P011","Orientando","ORIENTACAO_DOUTORADO"
"A4c410080","P012","Orientador","ORIENTACAO_DOUTORADO"
"Aa9b91196","P012","Orientador","ORIENTACAO_DOUTORADO"
"Ac5cbd9b6","P012","Orientador","ORIENTACAO_DOUTORADO"
"A98c9ba3a","P012","Orientador","ORIENTACAO_ESPECIALIZACAO"
"Aac863b10","P012","Orientador","ORIENTACAO_ESPECIALIZACAO"
"A7176e5b7","P012","Orientador","ORIENTACAO_ESPECIALIZACAO"
"A0c46d3f2","P012","Orientador","ORIENTACAO_ESPECIALIZACAO"
"A504c0d7d","P012","Orientador","ORIENTACAO_ESPECIALIZACAO"
"A4b4938d3","P012","Orientador","ORIENTACAO_TCC"
"A49e577e1","P012","Orientador","ORIENTACAO_TCC"
"A2f98ab4d","P012","Orientador","ORIENTACAO_TCC"
"Af863a165","P012","Orientador","ORIENTACAO_TCC"
"A6e8a35b7","P012","Orientador","ORIENTACAO_TCC"
"Ac39f2d7a","P012","Orientador","ORIENTACAO_IC"
"A3a975314","P012","Orientador","ORIENTACAO_IC"
"A16806e8e","P012","Orientador","ORIENTACAO_IC"
"A6905970f","P012","Orientador","ORIENTACAO_IC"
"Aa20b8174","P012","Orientador","ORIENTACAO_IC"
"A0c4ab5c5","P012","Orientador","ORIENTACAO_IC"
"A498e92cd","P012","Orientador","ORIENTACAO_IC"
"Aa95a4688","P012","Orientador","ORIENTACAO_IC"
"A3559814c","P012","Orientador","ORIENTACAO_IC"
"A82eac75d","P012","Orientador","ORIENTACAO_IC"
"A55d1a99e","P012","Orientador","ORIENTACAO_IC"
"A22f06562","P012","Orientador","ORIENTACAO_IC"
"A3496bdaf","P012","Orientador","ORIENTACAO_IC"
"A2df5ceae","P012","Orientador","ORIENTACAO_IC"
"A47ff3ef1","P012","Orientador","ORIENTACAO_IC"
"A31107aa1","P012","Orientador","ORIENTACAO_IC"
"A2fcc77bc","P012","Orientador","ORIENTACAO_IC"
"Ad9cc93c5","P012","Orientador","ORIENTACAO_IC"
"Ae1688b36","P012","Orientador","ORIENTACAO_IC"
"A1e2cadaa","P012","Orientador","ORIENTACAO_IC"
"A23009306","P012","Orientador","ORIENTACAO_IC"
"Aba7b68c7","P012","Orientador","ORIENTACAO_IC"
"Afc42e5c2","P012","Orientador","ORIENTACAO_IC"
"A632e886e","P012","Orientador","ORIENTACAO_IC"
"A9c6aa032","P012","Orientador","ORIENTACAO_IC"
"A57b17435","P012","Orientador","ORIENTACAO_IC"
"Aaa73810a","P012","Orientador","ORIENTACAO_IC"
"A50db3e84","P012","Orientador","ORIENTACAO_IC"
"Acc7014cb","P012","Orientador","ORIENTACAO_IC"
"A7c51c729","P012","Orientador","ORIENTACAO_IC"
"Ac5140403","P012","Orientador","ORIENTACAO_IC"
"A141bd382","P012","Orientador","ORIENTACAO_IC"
"A5857e181","P012","Orientador","ORIENTACAO_IC"
"A4fdb9a4d","P012","Orientador","ORIENTACAO_IC"
"Af167d000","P012","Orientador","ORIENTACAO_IC"
"Aec6d8be9","P012","Orientador","ORIENTACAO_IC"
"A5f5790a5","P012","Orientador","ORIENTACAO_IC"
"A8e639fa2","P012","Orientador","ORIENTACAO_IC"
"A3333a9c3","P013","Integrante","PROJETO_PESQUISA"
"Aa8bcd0cd","P013","Coordenador","PROJETO_PESQUISA"
"Ad5d1333d","P013","Integrante","PROJETO_PESQUISA"
"A39cd1e32","P013","Integrante","PROJETO_PESQUISA"
"A39cd1e32","P016","Coordenador","PROJETO_PESQUISA"
"A752772e9","P013","Integrante","PROJETO_PESQUISA"
"Af87a5852","P013","Coordenador","PROJETO_PESQUISA"
"A223968a6","P013","Coordenador","PROJETO_PESQUISA"
"A69c69d14","P013","Integrante","PROJETO_PESQUISA"
"A30e8500f","P013","Integrante","PROJETO_PESQUISA"
"A7724b8d8","P013","Integrante","PROJETO_PESQUISA"
"A3bab82d2","P013","Integrante","PROJETO_PESQUISA"
"A21ffc894","P013","Integrante","PROJETO_PESQUISA"
"A11ca828a","P013","Integrante","PROJETO_PESQUISA"
"A905d8dd2","P013","Integrante","PROJETO_PESQUISA"
"Aa52a645d","P013","Integrante","PROJETO_PESQUISA"
"Ab1f6b5c0","P013","Integrante","PROJETO_PESQUISA"
"Ae9e1cd94","P013","Coordenador","PROJETO_PESQUISA"
"A95b21349","P013","Coordenador","PROJETO_EXTENSAO"
"A5292a8b7","P013","Integrante","PROJETO_EXTENSAO"
"Af3de92c3","P013","Integrante","PROJETO_EXTENSAO"
"A0058e690","P013","Membro de banca","BANCA_MESTRADO"
"Afdcfe1e3","P013","Membro de banca","BANCA_MESTRADO"
"Af4ad2072","P013","Membro de banca","BANCA_MESTRADO"
"Aabad7eae","P013","Membro de banca","BANCA_MESTRADO"
"Afcf672e8","P013","Membro de banca","BANCA_MESTRADO"
"A9d868339","P013","Membro de banca","BANCA_MESTRADO"
"Ac527b195","P016","Membro de banca","BANCA_MESTRADO"
"Ac527b195","P013","Membro de banca","BANCA_MESTRADO"
"A8e1c53db","P015","Membro de banca","BANCA_MESTRADO"
"A8e1c53db","P013","Membro de banca","BANCA_MESTRADO"
"A8e1c53db","P016","Membro de banca","BANCA_MESTRADO"
"Ab510ea91","P013","Membro de banca","BANCA_MESTRADO"
"Ab510ea91","P015","Membro de banca","BANCA_MESTRADO"
"A19613509","P016","Membro de banca","BANCA_MESTRADO"
"A19613509","P013","Membro de banca","BANCA_MESTRADO"
"A36719183","P013","Membro de banca","BANCA_ESPECIALIZACAO"
"A36ad65e9","P013","Membro de banca","BANCA_TCC"
"Aa5f41445","P013","Membro de banca","BANCA_TCC"
"A2faf212f","P013","Membro de banca","BANCA_TCC"
"Ac2b3a5ca","P013","Membro de banca","BANCA_TCC"
"Aa251d07a","P013","Membro de banca","BANCA_TCC"
"Acfc742bd","P013","Membro de banca","BANCA_TCC"
"Acdb63b14","P013","Membro de banca","BANCA_TCC"
"A9c6aa3f7","P013","Membro de banca","BANCA_TCC"
"A1d4b77a9","P013","Membro de banca","BANCA_TCC"
"A298b0123","P013","Membro de banca","BANCA_TCC"
"A8ad0a147","P013","Coorientador","ORIENTACAO_DOUTORADO"
"A7a665ff9","P013","Orientador","ORIENTACAO_IC"
"A3dd33aad","P013","Orientador","ORIENTACAO_IC"
"A8e2168ec","P013","Coorientador","ORIENTACAO_MESTRADO"
"Adb2a7e0b","P013","Coorientador","ORIENTACAO_MESTRADO"
"Aa188fd97","P013","Coorientador","ORIENTACAO_MESTRADO"
"A47a7a8ea","P013","Coorientador","ORIENTACAO_MESTRADO"
"Aadc0fd0c","P013","Coorientador","ORIENTACAO_MESTRADO"
"A8aa165a1","P013","Coorientador","ORIENTACAO_MESTRADO"
"A65b3d1f1","P013","Coorientador","ORIENTACAO_DOUTORADO"
"Aeb1af6b8","P013","Coorientador","ORIENTACAO_DOUTORADO"
"Aac86b4a8","P013","Orientador","ORIENTACAO_TCC"
"Acd3badad","P013","Orientador","ORIENTACAO_TCC"
"A9d023b9f","P013","Orientador","ORIENTACAO_TCC"
"A74abd0d6","P013","Orientador","ORIENTACAO_IC"
"A423d4847","P013","Orientador","ORIENTACAO_IC"
"A729cfa42","P013","Orientador","ORIENTACAO_IC"
"Abefc803b","P013","Orientador","ORIENTACAO_IC"
"A6915e25c","P013","Orientador","ORIENTACAO_IC"
"Af80db19c","P013","Orientador","ORIENTACAO_IC"
"A2eb8800e","P013","Orientador","ORIENTACAO_IC"
"A857e22f5","P013","Orientador","ORIENTACAO_IC"
"Af04618ef","P013","Orientador","ORIENTACAO_IC"
"A0cfff3cd","P013","Orientador","ORIENTACAO_IC"
"A610b72ee","P013","Orientador","ORIENTACAO_IC"
"A520d50d3","P013","Orientador","ORIENTACAO_IC"
"A790f6595","P013","Orientador","ORIENTACAO_IC"
"Afc5144f0","P013","Orientador","ORIENTACAO_IC"
"Ae643bf29","P013","Orientador","ORIENTACAO_IC"
"A1614da25","P013","Orientador","ORIENTACAO_OUTRA"
"A3f5a8c85","P013","Orientador","ORIENTACAO_OUTRA"
"A54f0bffb","P013","Orientador","ORIENTACAO_OUTRA"
"A02407a68","P013","Orientador","ORIENTACAO_OUTRA"
"A9bd4d1c0","P013","Orientador","ORIENTACAO_OUTRA"
"A343544ef","P014","Coordenador","PROJETO_PESQUISA"
"Aea788a6d","P014","Coordenador","PROJETO_PESQUISA"
"Ad1c092d7","P014","Coordenador","PROJETO_PESQUISA"
"Aa5d5039d","P014","Coordenador","PROJETO_PESQUISA"
"Aaf53d1e9","P014","Coordenador","PROJETO_PESQUISA"
"Aacdbb48c","P014","Coordenador","PROJETO_PESQUISA"
"Aa72daabb","P014","Coordenador","PROJETO_PESQUISA"
"A02b51e15","P014","Coordenador","PROJETO_PESQUISA"
"A02c5717c","P014","Coordenador","PROJETO_PESQUISA"
"A84ae851d","P014","Coordenador","PROJETO_PESQUISA"
"A22ad705a","P014","Coordenador","PROJETO_PESQUISA"
"Acda193a6","P014","Coordenador","PROJETO_PESQUISA"
"A99e784b7","P014","Coordenador","PROJETO_PESQUISA"
"A43afbe0b","P014","Coordenador","PROJETO_PESQUISA"
"A9a102346","P014","Coordenador","PROJETO_PESQUISA"
"A4cf2979f","P014","Coordenador","PROJETO_PESQUISA"
"A9eed6c1c","P014","Coordenador","PROJETO_PESQUISA"
"A85b5f641","P014","Integrante","PROJETO_PESQUISA"
"Ad18e99ad","P014","Coordenador","PROJETO_PESQUISA"
"A2d4cd6f7","P014","Coordenador","PROJETO_PESQUISA"
"Adeb055b3","P014","Coordenador","PROJETO_PESQUISA"
"Ac8aa4f60","P014","Integrante","PROJETO_PESQUISA"
"A91199677","P014","Integrante","PROJETO_PESQUISA"
"A94eff883","P014","Coordenador","PROJETO_PESQUISA"
"Af810c487","P014","Coordenador","PROJETO_PESQUISA"
"A3e52bd5a","P014","Integrante","PROJETO_EXTENSAO"
"A4d5d751b","P014","Coordenador","PROJETO_EXTENSAO"
"Ad70f2a69","P014","Coordenador","PROJETO_EXTENSAO"
"Ad70f2a69","P014","Integrante","PROJETO_EXTENSAO"
"A963c9d1c","P014","Coordenador","PROJETO_EXTENSAO"
"A4b2ceea6","P014","Coordenador","PROJETO_EXTENSAO"
"A0394bb52","P014","Coordenador","PROJETO_EXTENSAO"
"A80ef4205","P014","Coordenador","PROJETO_EXTENSAO"
"A29280f8a","P014","Integrante","PROJETO_EXTENSAO"
"A80d098ae","P014","Integrante","PROJETO_EXTENSAO"
"A71969697","P014","Membro de banca","BANCA_MESTRADO"
"Acdc7ff67","P014","Membro de banca","BANCA_MESTRADO"
"A80eb89d5","P014","Membro de banca","BANCA_MESTRADO"
"A286013f6","P014","Membro de banca","BANCA_MESTRADO"
"Ae0abbb44","P014","Membro de banca","BANCA_MESTRADO"
"Ada2e09d5","P014","Membro de banca","BANCA_DOUTORADO"
"Aaf52ad0a","P014","Membro de banca","BANCA_TCC"
"Ac25dada6","P014","Membro de banca","BANCA_TCC"
"Ac809f2b9","P014","Membro de banca","BANCA_TCC"
"A38b04d72","P014","Membro de banca","BANCA_TCC"
"A0a82accc","P014","Membro de banca","BANCA_TCC"
"A8c4a5059","P014","Membro de banca","BANCA_TCC"
"Ade2f51e5","P014","Membro de banca","BANCA_TCC"
"A6bd04fa8","P014","Membro de banca","BANCA_TCC"
"Aa1be267a","P014","Membro de banca","BANCA_TCC"
"Ad453f876","P014","Membro de banca","BANCA_TCC"
"Aecd07e74","P014","Membro de banca","BANCA_TCC"
"Ae4b13a58","P014","Orientador","ORIENTACAO_MESTRADO"
"Ab1321064","P014","Orientador","ORIENTACAO_MESTRADO"
"A9db7ac42","P014","Orientador","ORIENTACAO_IC"
"A65734229","P014","Orientador","ORIENTACAO_IC"
"Ad2b2c97a","P014","Orientador","ORIENTACAO_IC"
"A7a4b04f7","P014","Orientador","ORIENTACAO_TCC"
"Ae606710b","P014","Orientador","ORIENTACAO_TCC"
"A4738bbee","P014","Orientador","ORIENTACAO_TCC"
"A88a8fcb4","P014","Orientador","ORIENTACAO_TCC"
"A016f64c0","P014","Orientador","ORIENTACAO_TCC"
"Ab14664ff","P014","Orientador","ORIENTACAO_TCC"
"Ad0cd1c0d","P014","Orientador","ORIENTACAO_TCC"
"Af4e597ea","P014","Orientador","ORIENTACAO_TCC"
"Affdc9c21","P014","Orientador","ORIENTACAO_TCC"
"A12599d20","P014","Orientador","ORIENTACAO_TCC"
"Aae21f2a9","P014","Orientador","ORIENTACAO_TCC"
"Ae2b22dbe","P014","Orientador","ORIENTACAO_TCC"
"A493534ba","P014","Orientador","ORIENTACAO_TCC"
"Abedb4f52","P014","Orientador","ORIENTACAO_TCC"
"A09c5d571","P014","Orientador","ORIENTACAO_TCC"
"A0a5fcebb","P014","Orientador","ORIENTACAO_TCC"
"A9ffdb675","P014","Orientador","ORIENTACAO_TCC"
"A47f22f49","P014","Orientador","ORIENTACAO_TCC"
"Aaa30f6b9","P014","Orientador","ORIENTACAO_TCC"
"Ab972e83e","P014","Orientador","ORIENTACAO_TCC"
"A2be6c201","P014","Orientador","ORIENTACAO_TCC"
"Acc806cc1","P014","Orientador","ORIENTACAO_IC"
"A3ea56edf","P014","Orientador","ORIENTACAO_IC"
"A64484cdd","P014","Orientador","ORIENTACAO_IC"
"A1cd9b686","P014","Orientador","ORIENTACAO_IC"
"Ae137972c","P014","Orientador","ORIENTACAO_IC"
"A4acb8fca","P014","Orientador","ORIENTACAO_IC"
"Aa780cb61","P014","Orientador","ORIENTACAO_IC"
"A34b24e41","P014","Orientador","ORIENTACAO_IC"
"A87558e1e","P014","Orientador","ORIENTACAO_IC"
"Ace54fa70","P014","Orientador","ORIENTACAO_IC"
"A10599614","P014","Orientador","ORIENTACAO_IC"
"Aa6c348dd","P014","Orientador","ORIENTACAO_IC"
"Acc2d8cd4","P014","Orientador","ORIENTACAO_IC"
"A6a59a920","P014","Orientador","ORIENTACAO_IC"
"A39a5037d","P014","Orientador","ORIENTACAO_IC"
"Af1a7f954","P014","Orientador","ORIENTACAO_IC"
"Aeb0b59db","P014","Orientador","ORIENTACAO_IC"
"Ae9e24fb2","P014","Orientador","ORIENTACAO_IC"
"Ad73a5f8c","P014","Orientador","ORIENTACAO_IC"
"Ab56cc087","P014","Orientador","ORIENTACAO_IC"
"A0a0666fa","P014","Orientador","ORIENTACAO_IC"
"A2a6add65","P014","Orientador","ORIENTACAO_IC"
"Ae6c5d80e","P014","Orientador","ORIENTACAO_IC"
"A74f6c033","P014","Orientador","ORIENTACAO_OUTRA"
"A27ba253d","P015","Coordenador","PROJETO_PESQUISA"
"A6c08e3de","P015","Coordenador","PROJETO_PESQUISA"
"A279d2dcf","P015","Coordenador","PROJETO_PESQUISA"
"A279d2dcf","P016","Integrante","PROJETO_PESQUISA"
"A844303a0","P015","Coordenador","PROJETO_PESQUISA"
"A987c4f4f","P015","Integrante","PROJETO_PESQUISA"
"A187aaa21","P015","Integrante","PROJETO_PESQUISA"
"A50b71384","P015","Integrante","PROJETO_PESQUISA"
"Aab02fd1e","P015","Integrante","PROJETO_PESQUISA"
"A6140b86d","P015","Integrante","PROJETO_PESQUISA"
"A26e47bc6","P015","Membro de banca","BANCA_MESTRADO"
"A7418b3da","P015","Membro de banca","BANCA_MESTRADO"
"Adcbb421e","P015","Membro de banca","BANCA_MESTRADO"
"Ad4e935d1","P015","Membro de banca","BANCA_MESTRADO"
"Ac637fa1f","P015","Membro de banca","BANCA_MESTRADO"
"A53d4eeeb","P015","Membro de banca","BANCA_MESTRADO"
"A4fe705e1","P015","Membro de banca","BANCA_MESTRADO"
"Aef1791f5","P015","Membro de banca","BANCA_MESTRADO"
"A7ba733ff","P015","Membro de banca","BANCA_MESTRADO"
"A3d2237fe","P015","Membro de banca","BANCA_MESTRADO"
"Af32982c2","P015","Membro de banca","BANCA_MESTRADO"
"A8eaea0bc","P015","Membro de banca","BANCA_MESTRADO"
"Aa97c13b8","P015","Membro de banca","BANCA_MESTRADO"
"A96531448","P015","Membro de banca","BANCA_MESTRADO"
"A34d8e83b","P015","Membro de banca","BANCA_MESTRADO"
"Ac2470cd6","P015","Membro de banca","BANCA_MESTRADO"
"A93cdc05e","P015","Membro de banca","BANCA_MESTRADO"
"A52852cf3","P016","Membro de banca","BANCA_MESTRADO"
"A52852cf3","P015","Membro de banca","BANCA_MESTRADO"
"A362a4b9f","P015","Membro de banca","BANCA_MESTRADO"
"A69342441","P015","Membro de banca","BANCA_MESTRADO"
"Ac02dc40b","P015","Membro de banca","BANCA_MESTRADO"
"A449348b3","P015","Membro de banca","BANCA_MESTRADO"
"A98f7bccb","P015","Membro de banca","BANCA_MESTRADO"
"Af6353c85","P015","Membro de banca","BANCA_MESTRADO"
"A09feda13","P015","Membro de banca","BANCA_MESTRADO"
"A2279026a","P015","Membro de banca","BANCA_MESTRADO"
"A76042084","P015","Membro de banca","BANCA_MESTRADO"
"A1d0e0d6a","P015","Membro de banca","BANCA_MESTRADO"
"A41de3260","P015","Membro de banca","BANCA_MESTRADO"
"Ad6f564c5","P015","Membro de banca","BANCA_MESTRADO"
"A9d703ab1","P015","Membro de banca","BANCA_MESTRADO"
"Aed86176f","P015","Membro de banca","BANCA_MESTRADO"
"Ab5733285","P015","Membro de banca","BANCA_DOUTORADO"
"Acc8eb064","P012","Membro de banca","BANCA_DOUTORADO"
"Acc8eb064","P015","Membro de banca","BANCA_DOUTORADO"
"Acc8eb064","P017","Membro de banca","BANCA_DOUTORADO"
"A364e7d77","P013","Membro de banca","BANCA_DOUTORADO"
"A364e7d77","P015","Membro de banca","BANCA_DOUTORADO"
"A19bbb4fc","P015","Membro de banca","BANCA_DOUTORADO"
"A319bf203","P015","Membro de banca","BANCA_DOUTORADO"
"A66e72413","P015","Membro de banca","BANCA_DOUTORADO"
"A965fb799","P012","Membro de banca","BANCA_DOUTORADO"
"A965fb799","P015","Membro de banca","BANCA_DOUTORADO"
"A38d09eff","P012","Membro de banca","BANCA_DOUTORADO"
"A38d09eff","P015","Membro de banca","BANCA_DOUTORADO"
"A16ff54db","P015","Membro de banca","BANCA_DOUTORADO"
"Acfbae2ba","P012","Membro de banca","BANCA_DOUTORADO"
"Acfbae2ba","P015","Membro de banca","BANCA_DOUTORADO"
"A5773b46b","P015","Membro de banca","BANCA_DOUTORADO"
"Add42bf1b","P015","Membro de banca","BANCA_DOUTORADO"
"A6b7df2bb","P015","Membro de banca","BANCA_DOUTORADO"
"A6b7df2bb","P012","Membro de banca","BANCA_DOUTORADO"
"A1912cb6d","P012","Membro de banca","BANCA_DOUTORADO"
"A1912cb6d","P015","Membro de banca","BANCA_DOUTORADO"
"A09a35268","P015","Membro de banca","BANCA_DOUTORADO"
"A24a08caa","P015","Membro de banca","BANCA_DOUTORADO"
"A72c4b436","P015","Membro de banca","BANCA_DOUTORADO"
"A72c4b436","P012","Membro de banca","BANCA_DOUTORADO"
"Ab3357ded","P015","Membro de banca","BANCA_DOUTORADO"
"Ac43654bd","P015","Membro de banca","BANCA_DOUTORADO"
"A6709e17a","P015","Membro de banca","BANCA_DOUTORADO"
"Ab8bb0231","P015","Membro de banca","BANCA_DOUTORADO"
"Ab8bb0231","P016","Membro de banca","BANCA_DOUTORADO"
"A492511a6","P015","Membro de banca","BANCA_DOUTORADO"
"A72d857ac","P015","Membro de banca","BANCA_DOUTORADO"
"A16f848ff","P015","Membro de banca","BANCA_DOUTORADO"
"A34e268ae","P015","Membro de banca","BANCA_DOUTORADO"
"A32870a7d","P015","Membro de banca","BANCA_DOUTORADO"
"A1cdfc3bb","P015","Membro de banca","BANCA_DOUTORADO"
"Aa8762ade","P015","Membro de banca","BANCA_DOUTORADO"
"Ac3ad16c1","P015","Membro de banca","BANCA_DOUTORADO"
"A01a945c6","P015","Membro de banca","BANCA_DOUTORADO"
"Ad9ce65c6","P015","Membro de banca","BANCA_DOUTORADO"
"A9cca9f42","P015","Membro de banca","BANCA_DOUTORADO"
"Ae0544060","P015","Membro de banca","BANCA_DOUTORADO"
"Add4da4a2","P012","Membro de banca","BANCA_DOUTORADO"
"Add4da4a2","P015","Membro de banca","BANCA_DOUTORADO"
"A8667c371","P016","Membro de banca","BANCA_DOUTORADO"
"A8667c371","P015","Membro de banca","BANCA_DOUTORADO"
"A7b3d3cda","P015","Membro de banca","BANCA_DOUTORADO"
"A90743ec0","P015","Membro de banca","BANCA_DOUTORADO"
"A222d7a06","P012","Membro de banca","BANCA_DOUTORADO"
"A222d7a06","P015","Membro de banca","BANCA_DOUTORADO"
"A8f9c8005","P015","Membro de banca","BANCA_DOUTORADO"
"Acc6c35b5","P015","Membro de banca","BANCA_MESTRADO"
"Aa8c8069f","P015","Membro de banca","BANCA_MESTRADO"
"A55e2fee4","P015","Membro de banca","BANCA_MESTRADO"
"A55e2fee4","P012","Membro de banca","BANCA_MESTRADO"
"A55e2fee4","P017","Membro de banca","BANCA_MESTRADO"
"A2ada9766","P015","Membro de banca","BANCA_MESTRADO"
"A15dc002b","P015","Membro de banca","BANCA_MESTRADO"
"Ae0e2900b","P015","Membro de banca","BANCA_MESTRADO"
"A28a3fc62","P010","Membro de banca","BANCA_MESTRADO"
"A28a3fc62","P015","Membro de banca","BANCA_MESTRADO"
"A4cc35b11","P017","Membro de banca","BANCA_MESTRADO"
"A4cc35b11","P015","Membro de banca","BANCA_MESTRADO"
"A9d40723d","P015","Membro de banca","BANCA_MESTRADO"
"Aaba9c11b","P015","Membro de banca","BANCA_MESTRADO"
"Abcbefd04","P015","Membro de banca","BANCA_MESTRADO"
"A6d0e99d3","P015","Membro de banca","BANCA_MESTRADO"
"A8a057c9c","P015","Membro de banca","BANCA_MESTRADO"
"A9e974390","P015","Membro de banca","BANCA_MESTRADO"
"Aa1d1b678","P012","Membro de banca","BANCA_MESTRADO"
"Aa1d1b678","P015","Membro de banca","BANCA_MESTRADO"
"A8708b714","P015","Membro de banca","BANCA_MESTRADO"
"A6f89b3fd","P015","Membro de banca","BANCA_MESTRADO"
"A45492ca7","P015","Membro de banca","BANCA_ESPECIALIZACAO"
"A36da59cb","P015","Membro de banca","BANCA_ESPECIALIZACAO"
"A52f838e3","P015","Membro de banca","BANCA_ESPECIALIZACAO"
"Ad58b3b4a","P015","Membro de banca","BANCA_ESPECIALIZACAO"
"A378a325e","P015","Membro de banca","BANCA_ESPECIALIZACAO"
"Ad2452a4d","P015","Membro de banca","BANCA_ESPECIALIZACAO"
"A6de6570d","P015","Membro de banca","BANCA_ESPECIALIZACAO"
"Adec0ed5a","P015","Membro de banca","BANCA_ESPECIALIZACAO"
"A0e32c9ed","P015","Membro de banca","BANCA_TCC"
"A21dee86f","P015","Membro de banca","BANCA_TCC"
"A5114601b","P015","Membro de banca","BANCA_TCC"
"Ae37970a8","P015","Membro de banca","BANCA_TCC"
"Aedd7404a","P015","Membro de banca","BANCA_TCC"
"Aa7516631","P015","Membro de banca","BANCA_TCC"
"A27928507","P015","Membro de banca","BANCA_TCC"
"A9d0d2303","P015","Membro de banca","BANCA_TCC"
"A5ef5fdae","P015","Membro de banca","BANCA_TCC"
"A0a00694b","P015","Membro de banca","BANCA_TCC"
"A90c08d4e","P015","Membro de banca","BANCA_TCC"
"A4fce60fe","P015","Membro de banca","BANCA_TCC"
"A765dced1","P015","Membro de banca","BANCA_TCC"
"Aa0d72713","P015","Membro de banca","BANCA_TCC"
"Ab20f9437","P015","Membro de banca","BANCA_TCC"
"A10392b30","P015","Membro de banca","BANCA_TCC"
"Ac490ac98","P015","Membro de banca","BANCA_TCC"
"Ac885fc74","P015","Membro de banca","BANCA_TCC"
"A4e81d6d6","P015","Membro de banca","BANCA_TCC"
"A71cc1487","P015","Membro de banca","BANCA_TCC"
"A3eb88f86","P015","Membro de banca","BANCA_TCC"
"A16059b31","P015","Membro de banca","BANCA_TCC"
"A8d53103d","P015","Membro de banca","BANCA_TCC"
"A2407ed86","P015","Membro de banca","BANCA_TCC"
"A2f2d3d9b","P015","Membro de banca","BANCA_TCC"
"A3f3c71ec","P015","Membro de banca","BANCA_TCC"
"A635912cf","P015","Membro de banca","BANCA_TCC"
"A8c81a587","P015","Membro de banca","BANCA_TCC"
"Af2dac6cd","P015","Membro de banca","BANCA_TCC"
"A09c7126e","P015","Membro de banca","BANCA_TCC"
"A48eabdd4","P015","Membro de banca","BANCA_TCC"
"A7ccb5800","P015","Membro de banca","BANCA_TCC"
"Af7f4d39d","P015","Membro de banca","BANCA_TCC"
"A4d44735d","P015","Membro de banca","BANCA_TCC"
"A86862fee","P015","Membro de banca","BANCA_TCC"
"Aa0d4e2a3","P015","Membro de banca","BANCA_TCC"
"Ad388f667","P015","Orientador","ORIENTACAO_DOUTORADO"
"A65897bb7","P015","Orientador","ORIENTACAO_MESTRADO"
"Aa149267d","P015","Orientador","ORIENTACAO_MESTRADO"
"A6dca9120","P015","Orientador","ORIENTACAO_MESTRADO"
"A0350b40d","P015","Orientador","ORIENTACAO_MESTRADO"
"Ad062538e","P015","Orientador","ORIENTACAO_MESTRADO"
"Ae191fa86","P015","Orientador","ORIENTACAO_MESTRADO"
"A00cff980","P015","Orientador","ORIENTACAO_MESTRADO"
"Aa8144fa9","P015","Orientador","ORIENTACAO_MESTRADO"
"A1b4b1d1d","P015","Orientador","ORIENTACAO_MESTRADO"
"A2481383b","P015","Orientador","ORIENTACAO_MESTRADO"
"Aef4129d6","P015","Orientador","ORIENTACAO_MESTRADO"
"Afcdee3fe","P015","Orientador","ORIENTACAO_MESTRADO"
"A38766373","P015","Orientador","ORIENTACAO_MESTRADO"
"Ad746a041","P015","Orientador","ORIENTACAO_MESTRADO"
"A5d48f7be","P015","Orientador","ORIENTACAO_MESTRADO"
"A5bfcead5","P015","Orientador","ORIENTACAO_MESTRADO"
"A5af9f5f3","P015","Orientador","ORIENTACAO_MESTRADO"
"A3585e510","P015","Orientador","ORIENTACAO_MESTRADO"
"A6a6a59b9","P015","Orientador","ORIENTACAO_MESTRADO"
"A3bbe3f04","P015","Orientador","ORIENTACAO_MESTRADO"
"A75df847f","P015","Orientador","ORIENTACAO_DOUTORADO"
"Acf4a4547","P015","Orientador","ORIENTACAO_DOUTORADO"
"A94d53277","P015","Orientador","ORIENTACAO_DOUTORADO"
"A34881595","P015","Orientador","ORIENTACAO_DOUTORADO"
"Af3d0f2ad","P015","Orientador","ORIENTACAO_DOUTORADO"
"A3316c728","P015","Orientador","ORIENTACAO_DOUTORADO"
"A4c9a2420","P015","Coorientador","ORIENTACAO_DOUTORADO"
"A0888eab2","P015","Coorientador","ORIENTACAO_DOUTORADO"
"Aea29bb00","P015","Orientador","ORIENTACAO_ESPECIALIZACAO"
"A92ca68b3","P015","Orientador","ORIENTACAO_ESPECIALIZACAO"
"Aa1a84b41","P015","Orientador","ORIENTACAO_ESPECIALIZACAO"
"A562ea195","P015","Orientador","ORIENTACAO_ESPECIALIZACAO"
"Abae193e9","P015","Orientador","ORIENTACAO_ESPECIALIZACAO"
"A466b96e0","P015","Orientador","ORIENTACAO_ESPECIALIZACAO"
"A56bf6cd8","P015","Orientador","ORIENTACAO_ESPECIALIZACAO"
"Ac7c6fe6e","P015","Orientador","ORIENTACAO_ESPECIALIZACAO"
"A89b015f8","P015","Orientador","ORIENTACAO_ESPECIALIZACAO"
"A9e64c0e9","P015","Orientador","ORIENTACAO_ESPECIALIZACAO"
"A54680735","P015","Orientador","ORIENTACAO_TCC"
"A3fc4572f","P015","Orientador","ORIENTACAO_TCC"
"A5f2fcfcc","P015","Orientador","ORIENTACAO_TCC"
"A98a78d35","P015","Orientador","ORIENTACAO_TCC"
"Afe5186c5","P015","Orientador","ORIENTACAO_TCC"
"Ab5e11ba8","P015","Orientador","ORIENTACAO_TCC"
"Ae74cdc2a","P015","Orientador","ORIENTACAO_TCC"
"Aea75eb7d","P015","Orientador","ORIENTACAO_TCC"
"A72bf3c35","P015","Orientador","ORIENTACAO_TCC"
"A13baa4de","P015","Orientador","ORIENTACAO_TCC"
"A88357592","P015","Orientador","ORIENTACAO_TCC"
"Af9db408a","P015","Orientador","ORIENTACAO_TCC"
"A931de088","P015","Orientador","ORIENTACAO_TCC"
"Ab0e75e51","P015","Orientador","ORIENTACAO_TCC"
"Aeb5beaa4","P015","Orientador","ORIENTACAO_TCC"
"Afea26de2","P015","Orientador","ORIENTACAO_TCC"
"Ad67c8306","P015","Orientador","ORIENTACAO_TCC"
"Acf1b149a","P015","Orientador","ORIENTACAO_TCC"
"A2574d8ef","P015","Orientador","ORIENTACAO_TCC"
"A7e3a17a7","P015","Orientador","ORIENTACAO_TCC"
"Aa95ae5a2","P015","Orientador","ORIENTACAO_TCC"
"A47500088","P015","Orientador","ORIENTACAO_IC"
"A60ab808c","P015","Orientador","ORIENTACAO_IC"
"A0a796557","P015","Orientador","ORIENTACAO_IC"
"Aa676051d","P016","Coordenador","PROJETO_PESQUISA"
"A280c6a35","P016","Integrante","PROJETO_PESQUISA"
"A280c6a35","P006","Integrante","PROJETO_PESQUISA"
"A280c6a35","P008","Coordenador","PROJETO_PESQUISA"
"A280c6a35","P017","Integrante","PROJETO_PESQUISA"
"Af4ee32d6","P016","Integrante","PROJETO_PESQUISA"
"Af4ee32d6","P008","Integrante","PROJETO_PESQUISA"
"A6c155cad","P016","Integrante","PROJETO_PESQUISA"
"A280a9888","P016","Coordenador","PROJETO_PESQUISA"
"A280a9888","P019","Integrante","PROJETO_PESQUISA"
"Ac91bf072","P016","Coordenador","PROJETO_PESQUISA"
"Ac91bf072","P008","Integrante","PROJETO_PESQUISA"
"Ac91bf072","P017","Integrante","PROJETO_PESQUISA"
"A79a8d93a","P016","Integrante","PROJETO_PESQUISA"
"A79a8d93a","P019","Coordenador","PROJETO_PESQUISA"
"Aec61e8ec","P016","Coordenador","PROJETO_PESQUISA"
"Aec61e8ec","P006","Integrante","PROJETO_PESQUISA"
"Aec61e8ec","P008","Integrante","PROJETO_PESQUISA"
"Ae99f3c37","P016","Integrante","PROJETO_PESQUISA"
"Aee2b3115","P016","Integrante","PROJETO_PESQUISA"
"Aee2b3115","P006","Coordenador","PROJETO_PESQUISA"
"A1b46524f","P016","Coordenador","PROJETO_PESQUISA"
"A047d46d0","P019","Integrante","PROJETO_PESQUISA"
"A0d6535e1","P016","Integrante","PROJETO_PESQUISA"
"Ab4e00c92","P016","Integrante","PROJETO_PESQUISA"
"Ac24913c6","P016","Coordenador","PROJETO_PESQUISA"
"A5139b8fd","P016","Coordenador","PROJETO_PESQUISA"
"A5139b8fd","P015","Integrante","PROJETO_PESQUISA"
"A04d2e0af","P016","Integrante","PROJETO_PESQUISA"
"A04d2e0af","P015","Integrante","PROJETO_PESQUISA"
"A49beb861","P016","Coordenador","PROJETO_PESQUISA"
"A49beb861","P015","Integrante","PROJETO_PESQUISA"
"A5c0cd54e","P016","Coordenador","PROJETO_PESQUISA"
"Af8483ea9","P016","Integrante","PROJETO_PESQUISA"
"Adf77343b","P016","Coordenador","PROJETO_PESQUISA"
"Adf77343b","P006","Integrante","PROJETO_PESQUISA"
"A281e93ff","P016","Coordenador","PROJETO_EXTENSAO"
"Ad62da9c3","P016","Coordenador","PROJETO_EXTENSAO"
"Ad62da9c3","P007","Integrante","PROJETO_EXTENSAO"
"Ad62da9c3","P009","Integrante","PROJETO_EXTENSAO"
"Ad62da9c3","P008","Integrante","PROJETO_EXTENSAO"
"Ad62da9c3","P017","Integrante","PROJETO_EXTENSAO"
"Aa81c2ad8","P016","Coordenador","PROJETO_EXTENSAO"
"A68958a74","P016","Coordenador","PROJETO_EXTENSAO"
"A68958a74","P006","Integrante","PROJETO_EXTENSAO"
"A0881195c","P016","Integrante","PROJETO_EXTENSAO"
"A0881195c","P012","Integrante","PROJETO_EXTENSAO"
"A0881195c","P011","Coordenador","PROJETO_EXTENSAO"
"A32e054c6","P016","Integrante","PROJETO_EXTENSAO"
"A32e054c6","P011","Coordenador","PROJETO_EXTENSAO"
"Abe17c97d","P016","Integrante","PROJETO_EXTENSAO"
"A1385d117","P016","Coordenador","PROJETO_EXTENSAO"
"A1385d117","P009","Integrante","PROJETO_EXTENSAO"
"A1385d117","P008","Integrante","PROJETO_EXTENSAO"
"A3b7eb9cc","P016","Coordenador","PROJETO_EXTENSAO"
"A6c4dbdff","P016","Coordenador","PROJETO_EXTENSAO"
"A6c4dbdff","P007","Integrante","PROJETO_EXTENSAO"
"A6c4dbdff","P018","Integrante","PROJETO_EXTENSAO"
"A6c4dbdff","P013","Integrante","PROJETO_EXTENSAO"
"A6c4dbdff","P008","Integrante","PROJETO_EXTENSAO"
"A6c4dbdff","P006","Integrante","PROJETO_EXTENSAO"
"Aeffaf911","P016","Membro de banca","BANCA_MESTRADO"
"A49323c69","P016","Membro de banca","BANCA_MESTRADO"
"Ab0efc19c","P016","Membro de banca","BANCA_MESTRADO"
"A371d236a","P016","Membro de banca","BANCA_MESTRADO"
"A371d236a","P017","Membro de banca","BANCA_MESTRADO"
"A354558a7","P016","Membro de banca","BANCA_MESTRADO"
"A4c156282","P016","Membro de banca","BANCA_MESTRADO"
"Ac317e3c7","P016","Membro de banca","BANCA_MESTRADO"
"Ab38db9d3","P016","Membro de banca","BANCA_MESTRADO"
"A0a46f72a","P016","Membro de banca","BANCA_MESTRADO"
"Ac418f71f","P016","Membro de banca","BANCA_MESTRADO"
"Ac418f71f","P007","Membro de banca","BANCA_MESTRADO"
"Ac418f71f","P008","Membro de banca","BANCA_MESTRADO"
"A7a1ae5e6","P016","Membro de banca","BANCA_MESTRADO"
"A7a1ae5e6","P017","Membro de banca","BANCA_MESTRADO"
"Ac4878ff1","P016","Membro de banca","BANCA_MESTRADO"
"A5d5df61a","P016","Membro de banca","BANCA_MESTRADO"
"Acba4942e","P016","Membro de banca","BANCA_MESTRADO"
"Aecfc15a3","P015","Membro de banca","BANCA_MESTRADO"
"Aecfc15a3","P017","Membro de banca","BANCA_MESTRADO"
"Aecfc15a3","P012","Membro de banca","BANCA_MESTRADO"
"Aecfc15a3","P016","Membro de banca","BANCA_MESTRADO"
"A5f4edce4","P016","Membro de banca","BANCA_MESTRADO"
"A5f4edce4","P006","Membro de banca","BANCA_MESTRADO"
"Ae226ebc3","P015","Membro de banca","BANCA_MESTRADO"
"Abe6b9f20","P016","Membro de banca","BANCA_MESTRADO"
"A231799fc","P016","Membro de banca","BANCA_MESTRADO"
"A76352462","P016","Membro de banca","BANCA_MESTRADO"
"A76352462","P008","Membro de banca","BANCA_MESTRADO"
"Afcffd489","P016","Membro de banca","BANCA_MESTRADO"
"A3b906325","P016","Membro de banca","BANCA_MESTRADO"
"A17b2ad7c","P016","Membro de banca","BANCA_MESTRADO"
"A5a557cc3","P016","Membro de banca","BANCA_MESTRADO"
"Ab6ca812c","P016","Membro de banca","BANCA_MESTRADO"
"Ab6ca812c","P015","Membro de banca","BANCA_MESTRADO"
"A702a4e73","P016","Membro de banca","BANCA_MESTRADO"
"A702a4e73","P012","Membro de banca","BANCA_MESTRADO"
"A971df8e6","P016","Membro de banca","BANCA_MESTRADO"
"Ab6798fc3","P016","Membro de banca","BANCA_MESTRADO"
"A927bc47f","P016","Membro de banca","BANCA_MESTRADO"
"A927bc47f","P015","Membro de banca","BANCA_MESTRADO"
"Ad0f5da37","P016","Membro de banca","BANCA_MESTRADO"
"Ad0f5da37","P006","Membro de banca","BANCA_MESTRADO"
"Ad0f5da37","P007","Membro de banca","BANCA_MESTRADO"
"A914269c5","P016","Membro de banca","BANCA_MESTRADO"
"A16fa04dd","P016","Membro de banca","BANCA_MESTRADO"
"A2186ed50","P016","Membro de banca","BANCA_MESTRADO"
"A99bacdee","P016","Membro de banca","BANCA_MESTRADO"
"A99bacdee","P015","Membro de banca","BANCA_MESTRADO"
"Ac597c9a7","P016","Membro de banca","BANCA_MESTRADO"
"Ac597c9a7","P013","Membro de banca","BANCA_MESTRADO"
"Ae937731a","P006","Membro de banca","BANCA_MESTRADO"
"Ae937731a","P016","Membro de banca","BANCA_MESTRADO"
"Aca19ce2a","P016","Membro de banca","BANCA_MESTRADO"
"Aca19ce2a","P006","Membro de banca","BANCA_MESTRADO"
"A45b800db","P016","Membro de banca","BANCA_MESTRADO"
"A1d1b9c25","P016","Membro de banca","BANCA_MESTRADO"
"A48a7c671","P016","Membro de banca","BANCA_MESTRADO"
"Ab404a08a","P016","Membro de banca","BANCA_MESTRADO"
"Ab0a736cb","P016","Membro de banca","BANCA_MESTRADO"
"A75ab9611","P016","Membro de banca","BANCA_MESTRADO"
"Acb6839d4","P016","Membro de banca","BANCA_MESTRADO"
"Abbcc348a","P016","Membro de banca","BANCA_MESTRADO"
"A1f4d8427","P016","Membro de banca","BANCA_DOUTORADO"
"Adc7c9898","P016","Membro de banca","BANCA_DOUTORADO"
"Af319da58","P016","Membro de banca","BANCA_DOUTORADO"
"A0eeee79b","P016","Membro de banca","BANCA_DOUTORADO"
"A87408a5b","P016","Membro de banca","BANCA_DOUTORADO"
"A4e0b3c19","P016","Membro de banca","BANCA_DOUTORADO"
"Af4b5bc62","P016","Membro de banca","BANCA_DOUTORADO"
"A5c3c11ec","P016","Membro de banca","BANCA_DOUTORADO"
"Acdab51b7","P016","Membro de banca","BANCA_DOUTORADO"
"Acdab51b7","P006","Membro de banca","BANCA_DOUTORADO"
"Aa1900620","P016","Membro de banca","BANCA_DOUTORADO"
"Aa1900620","P015","Membro de banca","BANCA_DOUTORADO"
"Af89b3e21","P016","Membro de banca","BANCA_DOUTORADO"
"Af89b3e21","P015","Membro de banca","BANCA_DOUTORADO"
"A96260769","P012","Membro de banca","BANCA_DOUTORADO"
"A96260769","P016","Membro de banca","BANCA_DOUTORADO"
"Ac08001c2","P016","Membro de banca","BANCA_DOUTORADO"
"Ab101dcf8","P016","Membro de banca","BANCA_DOUTORADO"
"A4b7eac42","P016","Membro de banca","BANCA_DOUTORADO"
"A3173b3e6","P012","Membro de banca","BANCA_DOUTORADO"
"A3173b3e6","P016","Membro de banca","BANCA_DOUTORADO"
"A49b49268","P016","Membro de banca","BANCA_DOUTORADO"
"A7e78bf5e","P016","Membro de banca","BANCA_DOUTORADO"
"Ad4e3c0f5","P016","Membro de banca","BANCA_DOUTORADO"
"Af52e17c7","P016","Membro de banca","BANCA_DOUTORADO"
"Ad63bb65c","P016","Membro de banca","BANCA_DOUTORADO"
"Ad63bb65c","P006","Membro de banca","BANCA_DOUTORADO"
"A2d30925e","P016","Membro de banca","BANCA_DOUTORADO"
"A371ec638","P016","Membro de banca","BANCA_DOUTORADO"
"A8c50c461","P016","Membro de banca","BANCA_DOUTORADO"
"A8c50c461","P015","Membro de banca","BANCA_DOUTORADO"
"A0428c7b0","P016","Membro de banca","BANCA_DOUTORADO"
"A68f12b75","P016","Membro de banca","BANCA_DOUTORADO"
"A96d232ef","P016","Membro de banca","BANCA_MESTRADO"
"A50cde2c0","P016","Membro de banca","BANCA_MESTRADO"
"A50cde2c0","P008","Membro de banca","BANCA_MESTRADO"
"Ab25d10e5","P016","Membro de banca","BANCA_MESTRADO"
"Ad2d5a42c","P012","Membro de banca","BANCA_MESTRADO"
"Ad2d5a42c","P016","Membro de banca","BANCA_MESTRADO"
"A9d90cca3","P016","Membro de banca","BANCA_MESTRADO"
"Aba56feca","P006","Membro de banca","BANCA_MESTRADO"
"Aba56feca","P016","Membro de banca","BANCA_MESTRADO"
"A73a61cbf","P016","Membro de banca","BANCA_MESTRADO"
"A4104fd5d","P016","Membro de banca","BANCA_MESTRADO"
"A4104fd5d","P017","Membro de banca","BANCA_MESTRADO"
"Acbe93c50","P016","Membro de banca","BANCA_MESTRADO"
"Abb8ba7a6","P016","Membro de banca","BANCA_MESTRADO"
"Abb8ba7a6","P007","Membro de banca","BANCA_MESTRADO"
"A3f423540","P016","Membro de banca","BANCA_MESTRADO"
"A289ee6ea","P016","Membro de banca","BANCA_MESTRADO"
"Ad2cf20cd","P016","Membro de banca","BANCA_MESTRADO"
"A5a6daea4","P016","Membro de banca","BANCA_MESTRADO"
"Aef5decac","P016","Membro de banca","BANCA_MESTRADO"
"Aef5decac","P008","Membro de banca","BANCA_MESTRADO"
"A426e5125","P016","Membro de banca","BANCA_MESTRADO"
"A35fcf556","P016","Membro de banca","BANCA_MESTRADO"
"Aaaa4000d","P016","Membro de banca","BANCA_MESTRADO"
"Aaaa4000d","P008","Membro de banca","BANCA_MESTRADO"
"Ae7448075","P016","Membro de banca","BANCA_MESTRADO"
"Ae9b4dcbf","P016","Membro de banca","BANCA_MESTRADO"
"A538f3415","P016","Membro de banca","BANCA_MESTRADO"
"Abe42dbf6","P016","Membro de banca","BANCA_MESTRADO"
"A96c22100","P016","Membro de banca","BANCA_MESTRADO"
"A86c11f11","P016","Membro de banca","BANCA_MESTRADO"
"A86c11f11","P012","Membro de banca","BANCA_MESTRADO"
"Aa7f858ef","P016","Membro de banca","BANCA_MESTRADO"
"Aa7f858ef","P015","Membro de banca","BANCA_MESTRADO"
"Af24badea","P016","Membro de banca","BANCA_MESTRADO"
"A2d74b865","P016","Membro de banca","BANCA_MESTRADO"
"A6f7f49cb","P016","Membro de banca","BANCA_MESTRADO"
"A34104dad","P016","Membro de banca","BANCA_MESTRADO"
"A34104dad","P007","Membro de banca","BANCA_MESTRADO"
"A18700aca","P016","Membro de banca","BANCA_MESTRADO"
"A25217b33","P016","Membro de banca","BANCA_MESTRADO"
"A2186ed50","P015","Membro de banca","BANCA_MESTRADO"
"A2a8a7466","P016","Membro de banca","BANCA_MESTRADO"
"A2a8a7466","P015","Membro de banca","BANCA_MESTRADO"
"A2deae486","P016","Membro de banca","BANCA_MESTRADO"
"A2deae486","P006","Membro de banca","BANCA_MESTRADO"
"A90c02b3b","P016","Membro de banca","BANCA_MESTRADO"
"Ac39ca818","P016","Membro de banca","BANCA_MESTRADO"
"A164c06ca","P016","Membro de banca","BANCA_MESTRADO"
"A85f4b1f6","P016","Membro de banca","BANCA_MESTRADO"
"Ad875bf69","P016","Membro de banca","BANCA_MESTRADO"
"A8d7c654a","P016","Membro de banca","BANCA_MESTRADO"
"Ac3e42f52","P016","Membro de banca","BANCA_MESTRADO"
"Adfd16bac","P016","Membro de banca","BANCA_MESTRADO"
"Aa1bbd2f2","P016","Membro de banca","BANCA_MESTRADO"
"A163053f7","P016","Membro de banca","BANCA_MESTRADO"
"A21976f62","P016","Membro de banca","BANCA_MESTRADO"
"Aa55dafbe","P016","Membro de banca","BANCA_MESTRADO"
"Ab169587c","P016","Membro de banca","BANCA_MESTRADO"
"A5aeede0b","P016","Membro de banca","BANCA_MESTRADO"
"A38afd6c6","P016","Membro de banca","BANCA_MESTRADO"
"Aa4a57807","P016","Membro de banca","BANCA_ESPECIALIZACAO"
"Aa4a57807","P008","Membro de banca","BANCA_ESPECIALIZACAO"
"A490fe0f5","P016","Membro de banca","BANCA_ESPECIALIZACAO"
"A170690a5","P016","Membro de banca","BANCA_ESPECIALIZACAO"
"Adbcfb450","P016","Membro de banca","BANCA_ESPECIALIZACAO"
"Adbcfb450","P008","Membro de banca","BANCA_ESPECIALIZACAO"
"A28ae0a6a","P016","Membro de banca","BANCA_ESPECIALIZACAO"
"A0d95413b","P016","Membro de banca","BANCA_ESPECIALIZACAO"
"A48f01952","P016","Membro de banca","BANCA_ESPECIALIZACAO"
"A48f01952","P008","Membro de banca","BANCA_ESPECIALIZACAO"
"A75e4608c","P016","Membro de banca","BANCA_ESPECIALIZACAO"
"A75e4608c","P006","Membro de banca","BANCA_ESPECIALIZACAO"
"A6d1e6822","P016","Membro de banca","BANCA_ESPECIALIZACAO"
"A3b17eab0","P016","Membro de banca","BANCA_ESPECIALIZACAO"
"Ab7035638","P016","Membro de banca","BANCA_ESPECIALIZACAO"
"Afebe5162","P016","Membro de banca","BANCA_ESPECIALIZACAO"
"A8cde9ca8","P016","Membro de banca","BANCA_ESPECIALIZACAO"
"A1e403049","P016","Membro de banca","BANCA_ESPECIALIZACAO"
"Af4ad1e9c","P016","Membro de banca","BANCA_ESPECIALIZACAO"
"Af4ad1e9c","P007","Membro de banca","BANCA_ESPECIALIZACAO"
"A917afe3d","P016","Membro de banca","BANCA_ESPECIALIZACAO"
"A1ec905ad","P016","Membro de banca","BANCA_ESPECIALIZACAO"
"A1ec905ad","P007","Membro de banca","BANCA_ESPECIALIZACAO"
"A56ae1379","P016","Membro de banca","BANCA_ESPECIALIZACAO"
"A56ae1379","P007","Membro de banca","BANCA_ESPECIALIZACAO"
"Acafdb01b","P016","Membro de banca","BANCA_ESPECIALIZACAO"
"A56dff220","P016","Membro de banca","BANCA_ESPECIALIZACAO"
"A242b2314","P016","Membro de banca","BANCA_ESPECIALIZACAO"
"Ac1a4d51c","P016","Membro de banca","BANCA_ESPECIALIZACAO"
"A3e5f4542","P016","Membro de banca","BANCA_ESPECIALIZACAO"
"A40c330a0","P016","Membro de banca","BANCA_TCC"
"A40c330a0","P008","Membro de banca","BANCA_TCC"
"A40c330a0","P012","Membro de banca","BANCA_TCC"
"Ad9b1b494","P016","Membro de banca","BANCA_TCC"
"A5ae450aa","P016","Membro de banca","BANCA_TCC"
"A517a45de","P016","Membro de banca","BANCA_TCC"
"A517a45de","P008","Membro de banca","BANCA_TCC"
"Af12bb2f3","P016","Membro de banca","BANCA_TCC"
"Af12bb2f3","P008","Membro de banca","BANCA_TCC"
"Af12bb2f3","P017","Membro de banca","BANCA_TCC"
"A2111686f","P016","Membro de banca","BANCA_TCC"
"A5b5b7ed4","P016","Membro de banca","BANCA_TCC"
"A3a3ed31c","P016","Membro de banca","BANCA_TCC"
"Afb8f49b6","P016","Membro de banca","BANCA_TCC"
"Aafb12191","P016","Membro de banca","BANCA_TCC"
"Ade54d93f","P016","Membro de banca","BANCA_TCC"
"Ade54d93f","P008","Membro de banca","BANCA_TCC"
"Ad9da7fc7","P016","Membro de banca","BANCA_TCC"
"Ad9da7fc7","P008","Membro de banca","BANCA_TCC"
"A1b477d6a","P016","Membro de banca","BANCA_TCC"
"A1b477d6a","P008","Membro de banca","BANCA_TCC"
"A3f671e55","P016","Membro de banca","BANCA_TCC"
"A3f671e55","P008","Membro de banca","BANCA_TCC"
"A82f85ea6","P016","Membro de banca","BANCA_TCC"
"A82f85ea6","P008","Membro de banca","BANCA_TCC"
"A2e353ed1","P016","Membro de banca","BANCA_TCC"
"A2e353ed1","P008","Membro de banca","BANCA_TCC"
"Af6e1268e","P016","Membro de banca","BANCA_TCC"
"Af6e1268e","P007","Membro de banca","BANCA_TCC"
"Aebc2aa5b","P016","Membro de banca","BANCA_TCC"
"Af214de0f","P016","Membro de banca","BANCA_TCC"
"A2b8109d2","P016","Membro de banca","BANCA_TCC"
"A7f2da849","P016","Membro de banca","BANCA_TCC"
"A5c2e27f2","P016","Membro de banca","BANCA_TCC"
"A87920d0a","P012","Membro de banca","BANCA_TCC"
"A87920d0a","P016","Membro de banca","BANCA_TCC"
"Aeb957795","P016","Membro de banca","BANCA_TCC"
"A2781e3cf","P016","Membro de banca","BANCA_TCC"
"Af498f556","P016","Orientador","ORIENTACAO_MESTRADO"
"A4c2d7063","P016","Orientador","ORIENTACAO_MESTRADO"
"Ab1deb93d","P016","Coorientador","ORIENTACAO_MESTRADO"
"Ac3015b06","P016","Orientador","ORIENTACAO_MESTRADO"
"A36652cfd","P016","Orientador","ORIENTACAO_MESTRADO"
"Aeae8ca91","P016","Coorientador","ORIENTACAO_MESTRADO"
"A1adb3deb","P016","Coorientador","ORIENTACAO_MESTRADO"
"Ae6f731ea","P016","Orientador","ORIENTACAO_DOUTORADO"
"Af093cd49","P016","Orientador","ORIENTACAO_DOUTORADO"
"A073aac6f","P016","Orientador","ORIENTACAO_DOUTORADO"
"A142478f2","P016","Orientador","ORIENTACAO_DOUTORADO"
"A4b38518f","P016","Orientador","ORIENTACAO_DOUTORADO"
"A3db08ff9","P016","Orientador","ORIENTACAO_DOUTORADO"
"A23e9fd05","P016","Orientador","ORIENTACAO_POS_DOC"
"Ade27aeb2","P016","Orientador","ORIENTACAO_ESPECIALIZACAO"
"A79998d08","P016","Orientador","ORIENTACAO_ESPECIALIZACAO"
"Abb7aa6ad","P016","Orientador","ORIENTACAO_ESPECIALIZACAO"
"Ae3a22ad5","P016","Orientador","ORIENTACAO_ESPECIALIZACAO"
"Aacf2d2bd","P016","Orientador","ORIENTACAO_ESPECIALIZACAO"
"Afcc9c208","P016","Orientador","ORIENTACAO_ESPECIALIZACAO"
"A95f59b48","P016","Orientador","ORIENTACAO_ESPECIALIZACAO"
"A97942caf","P016","Orientador","ORIENTACAO_TCC"
"Ab2e97ae1","P016","Orientador","ORIENTACAO_MESTRADO"
"A03aef834","P016","Orientador","ORIENTACAO_MESTRADO"
"A18c87bfe","P016","Orientador","ORIENTACAO_MESTRADO"
"Ac2f6077b","P016","Orientador","ORIENTACAO_MESTRADO"
"A4dfff56b","P016","Orientador","ORIENTACAO_MESTRADO"
"Afc6aa649","P016","Orientador","ORIENTACAO_MESTRADO"
"Aee6f221a","P016","Orientador","ORIENTACAO_MESTRADO"
"A4434f867","P016","Orientador","ORIENTACAO_MESTRADO"
"A4be8394e","P016","Orientador","ORIENTACAO_MESTRADO"
"A04ac14f8","P016","Orientador","ORIENTACAO_MESTRADO"
"Af90b6875","P016","Orientador","ORIENTACAO_MESTRADO"
"A9f53acad","P016","Orientador","ORIENTACAO_MESTRADO"
"A0fe9c500","P016","Orientador","ORIENTACAO_MESTRADO"
"A45384b45","P016","Orientador","ORIENTACAO_MESTRADO"
"A481e6b5a","P016","Orientador","ORIENTACAO_MESTRADO"
"A1a29604d","P016","Orientador","ORIENTACAO_MESTRADO"
"A5af542df","P016","Orientador","ORIENTACAO_MESTRADO"
"A280348c4","P016","Orientador","ORIENTACAO_MESTRADO"
"A7b7fc888","P016","Orientador","ORIENTACAO_MESTRADO"
"Ac0039ee9","P016","Coorientador","ORIENTACAO_MESTRADO"
"Ab0b0d7c7","P016","Coorientador","ORIENTACAO_MESTRADO"
"A1a5e961c","P016","Orientador","ORIENTACAO_MESTRADO"
"A0dd5dda1","P016","Orientador","ORIENTACAO_MESTRADO"
"A984f54ee","P016","Orientador","ORIENTACAO_MESTRADO"
"Ad9420d19","P016","Orientador","ORIENTACAO_MESTRADO"
"A220b803c","P016","Coorientador","ORIENTACAO_MESTRADO"
"Ab9cdc602","P016","Coorientador","ORIENTACAO_MESTRADO"
"A46034552","P016","Orientador","ORIENTACAO_MESTRADO"
"A8aa165a1","P016","Orientador","ORIENTACAO_MESTRADO"
"Aa66f2cb4","P016","Orientador","ORIENTACAO_MESTRADO"
"Adb4f6f65","P016","Orientador","ORIENTACAO_MESTRADO"
"Aab603dae","P016","Orientador","ORIENTACAO_MESTRADO"
"Ab1252852","P016","Orientador","ORIENTACAO_MESTRADO"
"Ab2390c34","P016","Orientador","ORIENTACAO_MESTRADO"
"A6797a159","P016","Orientador","ORIENTACAO_MESTRADO"
"A23348aa1","P016","Orientador","ORIENTACAO_DOUTORADO"
"A280983fa","P016","Orientador","ORIENTACAO_DOUTORADO"
"A29e0963a","P016","Orientador","ORIENTACAO_DOUTORADO"
"A4d149466","P016","Orientador","ORIENTACAO_DOUTORADO"
"Adef3ea8f","P016","Orientador","ORIENTACAO_DOUTORADO"
"A1df0658f","P016","Coorientador","ORIENTACAO_DOUTORADO"
"A1df0658f","P011","Orientando","ORIENTACAO_DOUTORADO"
"Aafc67b89","P016","Orientador","ORIENTACAO_POS_DOC"
"A4806f980","P016","Orientador","ORIENTACAO_POS_DOC"
"Aedbabea4","P016","Orientador","ORIENTACAO_POS_DOC"
"A7643993e","P016","Orientador","ORIENTACAO_ESPECIALIZACAO"
"A63399a5c","P016","Orientador","ORIENTACAO_ESPECIALIZACAO"
"Aac6bc9a9","P016","Orientador","ORIENTACAO_ESPECIALIZACAO"
"A864e7c3a","P016","Orientador","ORIENTACAO_ESPECIALIZACAO"
"A1d61b65d","P016","Orientador","ORIENTACAO_ESPECIALIZACAO"
"A654eacff","P016","Orientador","ORIENTACAO_ESPECIALIZACAO"
"A32e25533","P016","Orientador","ORIENTACAO_ESPECIALIZACAO"
"Adfe6a04d","P016","Orientador","ORIENTACAO_ESPECIALIZACAO"
"Aa58de8f8","P016","Orientador","ORIENTACAO_ESPECIALIZACAO"
"Ae4aa7a48","P016","Orientador","ORIENTACAO_ESPECIALIZACAO"
"A93ad374f","P016","Orientador","ORIENTACAO_ESPECIALIZACAO"
"Afcf2ac74","P016","Orientador","ORIENTACAO_ESPECIALIZACAO"
"A90e7ce6b","P016","Orientador","ORIENTACAO_ESPECIALIZACAO"
"Abcd94023","P016","Orientador","ORIENTACAO_ESPECIALIZACAO"
"Ae68b072d","P016","Orientador","ORIENTACAO_ESPECIALIZACAO"
"A2231599f","P016","Orientador","ORIENTACAO_ESPECIALIZACAO"
"Ac7854fc4","P016","Orientador","ORIENTACAO_ESPECIALIZACAO"
"A368749c6","P016","Orientador","ORIENTACAO_ESPECIALIZACAO"
"A4529a22d","P016","Orientador","ORIENTACAO_ESPECIALIZACAO"
"Af66b046f","P016","Orientador","ORIENTACAO_ESPECIALIZACAO"
"Ac198b5a5","P016","Orientador","ORIENTACAO_ESPECIALIZACAO"
"A3947049b","P016","Orientador","ORIENTACAO_ESPECIALIZACAO"
"A8df83eb8","P016","Orientador","ORIENTACAO_ESPECIALIZACAO"
"A4ec59057","P016","Orientador","ORIENTACAO_ESPECIALIZACAO"
"Ab82e4baf","P016","Orientador","ORIENTACAO_ESPECIALIZACAO"
"A5109ce5f","P016","Orientador","ORIENTACAO_ESPECIALIZACAO"
"A31e7288d","P016","Orientador","ORIENTACAO_ESPECIALIZACAO"
"A22876d82","P016","Orientador","ORIENTACAO_ESPECIALIZACAO"
"A8c135c26","P016","Orientador","ORIENTACAO_ESPECIALIZACAO"
"Aa82a3754","P016","Orientador","ORIENTACAO_ESPECIALIZACAO"
"Ae261c403","P016","Orientador","ORIENTACAO_ESPECIALIZACAO"
"A96994346","P016","Orientador","ORIENTACAO_ESPECIALIZACAO"
"A2ef240e5","P016","Orientador","ORIENTACAO_ESPECIALIZACAO"
"A9eca5eca","P016","Orientador","ORIENTACAO_ESPECIALIZACAO"
"Adc682bbf","P016","Orientador","ORIENTACAO_ESPECIALIZACAO"
"A66d47ac3","P016","Orientador","ORIENTACAO_ESPECIALIZACAO"
"Ae8fdece8","P016","Orientador","ORIENTACAO_ESPECIALIZACAO"
"Ab2516034","P016","Orientador","ORIENTACAO_ESPECIALIZACAO"
"Ac482b47b","P016","Orientador","ORIENTACAO_ESPECIALIZACAO"
"Ae833613e","P016","Orientador","ORIENTACAO_ESPECIALIZACAO"
"A161c7be7","P016","Orientador","ORIENTACAO_ESPECIALIZACAO"
"A833ddd3a","P016","Orientador","ORIENTACAO_ESPECIALIZACAO"
"Acb8f859a","P016","Orientador","ORIENTACAO_ESPECIALIZACAO"
"A5a9a2ded","P016","Orientador","ORIENTACAO_ESPECIALIZACAO"
"A5276d58c","P016","Orientador","ORIENTACAO_ESPECIALIZACAO"
"Ada83d094","P016","Orientador","ORIENTACAO_ESPECIALIZACAO"
"A72e6b330","P016","Orientador","ORIENTACAO_TCC"
"Ac75c094c","P016","Orientador","ORIENTACAO_TCC"
"A4d2a3ea2","P016","Orientador","ORIENTACAO_TCC"
"A7f3ed9fc","P016","Orientador","ORIENTACAO_TCC"
"Af92318b3","P016","Orientador","ORIENTACAO_TCC"
"A9cee38b5","P016","Orientador","ORIENTACAO_TCC"
"A2e377bf9","P016","Orientador","ORIENTACAO_TCC"
"A92bee539","P016","Orientador","ORIENTACAO_TCC"
"Addbc680f","P016","Orientador","ORIENTACAO_TCC"
"A07825fe7","P016","Orientador","ORIENTACAO_TCC"
"A78da76ae","P016","Orientador","ORIENTACAO_TCC"
"Aa6bfc1e1","P016","Orientador","ORIENTACAO_TCC"
"Ac00f7cc9","P016","Orientador","ORIENTACAO_TCC"
"Abb3a84c8","P016","Orientador","ORIENTACAO_TCC"
"A84ff5dd1","P016","Orientador","ORIENTACAO_TCC"
"Aef8bc31d","P016","Orientador","ORIENTACAO_TCC"
"A390948a3","P016","Orientador","ORIENTACAO_TCC"
"A81d8619e","P016","Orientador","ORIENTACAO_TCC"
"A5c42ff24","P016","Orientador","ORIENTACAO_TCC"
"Adaa20542","P016","Orientador","ORIENTACAO_TCC"
"A654a6899","P016","Orientador","ORIENTACAO_TCC"
"A1b760e27","P016","Orientador","ORIENTACAO_TCC"
"Afa31d350","P016","Orientador","ORIENTACAO_TCC"
"A18b4e783","P016","Orientador","ORIENTACAO_TCC"
"Accac9ae4","P016","Orientador","ORIENTACAO_TCC"
"Ae9699e53","P016","Orientador","ORIENTACAO_TCC"
"A83e0d951","P016","Orientador","ORIENTACAO_TCC"
"A0189c469","P016","Orientador","ORIENTACAO_TCC"
"A3bdb85ba","P016","Orientador","ORIENTACAO_TCC"
"A4eb9e00d","P016","Orientador","ORIENTACAO_TCC"
"Ab2343383","P016","Orientador","ORIENTACAO_TCC"
"A018d045f","P016","Orientador","ORIENTACAO_IC"
"A0a4a43b4","P016","Orientador","ORIENTACAO_IC"
"Ab57f1d5c","P016","Orientador","ORIENTACAO_IC"
"A357aa6d5","P016","Orientador","ORIENTACAO_IC"
"Afae3d992","P016","Orientador","ORIENTACAO_IC"
"A6ce31d69","P016","Orientador","ORIENTACAO_IC"
"Ad4923f91","P016","Orientador","ORIENTACAO_IC"
"A09297c2b","P016","Orientador","ORIENTACAO_IC"
"Aa2e67249","P016","Orientador","ORIENTACAO_IC"
"A4573ebfc","P016","Orientador","ORIENTACAO_IC"
"A7b78dadf","P016","Orientador","ORIENTACAO_IC"
"Aa14eaf33","P016","Orientador","ORIENTACAO_IC"
"Ae432c7a1","P016","Orientador","ORIENTACAO_IC"
"Aaca403d1","P016","Orientador","ORIENTACAO_IC"
"A5b8cbb18","P016","Orientador","ORIENTACAO_IC"
"A0a272006","P016","Orientador","ORIENTACAO_IC"
"A11dd5af9","P016","Orientador","ORIENTACAO_IC"
"Ae872b8b4","P016","Orientador","ORIENTACAO_IC"
"Ad987d22e","P016","Orientador","ORIENTACAO_IC"
"A8b376d60","P016","Orientador","ORIENTACAO_IC"
"Aa32399c4","P016","Orientador","ORIENTACAO_IC"
"Aa11fd6c1","P016","Orientador","ORIENTACAO_IC"
"A781dcd06","P016","Orientador","ORIENTACAO_IC"
"Acca784a6","P016","Orientador","ORIENTACAO_IC"
"Afc253c01","P016","Orientador","ORIENTACAO_IC"
"A570b8828","P016","Orientador","ORIENTACAO_IC"
"A0433b751","P016","Orientador","ORIENTACAO_IC"
"Ac521ca15","P016","Orientador","ORIENTACAO_IC"
"Af0557e6e","P016","Orientador","ORIENTACAO_IC"
"A458278d8","P016","Orientador","ORIENTACAO_IC"
"Aef2f86c7","P016","Orientador","ORIENTACAO_IC"
"A1c8ab665","P016","Orientador","ORIENTACAO_IC"
"Ab9469f8e","P016","Orientador","ORIENTACAO_IC"
"A019979dd","P016","Orientador","ORIENTACAO_IC"
"A2ca1de63","P016","Orientador","ORIENTACAO_IC"
"A017d3cc5","P016","Orientador","ORIENTACAO_IC"
"A0b4b4501","P016","Orientador","ORIENTACAO_IC"
"Ac6727b5c","P016","Orientador","ORIENTACAO_IC"
"A226a1e8a","P016","Orientador","ORIENTACAO_IC"
"A41626769","P016","Orientador","ORIENTACAO_IC"
"A764cb1c3","P016","Orientador","ORIENTACAO_IC"
"A24573b4a","P016","Orientador","ORIENTACAO_IC"
"Ae67cfe7a","P016","Orientador","ORIENTACAO_IC"
"A7b2dc752","P016","Orientador","ORIENTACAO_IC"
"A60a383ac","P016","Orientador","ORIENTACAO_IC"
"Ad4f6d23b","P016","Orientador","ORIENTACAO_IC"
"A0bea5e33","P016","Orientador","ORIENTACAO_IC"
"A56b94a80","P016","Orientador","ORIENTACAO_IC"
"A247df5b5","P016","Orientador","ORIENTACAO_IC"
"A374cf389","P016","Orientador","ORIENTACAO_OUTRA"
"A6b1f73d0","P016","Orientador","ORIENTACAO_OUTRA"
"Ab18b447a","P016","Orientador","ORIENTACAO_OUTRA"
"A53dcf156","P016","Orientador","ORIENTACAO_OUTRA"
"A30b15cac","P016","Orientador","ORIENTACAO_OUTRA"
"A11ee5065","P016","Orientador","ORIENTACAO_OUTRA"
"A4f59d686","P016","Orientador","ORIENTACAO_OUTRA"
"A24fbb116","P016","Orientador","ORIENTACAO_OUTRA"
"Acc9eef93","P016","Orientador","ORIENTACAO_OUTRA"
"A258d0de7","P016","Orientador","ORIENTACAO_OUTRA"
"A5fa62d38","P016","Orientador","ORIENTACAO_OUTRA"
"Ad5be379e","P016","Orientador","ORIENTACAO_OUTRA"
"Afb9b5b5f","P016","Orientador","ORIENTACAO_OUTRA"
"Adda1cdcf","P016","Orientador","ORIENTACAO_OUTRA"
"A150f5a1f","P016","Orientador","ORIENTACAO_OUTRA"
"A297d578c","P016","Orientador","ORIENTACAO_OUTRA"
"Ae0c2eac3","P016","Orientador","ORIENTACAO_OUTRA"
"A4b0bc4a6","P016","Orientador","ORIENTACAO_OUTRA"
"A3f249e59","P016","Orientador","ORIENTACAO_OUTRA"
"A5cd70380","P016","Orientador","ORIENTACAO_OUTRA"
"A2cd19b6a","P016","Orientador","ORIENTACAO_OUTRA"
"A33f12746","P017","Coordenador","PROJETO_PESQUISA"
"A33f12746","P012","Integrante","PROJETO_PESQUISA"
"A33f12746","P016","Integrante","PROJETO_PESQUISA"
"A8c84e28b","P017","Coordenador","PROJETO_PESQUISA"
"A8c84e28b","P008","Integrante","PROJETO_PESQUISA"
"Abdaf32c0","P017","Coordenador","PROJETO_PESQUISA"
"A4236ffec","P017","Coordenador","PROJETO_PESQUISA"
"A4f3dcbf2","P017","Coordenador","PROJETO_PESQUISA"
"Ae401f1d1","P017","Coordenador","PROJETO_PESQUISA"
"Ae401f1d1","P012","Integrante","PROJETO_PESQUISA"
"Ae401f1d1","P008","Integrante","PROJETO_PESQUISA"
"A733fb68f","P017","Integrante","PROJETO_PESQUISA"
"A6b6eb924","P017","Integrante","PROJETO_PESQUISA"
"Ac8c2a659","P017","Integrante","PROJETO_PESQUISA"
"Ab31ebe71","P017","Coordenador","PROJETO_PESQUISA"
"Ab85d28c0","P017","Integrante","PROJETO_PESQUISA"
"Ae75001ac","P017","Coordenador","PROJETO_EXTENSAO"
"Ae75001ac","P008","Integrante","PROJETO_EXTENSAO"
"Ae75001ac","P016","Integrante","PROJETO_EXTENSAO"
"Abe8389bd","P017","Coordenador","PROJETO_EXTENSAO"
"A3eaf45b2","P017","Coordenador","PROJETO_EXTENSAO"
"Adf7dde1c","P017","Integrante","PROJETO_EXTENSAO"
"Adf7dde1c","P008","Integrante","PROJETO_EXTENSAO"
"Adf7dde1c","P016","Coordenador","PROJETO_EXTENSAO"
"Adf7dde1c","P015","Integrante","PROJETO_EXTENSAO"
"A8f2e1753","P017","Integrante","PROJETO_EXTENSAO"
"A0476bdca","P017","Integrante","PROJETO_EXTENSAO"
"A3ba6f0ec","P017","Membro de banca","BANCA_MESTRADO"
"A15151cff","P017","Membro de banca","BANCA_MESTRADO"
"A6a6dcb23","P017","Membro de banca","BANCA_MESTRADO"
"Ad4a2fd6e","P012","Membro de banca","BANCA_MESTRADO"
"Ad4a2fd6e","P017","Membro de banca","BANCA_MESTRADO"
"Accd9743d","P017","Membro de banca","BANCA_MESTRADO"
"A4bac8709","P017","Membro de banca","BANCA_MESTRADO"
"A4bac8709","P016","Membro de banca","BANCA_MESTRADO"
"A4bac8709","P012","Membro de banca","BANCA_MESTRADO"
"A4bac8709","P015","Membro de banca","BANCA_MESTRADO"
"Ad3ceb09e","P017","Membro de banca","BANCA_MESTRADO"
"A0ca38c4c","P017","Membro de banca","BANCA_MESTRADO"
"A4825315e","P017","Membro de banca","BANCA_MESTRADO"
"A1878d7f1","P017","Membro de banca","BANCA_MESTRADO"
"Aebcf8164","P017","Membro de banca","BANCA_DOUTORADO"
"Aebcf8164","P012","Membro de banca","BANCA_DOUTORADO"
"Afcc0a127","P017","Membro de banca","BANCA_DOUTORADO"
"A9a7f68d1","P017","Membro de banca","BANCA_DOUTORADO"
"Acd5f8f7a","P017","Membro de banca","BANCA_MESTRADO"
"Acd5f8f7a","P012","Membro de banca","BANCA_MESTRADO"
"A940e3240","P017","Membro de banca","BANCA_MESTRADO"
"A940e3240","P008","Membro de banca","BANCA_MESTRADO"
"A40fd0221","P008","Membro de banca","BANCA_MESTRADO"
"A40fd0221","P017","Membro de banca","BANCA_MESTRADO"
"Adde69b12","P017","Membro de banca","BANCA_MESTRADO"
"Afe9cf83d","P017","Membro de banca","BANCA_MESTRADO"
"A9a4af30f","P012","Membro de banca","BANCA_MESTRADO"
"A63fb15c5","P017","Membro de banca","BANCA_MESTRADO"
"A6a06b24c","P015","Membro de banca","BANCA_MESTRADO"
"A6a06b24c","P017","Membro de banca","BANCA_MESTRADO"
"Ace7075c4","P017","Membro de banca","BANCA_MESTRADO"
"A2718c35e","P017","Membro de banca","BANCA_MESTRADO"
"A38281f5a","P017","Membro de banca","BANCA_MESTRADO"
"Ac148368d","P017","Membro de banca","BANCA_MESTRADO"
"A52bbb12b","P016","Membro de banca","BANCA_ESPECIALIZACAO"
"A52bbb12b","P017","Membro de banca","BANCA_ESPECIALIZACAO"
"A484b0c29","P017","Membro de banca","BANCA_TCC"
"Ae2be39b0","P017","Membro de banca","BANCA_TCC"
"Ae2be39b0","P008","Membro de banca","BANCA_TCC"
"A31b36cca","P017","Membro de banca","BANCA_TCC"
"A59932db8","P017","Membro de banca","BANCA_TCC"
"A4e0f7dd3","P017","Membro de banca","BANCA_TCC"
"Aab2997a7","P008","Membro de banca","BANCA_TCC"
"Aab2997a7","P017","Membro de banca","BANCA_TCC"
"A5ef756eb","P017","Membro de banca","BANCA_TCC"
"A5ef756eb","P008","Membro de banca","BANCA_TCC"
"A83e33371","P017","Membro de banca","BANCA_TCC"
"A50f4e39f","P017","Membro de banca","BANCA_TCC"
"Acd43e9c6","P017","Membro de banca","BANCA_TCC"
"A6a7c39cb","P017","Membro de banca","BANCA_TCC"
"A033c9753","P017","Membro de banca","BANCA_TCC"
"A053b3d55","P017","Membro de banca","BANCA_TCC"
"A40131284","P017","Membro de banca","BANCA_TCC"
"A91699ef1","P017","Membro de banca","BANCA_TCC"
"A09cd9227","P017","Membro de banca","BANCA_TCC"
"Aa1b93869","P017","Membro de banca","BANCA_TCC"
"Ad9333560","P017","Membro de banca","BANCA_TCC"
"Afbf5e417","P017","Membro de banca","BANCA_TCC"
"A5b7e1e08","P017","Membro de banca","BANCA_TCC"
"Af833a8cf","P017","Membro de banca","BANCA_TCC"
"Aa0290664","P017","Membro de banca","BANCA_TCC"
"Abfd0d91e","P017","Membro de banca","BANCA_TCC"
"A60e88e4a","P017","Membro de banca","BANCA_TCC"
"A481f23fe","P017","Membro de banca","BANCA_TCC"
"Ada3249db","P017","Membro de banca","BANCA_TCC"
"Af07e094d","P017","Membro de banca","BANCA_TCC"
"A09c0136b","P017","Membro de banca","BANCA_TCC"
"A008c8e83","P017","Membro de banca","BANCA_TCC"
"A99e8259b","P017","Membro de banca","BANCA_TCC"
"Aab6ea304","P017","Membro de banca","BANCA_TCC"
"Acf81a278","P017","Membro de banca","BANCA_TCC"
"A48156652","P017","Membro de banca","BANCA_TCC"
"A43d62734","P017","Membro de banca","BANCA_TCC"
"A85a0ffa6","P017","Orientador","ORIENTACAO_MESTRADO"
"A6e56baf8","P017","Orientador","ORIENTACAO_MESTRADO"
"A2f7ac058","P017","Coorientador","ORIENTACAO_MESTRADO"
"Ab8e5ae5b","P017","Orientador","ORIENTACAO_MESTRADO"
"Aaa952668","P017","Orientador","ORIENTACAO_TCC"
"Aa61b7d83","P017","Orientador","ORIENTACAO_TCC"
"A4143c2d0","P017","Orientador","ORIENTACAO_MESTRADO"
"Aa2458cf0","P017","Coorientador","ORIENTACAO_MESTRADO"
"Ace6cbd41","P017","Orientador","ORIENTACAO_MESTRADO"
"A92de3172","P017","Coorientador","ORIENTACAO_MESTRADO"
"A82b28c1e","P017","Coorientador","ORIENTACAO_MESTRADO"
"Aa20bada9","P017","Coorientador","ORIENTACAO_MESTRADO"
"Aeba89142","P017","Orientador","ORIENTACAO_TCC"
"Adfb7b80b","P017","Orientador","ORIENTACAO_TCC"
"Af614daa3","P017","Orientador","ORIENTACAO_TCC"
"A1a108cc0","P017","Orientador","ORIENTACAO_TCC"
"A59734ed4","P017","Orientador","ORIENTACAO_TCC"
"A5a6b86a2","P017","Orientador","ORIENTACAO_TCC"
"Aa6c495a2","P017","Orientador","ORIENTACAO_TCC"
"Adc419ed6","P017","Orientador","ORIENTACAO_TCC"
"A4a5c4b81","P017","Orientador","ORIENTACAO_TCC"
"A3a41cfda","P017","Orientador","ORIENTACAO_TCC"
"Aa59b2714","P017","Orientador","ORIENTACAO_TCC"
"A6c6e89e4","P017","Orientador","ORIENTACAO_TCC"
"A73a7dca1","P017","Orientador","ORIENTACAO_IC"
"Ab35daf13","P017","Orientador","ORIENTACAO_IC"
"A0deb1084","P017","Orientador","ORIENTACAO_IC"
"A582d3d25","P017","Orientador","ORIENTACAO_IC"
"A1729ad44","P017","Orientador","ORIENTACAO_IC"
"A71f42d0e","P017","Orientador","ORIENTACAO_IC"
"Add21f273","P017","Orientador","ORIENTACAO_OUTRA"
"A3b44fc4d","P017","Orientador","ORIENTACAO_OUTRA"
"Ada1d4cee","P017","Orientador","ORIENTACAO_OUTRA"
"Adc58c171","P017","Orientador","ORIENTACAO_OUTRA"
"Aa7f42086","P017","Orientador","ORIENTACAO_OUTRA"
"A1b55d64c","P017","Orientador","ORIENTACAO_OUTRA"
"Addaec6cc","P017","Orientador","ORIENTACAO_OUTRA"
"A4b4ffa48","P017","Orientador","ORIENTACAO_OUTRA"
"A88c24b8a","P017","Orientador","ORIENTACAO_OUTRA"
"A4cd1ac2e","P017","Orientador","ORIENTACAO_OUTRA"
"A88c17352","P018","Coordenador","PROJETO_PESQUISA"
"A88c17352","P007","Integrante","PROJETO_PESQUISA"
"Abe72e6ed","P018","Coordenador","PROJETO_PESQUISA"
"Abe72e6ed","P007","Integrante","PROJETO_PESQUISA"
"A1e927422","P018","Integrante","PROJETO_PESQUISA"
"A31c8731a","P018","Coordenador","PROJETO_PESQUISA"
"A31c8731a","P007","Integrante","PROJETO_PESQUISA"
"Ae5747cdb","P018","Coordenador","PROJETO_PESQUISA"
"A0fbc9d6d","P018","Coordenador","PROJETO_PESQUISA"
"A2b13d821","P018","Coordenador","PROJETO_EXTENSAO"
"A35be7fd5","P018","Coordenador","PROJETO_EXTENSAO"
"A0b57e34f","P018","Membro de banca","BANCA_MESTRADO"
"A05f2badb","P018","Membro de banca","BANCA_MESTRADO"
"Ac317e3c7","P018","Membro de banca","BANCA_MESTRADO"
"A3a052765","P018","Membro de banca","BANCA_MESTRADO"
"A3a052765","P007","Membro de banca","BANCA_MESTRADO"
"Af15cae38","P018","Membro de banca","BANCA_MESTRADO"
"A0a46f72a","P018","Membro de banca","BANCA_MESTRADO"
"Ac4878ff1","P018","Membro de banca","BANCA_MESTRADO"
"A04f2713d","P007","Membro de banca","BANCA_MESTRADO"
"A04f2713d","P018","Membro de banca","BANCA_MESTRADO"
"Aa7ab79e1","P018","Membro de banca","BANCA_MESTRADO"
"A461bc202","P018","Membro de banca","BANCA_MESTRADO"
"A586a1c73","P018","Membro de banca","BANCA_MESTRADO"
"A52852cf3","P018","Membro de banca","BANCA_MESTRADO"
"A6c1d8910","P018","Membro de banca","BANCA_MESTRADO"
"A623f8cef","P018","Membro de banca","BANCA_MESTRADO"
"Ad6529b27","P018","Membro de banca","BANCA_MESTRADO"
"A981b0e22","P018","Membro de banca","BANCA_MESTRADO"
"A981b0e22","P007","Membro de banca","BANCA_MESTRADO"
"Ab9423200","P018","Membro de banca","BANCA_MESTRADO"
"Ab2230ed2","P016","Membro de banca","BANCA_MESTRADO"
"Ab2230ed2","P008","Membro de banca","BANCA_MESTRADO"
"Ab2230ed2","P018","Membro de banca","BANCA_MESTRADO"
"A2beee1a4","P007","Membro de banca","BANCA_MESTRADO"
"A2beee1a4","P018","Membro de banca","BANCA_MESTRADO"
"A3956526e","P007","Membro de banca","BANCA_MESTRADO"
"A3956526e","P018","Membro de banca","BANCA_MESTRADO"
"Af112776f","P018","Membro de banca","BANCA_MESTRADO"
"A4ab6e655","P018","Membro de banca","BANCA_MESTRADO"
"A31655a78","P018","Membro de banca","BANCA_MESTRADO"
"A5c35322c","P007","Membro de banca","BANCA_MESTRADO"
"A5c35322c","P018","Membro de banca","BANCA_MESTRADO"
"A260c014e","P007","Membro de banca","BANCA_MESTRADO"
"A260c014e","P018","Membro de banca","BANCA_MESTRADO"
"A9824cecd","P007","Membro de banca","BANCA_MESTRADO"
"A9824cecd","P018","Membro de banca","BANCA_MESTRADO"
"A5cd51dec","P007","Membro de banca","BANCA_MESTRADO"
"A5cd51dec","P018","Membro de banca","BANCA_MESTRADO"
"A02e56890","P007","Membro de banca","BANCA_MESTRADO"
"A02e56890","P018","Membro de banca","BANCA_MESTRADO"
"A9ca8ea93","P018","Membro de banca","BANCA_MESTRADO"
"A62adc930","P018","Membro de banca","BANCA_ESPECIALIZACAO"
"A3497990a","P018","Membro de banca","BANCA_ESPECIALIZACAO"
"A279aa420","P018","Membro de banca","BANCA_ESPECIALIZACAO"
"A29b62fd9","P018","Membro de banca","BANCA_TCC"
"A29b62fd9","P007","Membro de banca","BANCA_TCC"
"A1b2dd95a","P018","Membro de banca","BANCA_TCC"
"Aa9ed57cf","P018","Membro de banca","BANCA_TCC"
"Ae2321ba8","P018","Membro de banca","BANCA_TCC"
"Ac2c808b0","P018","Membro de banca","BANCA_TCC"
"Ac2c808b0","P007","Membro de banca","BANCA_TCC"
"Aa7b920c2","P018","Membro de banca","BANCA_TCC"
"Aa7b920c2","P007","Membro de banca","BANCA_TCC"
"Aa7b920c2","P008","Membro de banca","BANCA_TCC"
"A4dbc8bc5","P007","Membro de banca","BANCA_TCC"
"A4dbc8bc5","P018","Membro de banca","BANCA_TCC"
"A4dbc8bc5","P008","Membro de banca","BANCA_TCC"
"A45ae7745","P018","Membro de banca","BANCA_TCC"
"A45ae7745","P007","Membro de banca","BANCA_TCC"
"A0ec670d1","P018","Membro de banca","BANCA_TCC"
"A0f76eb01","P018","Membro de banca","BANCA_TCC"
"A871af59f","P018","Membro de banca","BANCA_TCC"
"A871af59f","P007","Membro de banca","BANCA_TCC"
"Ae8b58c1c","P018","Membro de banca","BANCA_TCC"
"Ae8b58c1c","P007","Membro de banca","BANCA_TCC"
"Afce0e720","P018","Membro de banca","BANCA_TCC"
"Afce0e720","P007","Membro de banca","BANCA_TCC"
"Ab14ae4b8","P018","Membro de banca","BANCA_TCC"
"Ab14ae4b8","P007","Membro de banca","BANCA_TCC"
"Ab14ae4b8","P008","Membro de banca","BANCA_TCC"
"A97dcefdd","P018","Membro de banca","BANCA_TCC"
"A089e7af7","P018","Membro de banca","BANCA_TCC"
"Afc3b101a","P018","Membro de banca","BANCA_TCC"
"Ac7198f57","P018","Membro de banca","BANCA_TCC"
"Ac7198f57","P007","Membro de banca","BANCA_TCC"
"Af4b14039","P018","Membro de banca","BANCA_TCC"
"Af4b14039","P008","Membro de banca","BANCA_TCC"
"Ad9da7fc7","P018","Membro de banca","BANCA_TCC"
"Ada454071","P018","Membro de banca","BANCA_TCC"
"A419c61a6","P008","Membro de banca","BANCA_TCC"
"A419c61a6","P018","Membro de banca","BANCA_TCC"
"Aa54bddc2","P008","Membro de banca","BANCA_TCC"
"Aa54bddc2","P018","Membro de banca","BANCA_TCC"
"A0ceb60a3","P007","Membro de banca","BANCA_TCC"
"A0ceb60a3","P018","Membro de banca","BANCA_TCC"
"A2ff89f73","P018","Membro de banca","BANCA_TCC"
"A2ff89f73","P007","Membro de banca","BANCA_TCC"
"A7c500cc9","P018","Membro de banca","BANCA_TCC"
"A43a71121","P018","Membro de banca","BANCA_TCC"
"A6ea56c5e","P018","Membro de banca","BANCA_TCC"
"A88805b0d","P018","Membro de banca","BANCA_TCC"
"A89c587c2","P018","Membro de banca","BANCA_TCC"
"Abd12ce50","P007","Membro de banca","BANCA_TCC"
"Abd12ce50","P018","Membro de banca","BANCA_TCC"
"Adf60930f","P007","Membro de banca","BANCA_TCC"
"Adf60930f","P018","Membro de banca","BANCA_TCC"
"A61b3306d","P007","Membro de banca","BANCA_TCC"
"A61b3306d","P018","Membro de banca","BANCA_TCC"
"A64b32954","P007","Membro de banca","BANCA_TCC"
"A64b32954","P018","Membro de banca","BANCA_TCC"
"A2b3d7070","P018","Membro de banca","BANCA_TCC"
"A2b3d7070","P007","Membro de banca","BANCA_TCC"
"Adbac06ec","P007","Membro de banca","BANCA_TCC"
"Adbac06ec","P008","Membro de banca","BANCA_TCC"
"Adbac06ec","P018","Membro de banca","BANCA_TCC"
"Adbd89bfa","P007","Membro de banca","BANCA_TCC"
"Adbd89bfa","P016","Membro de banca","BANCA_TCC"
"Adbd89bfa","P018","Membro de banca","BANCA_TCC"
"A92c597f0","P018","Membro de banca","BANCA_TCC"
"A8428f015","P018","Membro de banca","BANCA_TCC"
"A9d9dc957","P018","Membro de banca","BANCA_TCC"
"A9d9dc957","P007","Membro de banca","BANCA_TCC"
"A61b6d33c","P018","Membro de banca","BANCA_TCC"
"A38f86e1a","P018","Membro de banca","BANCA_TCC"
"A0fcc4432","P018","Membro de banca","BANCA_TCC"
"Aed415522","P018","Membro de banca","BANCA_TCC"
"Aed415522","P007","Membro de banca","BANCA_TCC"
"A7357cc1f","P018","Orientador","ORIENTACAO_MESTRADO"
"A6737ab43","P018","Orientador","ORIENTACAO_MESTRADO"
"A1699d62a","P018","Orientador","ORIENTACAO_MESTRADO"
"Ad6ac8c3c","P018","Orientador","ORIENTACAO_MESTRADO"
"A7c626cb2","P018","Orientador","ORIENTACAO_IC"
"A162f36e5","P018","Orientador","ORIENTACAO_MESTRADO"
"A74d9535c","P018","Orientador","ORIENTACAO_MESTRADO"
"A97d8a010","P018","Orientador","ORIENTACAO_MESTRADO"
"A4e821255","P018","Orientador","ORIENTACAO_MESTRADO"
"A940ae3d2","P018","Orientador","ORIENTACAO_MESTRADO"
"Aebdb6f79","P018","Orientador","ORIENTACAO_MESTRADO"
"A5b8090a1","P018","Orientador","ORIENTACAO_MESTRADO"
"A0ac1c8ed","P018","Orientador","ORIENTACAO_MESTRADO"
"Ae00d2a2c","P018","Orientador","ORIENTACAO_ESPECIALIZACAO"
"Aea4175b4","P018","Orientador","ORIENTACAO_ESPECIALIZACAO"
"Ada87e146","P018","Orientador","ORIENTACAO_ESPECIALIZACAO"
"A18eba17d","P018","Orientador","ORIENTACAO_TCC"
"A0d2e7631","P018","Orientador","ORIENTACAO_TCC"
"Ad5749f35","P018","Orientador","ORIENTACAO_TCC"
"Ad46f9ab2","P018","Orientador","ORIENTACAO_TCC"
"Adff6a31b","P018","Orientador","ORIENTACAO_TCC"
"A5d0394db","P018","Orientador","ORIENTACAO_TCC"
"A9abf1c78","P018","Orientador","ORIENTACAO_TCC"
"A713ad92f","P018","Orientador","ORIENTACAO_TCC"
"A579cf6bb","P018","Orientador","ORIENTACAO_TCC"
"A06e970d0","P018","Orientador","ORIENTACAO_TCC"
"A949bab35","P018","Orientador","ORIENTACAO_TCC"
"A0a2f80ca","P018","Orientador","ORIENTACAO_TCC"
"A40b0d435","P018","Orientador","ORIENTACAO_TCC"
"Afda29f39","P018","Orientador","ORIENTACAO_TCC"
"A267ddea7","P018","Orientador","ORIENTACAO_TCC"
"A57ee6aef","P018","Orientador","ORIENTACAO_TCC"
"A5fd1c418","P018","Orientador","ORIENTACAO_TCC"
"A09f5a61a","P018","Orientador","ORIENTACAO_TCC"
"A8ad8ccc8","P018","Orientador","ORIENTACAO_TCC"
"Adb7df4f2","P018","Orientador","ORIENTACAO_TCC"
"A468fa14e","P018","Orientador","ORIENTACAO_TCC"
"Ae234958a","P018","Orientador","ORIENTACAO_TCC"
"A58043951","P018","Orientador","ORIENTACAO_TCC"
"Afe22d263","P018","Orientador","ORIENTACAO_TCC"
"A9d21b8cd","P018","Orientador","ORIENTACAO_TCC"
"A858d047f","P018","Orientador","ORIENTACAO_TCC"
"A14411e1d","P018","Orientador","ORIENTACAO_TCC"
"A9777d5a2","P018","Orientador","ORIENTACAO_TCC"
"Abf5821ef","P018","Orientador","ORIENTACAO_TCC"
"A3a2c239a","P018","Orientador","ORIENTACAO_TCC"
"A54c1f7e5","P018","Orientador","ORIENTACAO_TCC"
"A95565bd2","P018","Orientador","ORIENTACAO_TCC"
"A183964a4","P018","Orientador","ORIENTACAO_TCC"
"A7953bae4","P018","Orientador","ORIENTACAO_TCC"
"A9edcd3ee","P018","Orientador","ORIENTACAO_TCC"
"A287c2de8","P018","Orientador","ORIENTACAO_TCC"
"Aac488054","P018","Orientador","ORIENTACAO_TCC"
"Ad4cf6a99","P018","Orientador","ORIENTACAO_TCC"
"Afeb870bc","P018","Orientador","ORIENTACAO_IC"
"Aa3f70704","P018","Orientador","ORIENTACAO_IC"
"A7be7f9a1","P018","Orientador","ORIENTACAO_IC"
"A490f9866","P018","Orientador","ORIENTACAO_IC"
"A5772fb87","P018","Orientador","ORIENTACAO_IC"
"A36b09134","P018","Orientador","ORIENTACAO_IC"
"Ac97edb39","P018","Orientador","ORIENTACAO_IC"
"A07061e8d","P018","Orientador","ORIENTACAO_IC"
"Aaf80fb56","P018","Orientador","ORIENTACAO_IC"
"A669c3eaa","P018","Orientador","ORIENTACAO_IC"
"A313ec58e","P018","Orientador","ORIENTACAO_IC"
"A18370684","P018","Orientador","ORIENTACAO_IC"
"Ad6a9268f","P018","Orientador","ORIENTACAO_IC"
"Add8a2b00","P018","Orientador","ORIENTACAO_IC"
"A5f7e2f49","P018","Orientador","ORIENTACAO_IC"
"Addc64c37","P018","Orientador","ORIENTACAO_IC"
"A942cf046","P018","Orientador","ORIENTACAO_IC"
"A721363d4","P018","Orientador","ORIENTACAO_IC"
"A3b823ff8","P018","Orientador","ORIENTACAO_IC"
"Ab938a9a2","P018","Orientador","ORIENTACAO_IC"
"A63acbcd1","P018","Orientador","ORIENTACAO_IC"
"Af86a13b4","P018","Orientador","ORIENTACAO_IC"
"Ab224dd16","P018","Orientador","ORIENTACAO_IC"
"Ae1424dfe","P018","Orientador","ORIENTACAO_IC"
"A8028e4c5","P018","Orientador","ORIENTACAO_IC"
"A62b0f7ca","P018","Orientador","ORIENTACAO_IC"
"Af9f5aca9","P018","Orientador","ORIENTACAO_OUTRA"
"A7c044746","P018","Orientador","ORIENTACAO_OUTRA"
"A4cc0ef3a","P018","Orientador","ORIENTACAO_OUTRA"
"A9e374fb7","P018","Orientador","ORIENTACAO_OUTRA"
"Aee88bcd0","P018","Orientador","ORIENTACAO_OUTRA"
"A8c632f0a","P019","Coordenador","PROJETO_PESQUISA"
"Acbb557a0","P019","Coordenador","PROJETO_PESQUISA"
"Abed6e1da","P019","Coordenador","PROJETO_PESQUISA"
"A674bfaf3","P019","Coordenador","PROJETO_PESQUISA"
"A75689c74","P019","Coordenador","PROJETO_PESQUISA"
"A899fa4e7","P019","Coordenador","PROJETO_PESQUISA"
"A4a31e513","P019","Coordenador","PROJETO_PESQUISA"
"Aaac34cbc","P019","Coordenador","PROJETO_PESQUISA"
"A56c4b4fd","P019","Coordenador","PROJETO_PESQUISA"
"A1f2086a1","P019","Integrante","PROJETO_PESQUISA"
"A8b2ac5cf","P019","Coordenador","PROJETO_PESQUISA"
"A5ffb8914","P019","Coordenador","PROJETO_PESQUISA"
"A9dd75047","P019","Coordenador","PROJETO_EXTENSAO"
"A17cd73f5","P019","Coordenador","PROJETO_EXTENSAO"
"Ae66e9f68","P019","Coordenador","PROJETO_EXTENSAO"
"A53d4a9be","P019","Coordenador","PROJETO_EXTENSAO"
"A1fceb37e","P019","Coordenador","PROJETO_EXTENSAO"
"Abeba690e","P019","Coordenador","PROJETO_EXTENSAO"
"Ae993a8fe","P019","Coordenador","PROJETO_EXTENSAO"
"A385ca466","P019","Membro de banca","BANCA_MESTRADO"
"A79aa745e","P019","Membro de banca","BANCA_MESTRADO"
"Aaeb37f29","P019","Membro de banca","BANCA_MESTRADO"
"Aede79c6c","P019","Membro de banca","BANCA_MESTRADO"
"A05f2badb","P019","Membro de banca","BANCA_MESTRADO"
"A996cbf0d","P019","Membro de banca","BANCA_MESTRADO"
"A7904a24a","P019","Membro de banca","BANCA_MESTRADO"
"Ae82916b9","P019","Membro de banca","BANCA_MESTRADO"
"A09432371","P019","Membro de banca","BANCA_MESTRADO"
"A1710b3cc","P019","Membro de banca","BANCA_MESTRADO"
"A018d9cb1","P019","Membro de banca","BANCA_MESTRADO"
"A3e1ec2a0","P019","Membro de banca","BANCA_MESTRADO"
"A21c42131","P019","Membro de banca","BANCA_DOUTORADO"
"A23b7b209","P019","Membro de banca","BANCA_DOUTORADO"
"Aa2dae0f5","P019","Membro de banca","BANCA_DOUTORADO"
"A50c835dc","P019","Membro de banca","BANCA_DOUTORADO"
"A0a6697e2","P019","Membro de banca","BANCA_DOUTORADO"
"A9fd32647","P019","Membro de banca","BANCA_DOUTORADO"
"Ad985e643","P019","Membro de banca","BANCA_DOUTORADO"
"A9c8bc35d","P019","Membro de banca","BANCA_DOUTORADO"
"Af72b8fcc","P019","Membro de banca","BANCA_DOUTORADO"
"Ae8bc35c8","P019","Membro de banca","BANCA_DOUTORADO"
"Ab7b4ae17","P019","Membro de banca","BANCA_DOUTORADO"
"A7beb85a3","P019","Membro de banca","BANCA_DOUTORADO"
"A8d33deab","P019","Membro de banca","BANCA_DOUTORADO"
"Ad418b507","P019","Membro de banca","BANCA_DOUTORADO"
"Ab16ca86a","P019","Membro de banca","BANCA_DOUTORADO"
"A2540ac42","P019","Membro de banca","BANCA_DOUTORADO"
"Ab5878d3f","P019","Membro de banca","BANCA_MESTRADO"
"Af7484bdb","P019","Membro de banca","BANCA_MESTRADO"
"Ac33abac3","P019","Membro de banca","BANCA_MESTRADO"
"A4304b15c","P019","Membro de banca","BANCA_MESTRADO"
"A0c584191","P019","Membro de banca","BANCA_MESTRADO"
"A5c6572bf","P019","Membro de banca","BANCA_MESTRADO"
"A25998d07","P019","Membro de banca","BANCA_MESTRADO"
"A9d1e0d5f","P019","Membro de banca","BANCA_MESTRADO"
"Ae302436d","P019","Membro de banca","BANCA_MESTRADO"
"Ac2d89357","P019","Membro de banca","BANCA_MESTRADO"
"Aa6b4ca8c","P019","Membro de banca","BANCA_MESTRADO"
"Ab5f7d858","P019","Membro de banca","BANCA_MESTRADO"
"A947e3d0b","P019","Membro de banca","BANCA_MESTRADO"
"A25f57496","P019","Membro de banca","BANCA_MESTRADO"
"A25f57496","P015","Membro de banca","BANCA_MESTRADO"
"Ae6ca3c79","P016","Membro de banca","BANCA_MESTRADO"
"Ae6ca3c79","P019","Membro de banca","BANCA_MESTRADO"
"A6e3644ac","P019","Membro de banca","BANCA_MESTRADO"
"A6e35cd96","P019","Membro de banca","BANCA_MESTRADO"
"A30df6448","P019","Membro de banca","BANCA_MESTRADO"
"Add14c835","P019","Membro de banca","BANCA_MESTRADO"
"A4f2faa37","P019","Membro de banca","BANCA_MESTRADO"
"A87a2c7cf","P019","Membro de banca","BANCA_MESTRADO"
"A87a2c7cf","P016","Membro de banca","BANCA_MESTRADO"
"A2315f1d9","P019","Membro de banca","BANCA_MESTRADO"
"A0774d898","P019","Membro de banca","BANCA_MESTRADO"
"Aabe91f34","P019","Membro de banca","BANCA_MESTRADO"
"Af3ab4441","P019","Membro de banca","BANCA_MESTRADO"
"A5450ad7e","P019","Membro de banca","BANCA_TCC"
"A431675b2","P019","Membro de banca","BANCA_TCC"
"Ac7a9db44","P019","Membro de banca","BANCA_TCC"
"Adfae0b60","P019","Membro de banca","BANCA_TCC"
"A0a7b2613","P019","Membro de banca","BANCA_TCC"
"Aff4b6d2a","P019","Membro de banca","BANCA_TCC"
"Af79772ab","P019","Membro de banca","BANCA_TCC"
"A234c45a1","P019","Membro de banca","BANCA_TCC"
"A09d9f3ad","P019","Membro de banca","BANCA_TCC"
"A0becb6f8","P019","Orientador","ORIENTACAO_MESTRADO"
"A8d53ae17","P019","Orientador","ORIENTACAO_MESTRADO"
"Ab389b8fa","P019","Orientador","ORIENTACAO_DOUTORADO"
"A402cf4c4","P019","Orientador","ORIENTACAO_DOUTORADO"
"Ad5bd3196","P019","Orientador","ORIENTACAO_DOUTORADO"
"A911e30ac","P019","Orientador","ORIENTACAO_POS_DOC"
"Ae3a058ee","P019","Orientador","ORIENTACAO_POS_DOC"
"A81e1af54","P019","Orientador","ORIENTACAO_POS_DOC"
"A102926cc","P019","Orientador","ORIENTACAO_IC"
"Ad64f0b77","P019","Orientador","ORIENTACAO_IC"
"Af6b017bf","P019","Orientador","ORIENTACAO_IC"
"A681f82c1","P019","Orientador","ORIENTACAO_MESTRADO"
"A24b48c16","P019","Orientador","ORIENTACAO_MESTRADO"
"A517f18f6","P019","Orientador","ORIENTACAO_MESTRADO"
"Aafdae5c2","P019","Orientador","ORIENTACAO_MESTRADO"
"A2ad54dd2","P019","Orientador","ORIENTACAO_MESTRADO"
"A6bc4eec5","P019","Orientador","ORIENTACAO_MESTRADO"
"Abc435b4d","P019","Orientador","ORIENTACAO_MESTRADO"
"A63488cfa","P019","Orientador","ORIENTACAO_MESTRADO"
"Ac7daafa2","P019","Orientador","ORIENTACAO_MESTRADO"
"Ad3b6c91b","P019","Orientador","ORIENTACAO_MESTRADO"
"A5a3173c6","P019","Orientador","ORIENTACAO_MESTRADO"
"A954b7f6a","P019","Orientador","ORIENTACAO_MESTRADO"
"A600ebe26","P019","Orientador","ORIENTACAO_MESTRADO"
"A46bc0910","P019","Coorientador","ORIENTACAO_MESTRADO"
"Ace7f0d8f","P019","Orientador","ORIENTACAO_MESTRADO"
"A06852d3e","P019","Orientador","ORIENTACAO_MESTRADO"
"Ada0e8f49","P019","Coorientador","ORIENTACAO_MESTRADO"
"A47c7b8f4","P019","Coorientador","ORIENTACAO_MESTRADO"
"Abc63aa1d","P019","Coorientador","ORIENTACAO_MESTRADO"
"Aaa8371e6","P019","Orientador","ORIENTACAO_DOUTORADO"
"A47b2e495","P019","Orientador","ORIENTACAO_DOUTORADO"
"A460fd20c","P019","Orientador","ORIENTACAO_DOUTORADO"
"A77c9be90","P019","Orientador","ORIENTACAO_DOUTORADO"
"A1e2abe51","P019","Orientador","ORIENTACAO_DOUTORADO"
"Ab02921d9","P019","Coorientador","ORIENTACAO_DOUTORADO"
"Aa06f51ec","P019","Orientador","ORIENTACAO_POS_DOC"
"A989cb9d8","P019","Orientador","ORIENTACAO_POS_DOC"
"Ab8dbfca1","P019","Orientador","ORIENTACAO_POS_DOC"
"A5897b846","P019","Orientador","ORIENTACAO_TCC"
"A10ddde66","P019","Orientador","ORIENTACAO_TCC"
"Adb73c4c6","P019","Orientador","ORIENTACAO_TCC"
"Aad76a54a","P019","Orientador","ORIENTACAO_TCC"
"Aa1920e1d","P019","Orientador","ORIENTACAO_TCC"
"A1dfffe70","P019","Orientador","ORIENTACAO_TCC"
"Aaaf6ec20","P019","Orientador","ORIENTACAO_TCC"
"Ab9b308f6","P019","Orientador","ORIENTACAO_TCC"
"A403b62b5","P019","Orientador","ORIENTACAO_IC"
"A22cb6da9","P019","Orientador","ORIENTACAO_IC"
"A62846605","P019","Orientador","ORIENTACAO_IC"
"A549afcbc","P019","Orientador","ORIENTACAO_IC"
"Af20c96b8","P019","Orientador","ORIENTACAO_IC"
"A6cd181a8","P019","Orientador","ORIENTACAO_IC"
"A3d647a62","P019","Orientador","ORIENTACAO_IC"
"Ae549fcc5","P019","Orientador","ORIENTACAO_IC"
"Aebae8e73","P019","Orientador","ORIENTACAO_IC"
"Ae4fdfece","P019","Orientador","ORIENTACAO_IC"
"A3012dd26","P019","Orientador","ORIENTACAO_OUTRA"
"A7912e6f3","P019","Orientador","ORIENTACAO_OUTRA"
"A62c1a79c","P019","Orientador","ORIENTACAO_OUTRA"
"Aeefd8d1d","P019","Orientador","ORIENTACAO_OUTRA"
"A541862ab","P019","Orientador","ORIENTACAO_OUTRA"
"A60c0d478","P019","Orientador","ORIENTACAO_OUTRA"
